family,price_change_pct,elasticity_assumption,baseline_units_sim,baseline_revenue_sim,baseline_margin_sim,new_price_sim,volume_ratio_sim,new_units_sim,new_revenue_sim,new_cogs_sim,new_margin_sim,revenue_change_vs_baseline_pct,margin_change_vs_baseline_pct,below_cost_flag
AUTOMOTIVE,-20.0,-1.0,540268.13,7021705.112,2054596.408,10.397363415828359,1.25,675335.1625,7021705.112,6208885.879999999,812819.2320000008,0.0,-60.438983109523626,False
AUTOMOTIVE,-20.0,-1.5,540268.13,7021705.112,2054596.408,10.397363415828359,1.3975424859373684,755047.6654729333,7850504.974194886,6941745.4461093,908759.5280855866,11.803398874989469,-55.76943848693876,False
AUTOMOTIVE,-20.0,-2.0,540268.13,7021705.112,2054596.408,10.397363415828359,1.5624999999999998,844168.9531249999,8777131.389999999,7761107.349999999,1016024.04,24.99999999999998,-50.548728886904584,False
AUTOMOTIVE,-15.0,-1.0,540268.13,7021705.112,2054596.408,11.04719862931763,1.1764705882352942,635609.5647058823,7021705.112,5843657.298823529,1178047.8131764708,0.0,-42.662811606722585,False
AUTOMOTIVE,-15.0,-1.5,540268.13,7021705.112,2054596.408,11.04719862931763,1.2760615165803304,689415.3693278191,7616108.523068791,6338336.265845599,1277772.2572231926,8.465228909328083,-37.80908735905896,False
AUTOMOTIVE,-15.0,-2.0,540268.13,7021705.112,2054596.408,11.04719862931763,1.384083044982699,747775.9584775087,8260829.543529412,6874890.939792388,1385938.6037370237,17.647058823529417,-32.54448424320307,False
AUTOMOTIVE,-10.0,-1.0,540268.13,7021705.112,2054596.408,11.697033842806905,1.1111111111111112,600297.9222222222,7021705.112,5519009.671111111,1502695.4408888891,0.0,-26.8617702708994,False
AUTOMOTIVE,-10.0,-1.5,540268.13,7021705.112,2054596.408,11.697033842806905,1.1712139482105108,632769.5696296096,7401527.070655904,5817546.996402633,1583980.0742532704,5.409255338946006,-22.905536674467385,False
AUTOMOTIVE,-10.0,-2.0,540268.13,7021705.112,2054596.408,11.697033842806905,1.2345679012345678,666997.6913580246,7801894.568888888,6132232.967901234,1669661.6009876542,11.111111111111093,-18.73530030099935,False
AUTOMOTIVE,-5.0,-1.0,540268.13,7021705.112,2054596.408,12.346869056296175,1.0526315789473684,568703.294736842,7021705.111999998,5228535.4778947355,1793169.6341052623,-2.220446049250313e-14,-12.723996444110286,False
AUTOMOTIVE,-5.0,-1.5,540268.13,7021705.112,2054596.408,12.346869056296175,1.0799772127212148,583477.2691595029,7204117.439637661,5364364.213429205,1839753.2262084559,2.5978352085153977,-10.456709695150224,False
AUTOMOTIVE,-5.0,-2.0,540268.13,7021705.112,2054596.408,12.346869056296175,1.10803324099723,598635.0470914128,7391268.538947368,5503721.555678671,1887546.9832686968,5.263157894736836,-8.13052257274769,False
AUTOMOTIVE,-2.0,-1.0,540268.13,7021705.112,2054596.408,12.736770184389739,1.0204081632653061,551294.0102040817,7021705.112,5068478.269387755,1953226.8426122451,0.0,-4.933794539552949,False
AUTOMOTIVE,-2.0,-1.5,540268.13,7021705.112,2054596.408,12.736770184389739,1.0307679026042966,556891.0472040455,7092993.285982065,5119936.220829626,1973057.0651524393,1.0152544552210596,-3.968630653206162,False
AUTOMOTIVE,-2.0,-2.0,540268.13,7021705.112,2054596.408,12.736770184389739,1.0412328196584757,562544.908371512,7165005.216326531,5171916.601416077,1993088.6149104536,2.0408163265306145,-2.9936678975030384,False
AUTOMOTIVE,2.0,-1.0,540268.13,7021705.112,2054596.408,13.256638355181158,0.9803921568627451,529674.6372549019,7021705.112,4869714.415686274,2151990.696313726,0.0,4.740312400746971,False
AUTOMOTIVE,2.0,-1.5,540268.13,7021705.112,2054596.408,13.256638355181158,0.9707328852712493,524456.0406550025,6952524.064153554,4821735.763689856,2130788.300463698,-0.98524570233256,3.7083629742088897,False
AUTOMOTIVE,2.0,-2.0,540268.13,7021705.112,2054596.408,13.256638355181158,0.9611687812379853,519288.8600538254,6884024.6196078425,4774229.819300269,2109794.8003075738,-1.9607843137254943,2.686580785046022,False
AUTOMOTIVE,5.0,-1.0,540268.13,7021705.112,2054596.408,13.646539483274722,0.9523809523809523,514541.0761904762,7021705.112000001,4730579.718095237,2291125.3939047633,2.220446049250313e-14,11.512187258956953,False
AUTOMOTIVE,5.0,-1.5,540268.13,7021705.112,2054596.408,13.646539483274722,0.9294286409033649,502140.67378930247,6852482.531023889,4616573.091977994,2235909.439045895,-2.4099927051466685,8.824751680666566,False
AUTOMOTIVE,5.0,-2.0,540268.13,7021705.112,2054596.408,13.646539483274722,0.9070294784580498,490039.12018140586,6687338.201904762,4505314.01723356,2182024.1846712017,-4.761904761904767,6.202083103768463,False
AUTOMOTIVE,10.0,-1.0,540268.13,7021705.112,2054596.408,14.296374696763994,0.9090909090909091,491152.84545454546,7021705.112000001,4515553.367272727,2506151.7447272735,2.220446049250313e-14,21.977812039826826,False
AUTOMOTIVE,10.0,-1.5,540268.13,7021705.112,2054596.408,14.296374696763994,0.8667841720414474,468295.8637424311,6694933.1370065315,4305411.205436507,2389521.931570024,-4.653741075440765,16.301280498005433,False
AUTOMOTIVE,10.0,-2.0,540268.13,7021705.112,2054596.408,14.296374696763994,0.8264462809917354,446502.5867768595,6383368.283636363,4105048.515702479,2278319.767933884,-9.090909090909093,10.888920036206162,False
AUTOMOTIVE,15.0,-1.0,540268.13,7021705.112,2054596.408,14.946209910253264,0.8695652173913044,469798.3739130435,7021705.112,4319224.96,2702480.152,0.0,31.533382491925387,False
AUTOMOTIVE,15.0,-1.5,540268.13,7021705.112,2054596.408,14.946209910253264,0.8108737462959251,438089.2425773939,6547773.778985591,4027698.0430715773,2520075.7359140133,-6.749519175968621,22.6555116178327,False
AUTOMOTIVE,15.0,-2.0,540268.13,7021705.112,2054596.408,14.946209910253264,0.7561436672967865,408520.325141777,6105830.532173913,3755847.791304348,2349982.740869565,-13.043478260869568,14.376854340804668,False
AUTOMOTIVE,20.0,-1.0,540268.13,7021705.112,2054596.408,15.596045123742538,0.8333333333333334,450223.4416666667,7021705.112000001,4139257.2533333334,2882447.8586666672,2.220446049250313e-14,40.29265540634914,False
AUTOMOTIVE,20.0,-1.5,540268.13,7021705.112,2054596.408,15.596045123742538,0.7607257743127308,410995.8915307411,6409910.469986232,3778607.614945905,2631302.855040327,-8.712907082472299,28.069086697260847,False
AUTOMOTIVE,20.0,-2.0,540268.13,7021705.112,2054596.408,15.596045123742538,0.6944444444444445,375186.20138888893,5851420.926666667,3449381.0444444446,2402039.882222222,-16.666666666666664,16.9105461719576,False
BABY CARE,-20.0,-1.0,8887.16,84028.319,26370.3,7.564019911872861,1.25,11108.95,84028.31900000002,72072.52375000001,11955.79525000001,2.220446049250313e-14,-54.66189140813715,False
BABY CARE,-20.0,-1.5,8887.16,84028.319,26370.3,7.564019911872861,1.3975424859373684,12420.183679323143,93946.51665951859,80579.53120748402,13366.985452034569,11.80339887498949,-49.31045360866365,False
BABY CARE,-20.0,-2.0,8887.16,84028.319,26370.3,7.564019911872861,1.5624999999999998,13886.187499999998,105035.39875000001,90090.65468749999,14944.744062500016,25.0,-43.32736426017142,False
BABY CARE,-15.0,-1.0,8887.16,84028.319,26370.3,8.036771156364914,1.1764705882352942,10455.482352941177,84028.31900000002,67832.96352941178,16195.355470588242,2.220446049250313e-14,-38.58486452339093,False
BABY CARE,-15.0,-1.5,8887.16,84028.319,26370.3,8.036771156364914,1.2760615165803304,11340.56286769205,91141.50855201043,73575.17916815751,17566.32938385292,8.465228909328083,-33.38593272032202,False
BABY CARE,-15.0,-2.0,8887.16,84028.319,26370.3,8.036771156364914,1.384083044982699,12300.567474048443,98856.84588235295,79803.48650519032,19053.359377162633,17.647058823529417,-27.746899439283457,False
BABY CARE,-10.0,-1.0,8887.16,84028.319,26370.3,8.509522400856968,1.1111111111111112,9874.622222222222,84028.319,64064.46555555556,19963.853444444445,0.0,-24.294173959172085,False
BABY CARE,-10.0,-1.5,8887.16,84028.319,26370.3,8.509522400856968,1.1712139482105108,10408.765751978523,88573.62533173406,67529.87607898665,21043.74925274741,5.409255338945984,-20.199052522165427,False
BABY CARE,-10.0,-2.0,8887.16,84028.319,26370.3,8.509522400856968,1.2345679012345678,10971.802469135802,93364.7988888889,71182.73950617285,22182.05938271605,11.111111111111116,-15.882415510191205,False
BABY CARE,-5.0,-1.0,8887.16,84028.319,26370.3,8.982273645349022,1.0526315789473684,9354.905263157894,84028.319,60692.65157894737,23335.667421052633,0.0,-11.5077666122394,False
BABY CARE,-5.0,-1.5,8887.16,84028.319,26370.3,8.982273645349022,1.0799772127212148,9597.930285807472,86211.23625610565,62269.34665064685,23941.889605458804,2.59783520851542,-9.20888421649051,False
BABY CARE,-5.0,-2.0,8887.16,84028.319,26370.3,8.982273645349022,1.10803324099723,9847.268698060941,88450.86210526316,63887.001662049865,24563.8604432133,5.263157894736836,-6.850280644462514,False
BABY CARE,-2.0,-1.0,8887.16,84028.319,26370.3,9.265924392044253,1.0204081632653061,9068.530612244898,84028.319,58834.71326530613,25193.605734693876,0.0,-4.462195216990795,False
BABY CARE,-2.0,-1.5,8887.16,84028.319,26370.3,9.265924392044253,1.0307679026042966,9160.5992733088,84881.42025229488,59432.03531294868,25449.384939346193,1.0152544552210596,-3.4922433975108635,False
BABY CARE,-2.0,-2.0,8887.16,84028.319,26370.3,9.265924392044253,1.0412328196584757,9253.602665556018,85743.18265306123,60035.42169929196,25707.76095376927,2.0408163265306145,-2.512444098970168,False
BABY CARE,2.0,-1.0,8887.16,84028.319,26370.3,9.644125387637898,0.9803921568627451,8712.901960784313,84028.319,56527.46960784314,27500.849392156866,0.0,4.287207169265672,False
BABY CARE,2.0,-1.5,8887.16,84028.319,26370.3,9.644125387637898,0.9707328852712493,8627.058468667236,83200.4335983102,55970.535142894514,27229.898455415692,-0.98524570233256,3.259721942547844,False
BABY CARE,2.0,-2.0,8887.16,84028.319,26370.3,9.644125387637898,0.9611687812379853,8542.060745866973,82380.7049019608,55419.087850826596,26961.6170511342,-1.9607843137254832,2.2423599698683683,False
BABY CARE,5.0,-1.0,8887.16,84028.319,26370.3,9.92777613433313,0.9523809523809523,8463.961904761903,84028.319,54912.399047619045,29115.91995238096,0.0,10.411788839645197,False
BABY CARE,5.0,-1.5,8887.16,84028.319,26370.3,9.92777613433313,0.9294286409033649,8259.981040290748,82003.24264184262,53589.01423635039,28414.228405492227,-2.4099927051466796,7.750872782987783,False
BABY CARE,5.0,-2.0,8887.16,84028.319,26370.3,9.92777613433313,0.9070294784580498,8060.9160997732415,80026.97047619047,52297.522902494326,27729.447573696147,-4.761904761904767,5.154084609185894,False
BABY CARE,10.0,-1.0,8887.16,84028.319,26370.3,10.400527378825183,0.9090909090909091,8079.236363636363,84028.31900000002,52416.38090909091,31611.938090909105,2.220446049250313e-14,19.877051421140845,False
BABY CARE,10.0,-1.5,8887.16,84028.319,26370.3,10.400527378825183,0.8667841720414474,7703.24962239987,80117.85860369459,49977.05826046505,30140.800343229545,-4.6537410754407755,14.298283839127901,False
BABY CARE,10.0,-2.0,8887.16,84028.319,26370.3,10.400527378825183,0.8264462809917354,7344.7603305785115,76389.3809090909,47651.25537190082,28738.125537190084,-9.090909090909093,8.979137655582559,False
BABY CARE,15.0,-1.0,8887.16,84028.319,26370.3,10.873278623317235,0.8695652173913044,7727.965217391305,84028.319,50137.40782608696,33890.911173913046,0.0,28.519247691202022,False
BABY CARE,15.0,-1.5,8887.16,84028.319,26370.3,10.873278623317235,0.8108737462959251,7206.364723131293,78356.81149585092,46753.37387053163,31603.437625319297,-6.74951917596861,19.844816423473755,False
BABY CARE,15.0,-2.0,8887.16,84028.319,26370.3,10.873278623317235,0.7561436672967865,6719.9697542533095,73068.10347826088,43597.7459357278,29470.35754253308,-13.043478260869556,11.755867557566946,False
BABY CARE,20.0,-1.0,8887.16,84028.319,26370.3,11.34602986780929,0.8333333333333334,7405.966666666667,84028.31900000002,48048.349166666674,35979.96983333334,2.220446049250313e-14,36.44126093875817,False
BABY CARE,20.0,-1.5,8887.16,84028.319,26370.3,11.34602986780929,0.7607257743127308,6760.6916724411285,76707.00964256658,43861.94114911315,32845.06849345344,-8.712907082472299,24.553260651010554,False
BABY CARE,20.0,-2.0,8887.16,84028.319,26370.3,11.34602986780929,0.6944444444444445,6171.63888888889,70023.59916666668,40040.290972222225,29983.308194444457,-16.66666666666665,13.701050782298484,False
BEAUTY,-20.0,-1.0,331021.53,2115814.383,886280.482,5.11341817071536,1.25,413776.91250000003,2115814.383,1536917.37625,578897.00675,0.0,-34.682415047249116,False
BEAUTY,-20.0,-1.5,331021.53,2115814.383,886280.482,5.11341817071536,1.3975424859373684,462616.65193499124,2365552.3940798873,1718325.8645478103,647226.529532077,11.803398874989469,-26.972719959765847,False
BEAUTY,-20.0,-2.0,331021.53,2115814.383,886280.482,5.11341817071536,1.5624999999999998,517221.14062499994,2644767.9787499993,1921146.7203124997,723621.2584374996,24.99999999999998,-18.35301880906144,False
BEAUTY,-15.0,-1.0,331021.53,2115814.383,886280.482,5.43300680638507,1.1764705882352942,389437.0941176471,2115814.3829999994,1446510.4717647058,669303.9112352936,-2.220446049250313e-14,-24.481704739234722,False
BEAUTY,-15.0,-1.5,331021.53,2115814.383,886280.482,5.43300680638507,1.2760615165803304,422403.8355925414,2294922.9138174374,1568960.8943969898,725962.0194204475,8.465228909328083,-18.08890817698865,False
BEAUTY,-15.0,-2.0,331021.53,2115814.383,886280.482,5.43300680638507,1.384083044982699,458161.2871972319,2489193.3917647055,1701777.0256055365,787416.366159169,17.64705882352939,-11.15494675204085,False
BEAUTY,-10.0,-1.0,331021.53,2115814.383,886280.482,5.752595442054781,1.1111111111111112,367801.70000000007,2115814.3830000004,1366148.7788888891,749665.6041111113,2.220446049250313e-14,-15.414406687666249,False
BEAUTY,-10.0,-1.5,331021.53,2115814.383,886280.482,5.752595442054781,1.1712139482105108,387697.03309398406,2230264.185474614,1440047.2546488813,790216.9308257329,5.409255338945962,-10.838955965439744,False
BEAUTY,-10.0,-2.0,331021.53,2115814.383,886280.482,5.752595442054781,1.2345679012345678,408668.55555555556,2350904.8699999996,1517943.087654321,832961.7823456787,11.111111111111093,-6.016007430740345,False
BEAUTY,-5.0,-1.0,331021.53,2115814.383,886280.482,6.07218407772449,1.0526315789473684,348443.7157894737,2115814.3829999994,1294246.2115789473,821568.1714210522,-2.220446049250313e-14,-7.301561062578809,False
BEAUTY,-5.0,-1.5,331021.53,2115814.383,886280.482,6.07218407772449,1.0799772127212148,357495.709320112,2170779.7539884066,1327868.595348222,842911.1586401847,2.5978352085153977,-4.893408378118302,False
BEAUTY,-5.0,-2.0,331021.53,2115814.383,886280.482,6.07218407772449,1.10803324099723,366782.8587257618,2227173.034736842,1362364.4332409974,864808.6014958445,5.263157894736836,-2.422695855346102,False
BEAUTY,-2.0,-1.0,331021.53,2115814.383,886280.482,6.263937259126316,1.0204081632653061,337777.0714285715,2115814.383,1254626.4295918369,861187.953408163,0.0,-2.8312175548774965,False
BEAUTY,-2.0,-1.5,331021.53,2115814.383,886280.482,6.263937259126316,1.0307679026042966,341206.3681949653,2137295.2827876154,1267364.080314649,869931.2024729664,1.0152544552210596,-1.8447071620193434,False
BEAUTY,-2.0,-2.0,331021.53,2115814.383,886280.482,6.263937259126316,1.0412328196584757,344670.48104956275,2158994.268367347,1280231.0506039152,878763.2177634316,2.0408163265306145,-0.8481811784464388,False
BEAUTY,2.0,-1.0,331021.53,2115814.383,886280.482,6.519608167662084,0.9803921568627451,324530.9117647059,2115814.383,1205425.393137255,910388.9898627449,0.0,2.7201894154704975,False
BEAUTY,2.0,-1.5,331021.53,2115814.383,886280.482,6.519608167662084,0.9707328852712493,321333.48490380344,2094968.412722158,1193548.9912565446,901419.4214656134,-0.9852457023325711,1.7081431638267253,False
BEAUTY,2.0,-2.0,331021.53,2115814.383,886280.482,6.519608167662084,0.9611687812379853,318167.5605536332,2074327.8264705876,1181789.6011149557,892538.2253556319,-1.9607843137255165,0.7060680543828024,False
BEAUTY,5.0,-1.0,331021.53,2115814.383,886280.482,6.71136134906391,0.9523809523809523,315258.60000000003,2115814.383,1170984.6676190477,944829.7153809522,0.0,6.606174294714107,False
BEAUTY,5.0,-1.5,331021.53,2115814.383,886280.482,6.71136134906391,0.9294286409033649,307660.89073765243,2064823.4107152554,1142764.0225510423,922059.3881642132,-2.4099927051466907,4.036973270975541,False
BEAUTY,5.0,-2.0,331021.53,2115814.383,886280.482,6.71136134906391,0.9070294784580498,300246.28571428574,2015061.317142857,1115223.4929705216,899837.8241723354,-4.761904761904767,1.52968980448962,False
BEAUTY,10.0,-1.0,331021.53,2115814.383,886280.482,7.0309499847336205,0.9090909090909091,300928.66363636364,2115814.383,1117758.0918181818,998056.2911818181,0.0,12.611787289908772,False
BEAUTY,10.0,-1.5,331021.53,2115814.383,886280.482,7.0309499847336205,0.8667841720414474,286924.2228089432,2017349.859978245,1065740.524375176,951609.335603069,-4.6537410754407755,7.371126289010288,False
BEAUTY,10.0,-2.0,331021.53,2115814.383,886280.482,7.0309499847336205,0.8264462809917354,273571.5123966942,1923467.6209090906,1016143.7198347107,907323.9010743799,-9.090909090909104,2.3743520817352204,False
BEAUTY,15.0,-1.0,331021.53,2115814.383,886280.482,7.35053862040333,0.8695652173913044,287844.80869565223,2115814.383,1069159.9139130437,1046654.4690869562,0.0,18.095173068129956,False
BEAUTY,15.0,-1.5,331021.53,2115814.383,886280.482,7.35053862040333,0.8108737462959251,268416.668135709,1973007.085491513,996996.7605017133,976010.3249897996,-6.74951917596861,10.1243167160032,False
BEAUTY,15.0,-2.0,331021.53,2115814.383,886280.482,7.35053862040333,0.7561436672967865,250299.83364839325,1839838.5939130434,929704.2729678641,910134.3209451793,-13.043478260869568,2.6914548418521367,False
BEAUTY,20.0,-1.0,331021.53,2115814.383,886280.482,7.67012725607304,0.8333333333333334,275851.275,2115814.383,1024611.5841666667,1091202.7988333332,0.0,23.121610031499394,False
BEAUTY,20.0,-1.5,331021.53,2115814.383,886280.482,7.67012725607304,0.7607257743127308,251816.60972343487,1931465.441771625,935338.1288819775,996127.3128896476,-8.71290708247231,12.394138551010947,False
BEAUTY,20.0,-2.0,331021.53,2115814.383,886280.482,7.67012725607304,0.6944444444444445,229876.06250000006,1763178.6525,853842.9868055556,909335.6656944444,-16.666666666666664,2.6013416929161703,False
BEVERAGES,-20.0,-1.0,213992645.703,240999896.131,56544281.734,0.9009651535987206,1.25,267490807.12875003,240999896.13100004,230569517.99625003,10430378.134750009,2.220446049250313e-14,-81.5536110551065,False
BEVERAGES,-20.0,-1.5,213992645.703,240999896.131,56544281.734,0.9009651535987206,1.3975424859373684,299063814.04808515,269446075.1596523,257784557.88948804,11661517.270164251,11.80339887498949,-79.37631018990874,False
BEVERAGES,-20.0,-2.0,213992645.703,240999896.131,56544281.734,0.9009651535987206,1.5624999999999998,334363508.9109375,301249870.16375,288211897.4953125,13037972.66843748,25.0,-76.94201381888318,False
BEVERAGES,-15.0,-1.0,213992645.703,240999896.131,56544281.734,0.9572754756986407,1.1764705882352942,251756053.76823533,240999896.13100004,217006605.1729412,23993290.958058834,2.220446049250313e-14,-57.56725486242811,False
BEVERAGES,-15.0,-1.5,213992645.703,240999896.131,56544281.734,0.9572754756986407,1.2760615165803304,273067780.0128075,261401089.00973207,235376711.04919243,26024377.96053964,8.465228909328083,-53.975225854020856,False
BEVERAGES,-15.0,-2.0,213992645.703,240999896.131,56544281.734,0.9572754756986407,1.384083044982699,296183592.66851217,283529289.5658824,255301888.43875438,28227401.127128005,17.647058823529417,-50.07912336756255,False
BEVERAGES,-10.0,-1.0,213992645.703,240999896.131,56544281.734,1.0135857977985607,1.1111111111111112,237769606.33666667,240999896.131,204950682.66333333,36049213.467666686,0.0,-36.246049357825086,False
BEVERAGES,-10.0,-1.5,213992645.703,240999896.131,56544281.734,1.0135857977985607,1.1712139482105108,250631171.46182364,254036195.87932038,216036988.40750593,37999207.47181445,5.409255338945984,-32.7974353789243,False
BEVERAGES,-10.0,-2.0,213992645.703,240999896.131,56544281.734,1.0135857977985607,1.2345679012345678,264188451.48518518,267777662.36777776,227722980.73703703,40054681.63074073,11.111111111111093,-29.16227706425014,False
BEVERAGES,-5.0,-1.0,213992645.703,240999896.131,56544281.734,1.0698961198984807,1.0526315789473684,225255416.5294737,240999896.13099998,194163804.62842107,46836091.502578914,-1.1102230246251565e-14,-17.169181274759325,False
BEVERAGES,-5.0,-1.5,213992645.703,240999896.131,56544281.734,1.0698961198984807,1.0799772127212148,231107181.04916438,247260676.28517666,199207860.30725124,48052815.97792542,2.5978352085153977,-15.017373102413412,False
BEVERAGES,-5.0,-2.0,213992645.703,240999896.131,56544281.734,1.0698961198984807,1.10803324099723,237110964.76786706,253684101.1905263,204382952.24044323,49301148.95008308,5.263157894736836,-12.809664499746642,False
BEVERAGES,-2.0,-1.0,213992645.703,240999896.131,56544281.734,1.1036823131584328,1.0204081632653061,218359842.55408165,240999896.131,188220014.69081634,52779881.44018367,0.0,-6.657437637151553,False
BEVERAGES,-2.0,-1.5,213992645.703,240999896.131,56544281.734,1.1036823131584328,1.0307679026042966,220576750.58402568,243446658.31354815,190130926.7755826,53315731.537965536,1.0152544552210818,-5.709773114145222,False
BEVERAGES,-2.0,-2.0,213992645.703,240999896.131,56544281.734,1.1036823131584328,1.0412328196584757,222816165.8715119,245918261.3581633,192061239.48042485,53857021.877738446,2.0408163265306145,-4.752487384848514,False
BEVERAGES,2.0,-1.0,213992645.703,240999896.131,56544281.734,1.1487305708383688,0.9803921568627451,209796711.4735294,240999896.13099998,180838837.64411762,60161058.48688236,-1.1102230246251565e-14,6.396361651380911,False
BEVERAGES,2.0,-1.5,213992645.703,240999896.131,56544281.734,1.1487305708383688,0.9707328852712493,207729698.3901014,238625455.01174337,179057130.7680808,59568324.243662566,-0.9852457023325711,5.348096070772468,False
BEVERAGES,2.0,-2.0,213992645.703,240999896.131,56544281.734,1.1487305708383688,0.9611687812379853,205683050.4642445,236274407.9715686,177292978.08246827,58981429.88910034,-1.9607843137255054,4.310158481745985,False
BEVERAGES,5.0,-1.0,213992645.703,240999896.131,56544281.734,1.182516764098321,0.9523809523809523,203802519.71714285,240999896.131,175672013.71142855,65327882.41957146,0.0,15.534021153353672,False
BEVERAGES,5.0,-1.5,213992645.703,240999896.131,56544281.734,1.182516764098321,0.9294286409033649,198890893.85905457,235191816.21483183,171438330.99599886,63753485.21883297,-2.4099927051466796,12.749659671595204,False
BEVERAGES,5.0,-2.0,213992645.703,240999896.131,56544281.734,1.182516764098321,0.9070294784580498,194097637.82585034,229523710.60095242,167306679.72517008,62217030.87578234,-4.761904761904756,10.032401098432086,False
BEVERAGES,10.0,-1.0,213992645.703,240999896.131,56544281.734,1.238827086198241,0.9090909090909091,194538768.82090908,240999896.13099998,167686922.1790909,73312973.9519091,-1.1102230246251565e-14,29.655858565493286,False
BEVERAGES,10.0,-1.5,213992645.703,240999896.131,56544281.734,1.238827086198241,0.8667841720414474,185485438.22863367,229784384.97298205,159883207.00350013,69901177.96948192,-4.6537410754407755,23.62201061871556,False
BEVERAGES,10.0,-2.0,213992645.703,240999896.131,56544281.734,1.238827086198241,0.8264462809917354,176853426.20082644,219090814.66454545,152442656.52644628,66648158.138099164,-9.090909090909093,17.8689623322666,False
BEVERAGES,15.0,-1.0,213992645.703,240999896.131,56544281.734,1.2951374082981608,0.8695652173913044,186080561.4808696,240999896.131,160396186.43217394,80603709.69882607,0.0,42.54971011570774,False
BEVERAGES,15.0,-1.5,213992645.703,240999896.131,56544281.734,1.2951374082981608,0.8108737462959251,173521018.30096823,224733561.92757374,149570215.071412,75163346.85616174,-6.74951917596861,32.92829009616038,False
BEVERAGES,15.0,-2.0,213992645.703,240999896.131,56544281.734,1.2951374082981608,0.7561436672967865,161809183.89640835,209565127.0704348,139474944.7236295,70090182.3468053,-13.043478260869556,23.956269665832842,False
BEVERAGES,20.0,-1.0,213992645.703,240999896.131,56544281.734,1.351447730398081,0.8333333333333334,178327204.75250003,240999896.13100004,153713011.99750003,87286884.13350001,2.220446049250313e-14,54.3690740367377,False
BEVERAGES,20.0,-1.5,213992645.703,240999896.131,56544281.734,1.351447730398081,0.7607257743127308,162789721.09964454,220001799.11225122,140320140.0884883,79681659.02376291,-8.712907082472299,40.9190400518439,False
BEVERAGES,20.0,-2.0,213992645.703,240999896.131,56544281.734,1.351447730398081,0.6944444444444445,148606003.9604167,200833246.7758334,128094176.66458337,72739070.11125003,-16.66666666666664,28.6408950306148,False
BOOKS,-20.0,-1.0,5736.16,59079.306,20781.591,8.239561797439402,1.25,7170.2,59079.306,47872.143749999996,11207.162250000001,0.0,-46.07168310645705,False
BOOKS,-20.0,-1.5,5736.16,59079.306,20781.591,8.239561797439402,1.3975424859373684,8016.527306134495,66052.67213975558,53522.68382682084,12529.988312934744,11.803398874989469,-39.706308756943855,False
BOOKS,-20.0,-2.0,5736.16,59079.306,20781.591,8.239561797439402,1.5624999999999998,8962.749999999998,73849.13249999998,59840.179687499985,14008.952812499992,24.99999999999998,-32.58960388307136,False
BOOKS,-15.0,-1.0,5736.16,59079.306,20781.591,8.754534409779364,1.1764705882352942,6748.423529411764,59079.30599999999,45056.135294117645,14023.170705882345,-1.1102230246251565e-14,-32.5211880751462,False
BOOKS,-15.0,-1.5,5736.16,59079.306,20781.591,8.754534409779364,1.2760615165803304,7319.693028947428,64080.50449094239,48870.240284461266,15210.264206481123,8.46522890932806,-26.80895218041236,False
BOOKS,-15.0,-2.0,5736.16,59079.306,20781.591,8.754534409779364,1.384083044982699,7939.321799307959,69505.06588235294,53007.21799307958,16497.847889273355,17.647058823529417,-20.613162441348432,False
BOOKS,-10.0,-1.0,5736.16,59079.306,20781.591,9.269507022119328,1.1111111111111112,6373.511111111111,59079.306000000004,42553.01666666666,16526.28933333334,2.220446049250313e-14,-20.476303602869763,False
BOOKS,-10.0,-1.5,5736.16,59079.306,20781.591,9.269507022119328,1.1712139482105108,6718.2706011672035,62275.05651401723,44854.8179925909,17420.238521426334,5.409255338945984,-16.17466380978081,False
BOOKS,-10.0,-2.0,5736.16,59079.306,20781.591,9.269507022119328,1.2345679012345678,7081.6790123456785,65643.67333333332,47281.12962962962,18362.543703703705,11.111111111111093,-11.640337336522,False
BOOKS,-5.0,-1.0,5736.16,59079.306,20781.591,9.784479634459288,1.0526315789473684,6038.063157894736,59079.30599999998,40313.38421052631,18765.921789473672,-2.220446049250313e-14,-9.699301706622599,False
BOOKS,-5.0,-1.5,5736.16,59079.306,20781.591,9.784479634459288,1.0799772127212148,6194.922088522923,60614.08901221454,41360.659499291454,19253.42951292309,2.5978352085153977,-7.353438372821941,False
BOOKS,-5.0,-2.0,5736.16,59079.306,20781.591,9.784479634459288,1.10803324099723,6355.85595567867,62188.74315789472,42435.14127423822,19753.601883656498,5.263157894736814,-4.9466333753922065,False
BOOKS,-2.0,-1.0,5736.16,59079.306,20781.591,10.093463201863267,1.0204081632653061,5853.224489795918,59079.306,39079.30102040816,20000.00497959184,0.0,-3.760953722976079,False
BOOKS,-2.0,-1.5,5736.16,59079.306,20781.591,10.093463201863267,1.0307679026042966,5912.649612202662,59679.11128627868,39476.05536508711,20203.055921191575,1.0152544552210596,-2.783882517986347,False
BOOKS,-2.0,-2.0,5736.16,59079.306,20781.591,10.093463201863267,1.0412328196584757,5972.678050812162,60285.006122448984,39876.837775926695,20408.16834652229,2.0408163265306145,-1.7968915540572006,False
BOOKS,2.0,-1.0,5736.16,59079.306,20781.591,10.505441291735236,0.9803921568627451,5623.686274509803,59079.30599999999,37546.7794117647,21532.52658823529,-1.1102230246251565e-14,3.6134653416828977,False
BOOKS,2.0,-1.5,5736.16,59079.306,20781.591,10.505441291735236,0.9707328852712493,5568.27914717753,58497.22967666709,37176.85138124601,21320.378295421084,-0.98524570233256,2.5926181273661086,False
BOOKS,2.0,-2.0,5736.16,59079.306,20781.591,10.505441291735236,0.9611687812379853,5513.417916186082,57920.88823529411,36810.56805074971,21110.3201845444,-1.9607843137255054,1.5818287663557529,False
BOOKS,5.0,-1.0,5736.16,59079.306,20781.591,10.814424859139216,0.9523809523809523,5463.009523809524,59079.306000000004,36474.014285714286,22605.29171428572,2.220446049250313e-14,8.775558686944219,False
BOOKS,5.0,-1.5,5736.16,59079.306,20781.591,10.814424859139216,0.9294286409033649,5331.351392804245,57655.49903514871,35594.9932021544,22060.505832994306,-2.4099927051466907,6.154075657606328,False
BOOKS,5.0,-2.0,5736.16,59079.306,20781.591,10.814424859139216,0.9070294784580498,5202.866213151927,56266.00571428571,34737.15646258503,21528.84925170068,-4.761904761904767,3.5957701780420903,False
BOOKS,10.0,-1.0,5736.16,59079.306,20781.591,11.329397471479178,0.9090909090909091,5214.6909090909085,59079.30599999999,34816.10454545454,24263.20145454545,-1.1102230246251565e-14,16.75333931143892,False
BOOKS,10.0,-1.5,5736.16,59079.306,20781.591,11.329397471479178,0.8667841720414474,4972.012696297269,56329.908069592646,33195.85318735432,23134.054882238328,-4.653741075440787,11.319941202953743,False
BOOKS,10.0,-2.0,5736.16,59079.306,20781.591,11.329397471479178,0.8264462809917354,4740.628099173553,53708.45999999999,31651.0041322314,22057.455867768593,-9.090909090909104,6.139399374035381,False
BOOKS,15.0,-1.0,5736.16,59079.306,20781.591,11.844370083819138,0.8695652173913044,4987.965217391305,59079.30599999999,33302.360869565215,25776.945130434775,-1.1102230246251565e-14,24.03739988162974,False
BOOKS,15.0,-1.5,5736.16,59079.306,20781.591,11.844370083819138,0.8108737462959251,4651.301548552834,55091.73691250082,31054.611636623646,24037.125275877173,-6.749519175968621,15.665471791246265,False
BOOKS,15.0,-2.0,5736.16,59079.306,20781.591,11.844370083819138,0.7561436672967865,4337.361058601135,51373.30956521739,28958.574669187146,22414.73489603024,-13.043478260869568,7.858608592721517,False
BOOKS,20.0,-1.0,5736.16,59079.306,20781.591,12.359342696159102,0.8333333333333334,4780.133333333333,59079.30599999999,31914.762499999997,27164.543499999992,-1.1102230246251565e-14,30.714455404304665,False
BOOKS,20.0,-1.5,5736.16,59079.306,20781.591,12.359342696159102,0.7607257743127308,4363.644757581714,53931.78096325051,29134.05889778328,24797.722065467227,-8.71290708247231,19.32542636156793,False
BOOKS,20.0,-2.0,5736.16,59079.306,20781.591,12.359342696159102,0.6944444444444445,3983.444444444445,49232.755,26595.635416666668,22637.11958333333,-16.666666666666664,8.92871283692056,False
BREAD/BAKERY,-20.0,-1.0,41673014.108,87066986.597,23627364.442,1.6714315191381504,1.25,52091267.635000005,87066986.59700002,79299527.69375001,7767458.903250009,2.220446049250313e-14,-67.12515726281102,False
BREAD/BAKERY,-20.0,-1.5,41673014.108,87066986.597,23627364.442,1.6714315191381504,1.3975424859373684,58239807.73299735,97343850.31347756,88659567.25342606,8684283.0600515,11.80339887498949,-63.24480844501505,False
BREAD/BAKERY,-20.0,-2.0,41673014.108,87066986.597,23627364.442,1.6714315191381504,1.5624999999999998,65114084.543749996,108833733.24625,99124409.61718749,9709323.629062518,25.0,-58.90644657851374,False
BREAD/BAKERY,-15.0,-1.0,41673014.108,87066986.597,23627364.442,1.7758959890842845,1.1764705882352942,49027075.42117648,87066986.59700002,74634849.59411766,12432137.002882361,2.220446049250313e-14,-47.38246395021953,False
BREAD/BAKERY,-15.0,-1.5,41673014.108,87066986.597,23627364.442,1.7758959890842845,1.2760615165803304,53177329.58312799,94437406.31689006,80952860.45839243,13484545.858497635,8.465228909328083,-42.92826907715739,False
BREAD/BAKERY,-15.0,-2.0,41673014.108,87066986.597,23627364.442,1.7758959890842845,1.384083044982699,57678912.26020762,102431748.93764707,87805705.4048443,14626043.532802776,17.647058823529417,-38.097016412023,False
BREAD/BAKERY,-10.0,-1.0,41673014.108,87066986.597,23627364.442,1.880360459030419,1.1111111111111112,46303349.00888889,87066986.59700002,70488469.06111111,16578517.53588891,2.220446049250313e-14,-29.833403227915944,False
BREAD/BAKERY,-10.0,-1.5,41673014.108,87066986.597,23627364.442,1.880360459030419,1.1712139482105108,48808015.387263,91776662.21795762,74301370.33714055,17475291.88081707,5.409255338945984,-26.037912845865307,False
BREAD/BAKERY,-10.0,-2.0,41673014.108,87066986.597,23627364.442,1.880360459030419,1.2345679012345678,51448165.5654321,96741096.21888891,78320521.17901234,18420575.039876565,11.11111111111114,-22.03711469768438,False
BREAD/BAKERY,-5.0,-1.0,41673014.108,87066986.597,23627364.442,1.9848249289765532,1.0526315789473684,43866330.64,87066986.597,66778549.6368421,20288436.9601579,0.0,-14.131612055328624,False
BREAD/BAKERY,-5.0,-1.5,41673014.108,87066986.597,23627364.442,1.9848249289765532,1.0799772127212148,45005905.622049704,89328843.42981026,68513346.31104393,20815497.118766323,2.5978352085153977,-11.900892840317411,False
BREAD/BAKERY,-5.0,-2.0,41673014.108,87066986.597,23627364.442,1.9848249289765532,1.10803324099723,46175084.884210534,91649459.57578948,70293210.14404432,21356249.431745157,5.2631578947368585,-9.612223216135407,False
BREAD/BAKERY,-2.0,-1.0,41673014.108,87066986.597,23627364.442,2.0475036109442337,1.0204081632653061,42523483.78367347,87066986.597,64734308.321428575,22332678.27557143,0.0,-5.479604674515192,False
BREAD/BAKERY,-2.0,-1.5,41673014.108,87066986.597,23627364.442,2.0475036109442337,1.0307679026042966,42955205.34730243,87950938.05745278,65391526.270718426,22559411.786734357,1.0152544552210818,-4.51998214988063,False
BREAD/BAKERY,-2.0,-2.0,41673014.108,87066986.597,23627364.442,2.0475036109442337,1.0412328196584757,43391309.98334028,88843863.8744898,66055416.654518954,22788447.219970845,2.0408163265306145,-3.55061701481143,False
BREAD/BAKERY,2.0,-1.0,41673014.108,87066986.597,23627364.442,2.1310751869011417,0.9803921568627451,40855896.18431373,87066986.59700002,62195707.99509804,24871278.60190198,2.220446049250313e-14,5.264718216691122,False
BREAD/BAKERY,2.0,-1.5,41673014.108,87066986.597,23627364.442,2.1310751869011417,0.9707328852712493,40453365.22300832,86209162.8534026,61582927.45504102,24626235.39836158,-0.9852457023325489,4.227602104388684,False
BREAD/BAKERY,2.0,-2.0,41673014.108,87066986.597,23627364.442,2.1310751869011417,0.9611687812379853,40054800.18069973,85359790.78137256,60976184.30891964,24383606.472452924,-1.9607843137254832,3.2007041340109232,False
BREAD/BAKERY,5.0,-1.0,41673014.108,87066986.597,23627364.442,2.1937538688688223,0.9523809523809523,39688584.864761904,87066986.59700002,60418687.76666666,26648298.83033336,2.220446049250313e-14,12.785744240535536,False
BREAD/BAKERY,5.0,-1.5,41673014.108,87066986.597,23627364.442,2.1937538688688223,0.9294286409033649,38732092.86474519,84968678.57142127,58962601.798944645,26006076.77247662,-2.4099927051466796,10.067616031893166,False
BREAD/BAKERY,5.0,-2.0,41673014.108,87066986.597,23627364.442,2.1937538688688223,0.9070294784580498,37798652.252154194,82920939.61619048,57541607.39682539,25379332.21936509,-4.761904761904767,7.414994514795703,False
BREAD/BAKERY,10.0,-1.0,41673014.108,87066986.597,23627364.442,2.298218338814957,0.9090909090909091,37884558.28,87066986.59700002,57672383.77727272,29394602.819727294,2.220446049250313e-14,24.409148095567733,False
BREAD/BAKERY,10.0,-1.5,41673014.108,87066986.597,23627364.442,2.298218338814957,0.8667841720414474,36121509.03007434,83015114.47858693,54988460.36424395,28026654.11434298,-4.653741075440743,18.61946846903839,False
BREAD/BAKERY,10.0,-2.0,41673014.108,87066986.597,23627364.442,2.298218338814957,0.8264462809917354,34440507.52727272,79151805.99727273,52429439.79752065,26722366.199752077,-9.090909090909093,13.099225541425174,False
BREAD/BAKERY,15.0,-1.0,41673014.108,87066986.597,23627364.442,2.4026828087610905,0.8695652173913044,36237403.572173916,87066986.597,55164888.830434784,31902097.76656522,0.0,35.021821180597065,False
BREAD/BAKERY,15.0,-1.5,41673014.108,87066986.597,23627364.442,2.4026828087610905,0.8108737462959251,33791553.0691969,81190383.64069746,51441524.08042282,29748859.560274646,-6.74951917596861,25.908497468270618,False
BREAD/BAKERY,15.0,-2.0,41673014.108,87066986.597,23627364.442,2.4026828087610905,0.7561436672967865,31510785.714933846,75710423.1278261,47969468.54820417,27740954.579621926,-13.043478260869556,17.410279287475696,False
BREAD/BAKERY,20.0,-1.0,41673014.108,87066986.597,23627364.442,2.507147278707225,0.8333333333333334,34727511.75666667,87066986.597,52866351.795833334,34200634.80116667,0.0,44.75010484187403,False
BREAD/BAKERY,20.0,-1.5,41673014.108,87066986.597,23627364.442,2.507147278707225,0.7607257743127308,31701735.925253656,79480920.95529477,48260155.68596944,31220765.26932533,-8.71290708247231,32.13816270522032,False
BREAD/BAKERY,20.0,-2.0,41673014.108,87066986.597,23627364.442,2.507147278707225,0.6944444444444445,28939593.130555563,72555822.16416669,44055293.163194455,28500529.000972234,-16.66666666666664,20.625087368228414,False
CELEBRATION,-20.0,-1.0,732647.56,3697151.837,1452039.166,4.037031761356032,1.25,915809.4500000001,3697151.8369999994,2806390.83875,890760.9982499992,-1.1102230246251565e-14,-38.654478535601754,False
CELEBRATION,-20.0,-1.5,732647.56,3697151.837,1452039.166,4.037031761356032,1.3975424859373684,1023906.0923183473,4133541.41533511,3137640.343438825,995901.0718962848,11.803398874989469,-31.41362194521654,False
CELEBRATION,-20.0,-2.0,732647.56,3697151.837,1452039.166,4.037031761356032,1.5624999999999998,1144761.8125,4621439.796249999,3507988.5484375,1113451.2478124988,24.99999999999998,-23.31809816950221,False
CELEBRATION,-15.0,-1.0,732647.56,3697151.837,1452039.166,4.289346246440784,1.1764705882352942,861938.305882353,3697151.8369999994,2641309.024705882,1055842.8122941172,-1.1102230246251565e-14,-27.28551426042476,False
CELEBRATION,-15.0,-1.5,732647.56,3697151.837,1452039.166,4.289346246440784,1.2760615165803304,934903.3565324787,4010124.203127478,2864901.8798499764,1145222.3232775014,8.465228909328083,-21.130066592329,False
CELEBRATION,-15.0,-2.0,732647.56,3697151.837,1452039.166,4.289346246440784,1.384083044982699,1014045.0657439448,4349590.396470589,3107422.382006921,1242168.0144636678,17.647058823529438,-14.453546188734979,False
CELEBRATION,-10.0,-1.0,732647.56,3697151.837,1452039.166,4.541660731525536,1.1111111111111112,814052.8444444445,3697151.8369999994,2494569.6344444444,1202582.202555555,-1.1102230246251565e-14,-17.179768238045245,False
CELEBRATION,-10.0,-1.5,732647.56,3697151.837,1452039.166,4.541660731525536,1.1712139482105108,858087.0413943972,3897140.220131861,2629507.2755793557,1267632.9445525054,5.409255338945962,-12.69981042973427,False
CELEBRATION,-10.0,-2.0,732647.56,3697151.837,1452039.166,4.541660731525536,1.2345679012345678,904503.1604938272,4107946.4855555547,2771744.038271605,1336202.4472839497,11.111111111111093,-7.97752026449473,False
CELEBRATION,-5.0,-1.0,732647.56,3697151.837,1452039.166,4.7939752166102885,1.0526315789473684,771207.9578947369,3697151.8369999994,2363276.495789474,1333875.3412105255,-1.1102230246251565e-14,-8.13778495486357,False
CELEBRATION,-5.0,-1.5,732647.56,3697151.837,1452039.166,4.7939752166102885,1.0799772127212148,791242.6697557991,3793197.74913386,2424670.524671662,1368527.224462198,2.59783520851542,-5.751355989098839,False
CELEBRATION,-5.0,-2.0,732647.56,3697151.837,1452039.166,4.7939752166102885,1.10803324099723,811797.8504155126,3891738.775789473,2487659.469252078,1404079.3065373953,5.263157894736836,-3.302931531435327,False
CELEBRATION,-2.0,-1.0,732647.56,3697151.837,1452039.166,4.9453639076611395,1.0204081632653061,747599.5510204083,3697151.837,2290931.2969387756,1406220.5400612243,0.0,-3.155467635559339,False
CELEBRATION,-2.0,-1.5,732647.56,3697151.837,1452039.166,4.9453639076611395,1.0307679026042966,755189.5887693557,3734687.3357414296,2314190.0789970006,1420497.256744429,1.0152544552210596,-2.172249206091381,False
CELEBRATION,-2.0,-2.0,732647.56,3697151.837,1452039.166,4.9453639076611395,1.0412328196584757,762856.6847147023,3772603.915306122,2337684.9968763017,1434918.9184298203,2.0408163265306145,-1.1790486077136286,False
CELEBRATION,2.0,-1.0,732647.56,3697151.837,1452039.166,5.1472154957289415,0.9803921568627451,718281.9215686275,3697151.8369999994,2201090.8539215685,1496060.9830784309,-1.1102230246251565e-14,3.0317238067138375,False
CELEBRATION,2.0,-1.5,732647.56,3697151.837,1452039.166,5.1472154957289415,0.9707328852712493,711205.0798057409,3660725.807417248,2179404.700878871,1481321.1065383768,-0.98524570233256,2.0166081758690613,False
CELEBRATION,2.0,-2.0,732647.56,3697151.837,1452039.166,5.1472154957289415,0.9611687812379853,704197.9623221838,3624658.6637254898,2157932.209727028,1466726.4539984618,-1.9607843137254943,1.0114939281508306,False
CELEBRATION,5.0,-1.0,732647.56,3697151.837,1452039.166,5.298604186779793,0.9523809523809523,697759.580952381,3697151.837,2138202.543809524,1558949.293190476,0.0,7.362757816305088,False
CELEBRATION,5.0,-1.5,732647.56,3697151.837,1452039.166,5.298604186779793,0.9294286409033649,680943.6259519665,3608050.747430103,2086672.0184824532,1521378.7289476497,-2.4099927051466907,4.775323184887825,False
CELEBRATION,5.0,-2.0,732647.56,3697151.837,1452039.166,5.298604186779793,0.9070294784580498,664532.9342403628,3521096.987619047,2036383.3750566894,1484713.6125623577,-4.761904761904767,2.250245539338147,False
CELEBRATION,10.0,-1.0,732647.56,3697151.837,1452039.166,5.550918671864545,0.9090909090909091,666043.2363636364,3697151.837,2041011.5190909093,1656140.3179090905,0.0,14.056174012946055,False
CELEBRATION,10.0,-1.5,732647.56,3697151.837,1452039.166,5.550918671864545,0.8667841720414474,635047.3086927867,3525095.963340117,1946028.1276724976,1579067.8356676195,-4.653741075440787,8.748294993829365,False
CELEBRATION,10.0,-2.0,732647.56,3697151.837,1452039.166,5.550918671864545,0.8264462809917354,605493.8512396694,3361047.1245454536,1855465.0173553715,1505582.107190082,-9.090909090909117,3.6874309208600353,False
CELEBRATION,15.0,-1.0,732647.56,3697151.837,1452039.166,5.803233156949296,0.8695652173913044,637084.8347826088,3697151.8369999994,1952271.887826087,1744879.9491739124,-1.1102230246251565e-14,20.16755401857475,False
CELEBRATION,15.0,-1.5,732647.56,3697151.837,1452039.166,5.803233156949296,0.8108737462959251,594084.6716917686,3447611.864797008,1820502.9223902207,1627108.9424067875,-6.749519175968633,12.056821916798599,False
CELEBRATION,15.0,-2.0,732647.56,3697151.837,1452039.166,5.803233156949296,0.7561436672967865,553986.8128544425,3214914.6408695653,1697627.7285444238,1517286.9123251415,-13.043478260869556,4.493525233543294,False
CELEBRATION,20.0,-1.0,732647.56,3697151.837,1452039.166,6.055547642034049,0.8333333333333334,610539.6333333334,3697151.837,1870927.2258333333,1826224.6111666665,0.0,25.769652357067784,False
CELEBRATION,20.0,-1.5,732647.56,3697151.837,1452039.166,6.055547642034049,0.7607257743127308,557343.8823793329,3375022.4327442716,1707915.0750657981,1667107.3576784735,-8.71290708247231,14.811459409248018,False
CELEBRATION,20.0,-2.0,732647.56,3697151.837,1452039.166,6.055547642034049,0.6944444444444445,508783.02777777787,3080959.8641666668,1559106.021527778,1521853.8426388889,-16.666666666666664,4.808043630889847,False
CLEANING,-20.0,-1.0,96160410.46,239760703.561,56072720.221,1.9946728797355426,1.25,120200513.07499999,239760703.56099996,229609979.17374998,10150724.387249976,-1.1102230246251565e-14,-81.89721428309021,False
CLEANING,-20.0,-1.5,96160410.46,239760703.561,56072720.221,1.9946728797355426,1.3975424859373684,134388259.0830261,268060615.7477859,256711760.87240794,11348854.875377953,11.803398874989469,-79.76047027743867,False
CLEANING,-20.0,-2.0,96160410.46,239760703.561,56072720.221,1.9946728797355426,1.5624999999999998,150250641.34374997,299700879.45124996,287012473.96718746,12688405.484062493,24.99999999999998,-77.37151785386271,False
CLEANING,-15.0,-1.0,96160410.46,239760703.561,56072720.221,2.119339934719014,1.1764705882352942,113129894.65882352,239760703.56099996,216103509.81058824,23657193.75041172,-1.1102230246251565e-14,-57.80979831695097,False
CLEANING,-15.0,-1.5,96160410.46,239760703.561,56072720.221,2.119339934719014,1.2760615165803304,122706599.20657466,260056995.95205414,234397166.5971468,25659829.354907334,8.465228909328083,-54.23830116717367,False
CLEANING,-15.0,-2.0,96160410.46,239760703.561,56072720.221,2.119339934719014,1.384083044982699,133093993.71626298,282071415.9541176,254239423.3065744,27831992.647543192,17.64705882352939,-50.364468608177624,False
CLEANING,-10.0,-1.0,96160410.46,239760703.561,56072720.221,2.2440069897024855,1.1111111111111112,106844900.51111111,239760703.561,204097759.26555556,35662944.29544443,0.0,-36.39876190260488,False
CLEANING,-10.0,-1.5,96160410.46,239760703.561,56072720.221,2.2440069897024855,1.1712139482105108,112624413.9963999,252729972.2190678,215137928.20529673,37592044.01377109,5.409255338945984,-32.95840853518579,False
CLEANING,-10.0,-2.0,96160410.46,239760703.561,56072720.221,2.2440069897024855,1.2345679012345678,118716556.12345678,266400781.7344444,226775288.0728395,39625493.66160491,11.111111111111093,-29.331957669560992,False
CLEANING,-5.0,-1.0,96160410.46,239760703.561,56072720.221,2.3686740446859567,1.0526315789473684,101221484.69473682,239760703.56099993,193355771.93578944,46404931.625210494,-2.220446049250313e-14,-17.24151879503215,False
CLEANING,-5.0,-1.5,96160410.46,239760703.561,56072720.221,2.3686740446859567,1.0799772127212148,103851052.06271875,245989291.5342919,198378836.25683418,47610455.277457714,2.5978352085153977,-15.09158983225689,False
CLEANING,-5.0,-2.0,96160410.46,239760703.561,56072720.221,2.3686740446859567,1.10803324099723,106548931.25761773,252379687.95894733,203532391.51135734,48847296.44758999,5.263157894736836,-12.885809257928582,False
CLEANING,-2.0,-1.0,96160410.46,239760703.561,56072720.221,2.4434742776760396,1.0204081632653061,98122867.81632653,239760703.561,187436717.69285715,52323985.86814284,0.0,-6.685486878614466,False
CLEANING,-2.0,-1.5,96160410.46,239760703.561,56072720.221,2.4434742776760396,1.0307679026042966,99119064.60342246,242194884.7857724,189339677.319954,52855207.465818405,1.0152544552210596,-5.738107126781755,False
CLEANING,-2.0,-2.0,96160410.46,239760703.561,56072720.221,2.4434742776760396,1.0412328196584757,100125375.32278217,244653779.14387754,191261956.82944608,53391822.31443146,2.0408163265306145,-4.781109059810706,False
CLEANING,2.0,-1.0,96160410.46,239760703.561,56072720.221,2.543207921662817,0.9803921568627451,94274912.21568626,239760703.56099996,180086258.17549017,59674445.38550979,-1.1102230246251565e-14,6.423310926087189,False
CLEANING,2.0,-1.5,96160410.46,239760703.561,56072720.221,2.543207921662817,0.9707328852712493,93346072.69470342,237398471.5332829,178311966.05632463,59086505.476958275,-0.9852457023325711,5.374779828907905,False
CLEANING,2.0,-2.0,96160410.46,239760703.561,56072720.221,2.543207921662817,0.9611687812379853,92426384.5251826,235059513.295098,176555155.07400998,58504358.22108802,-1.9607843137254943,4.336579339301139,False
CLEANING,5.0,-1.0,96160410.46,239760703.561,56072720.221,2.6180081546529,0.9523809523809523,91581343.29523808,239760703.56099996,174940936.51333332,64819767.04766664,-1.1102230246251565e-14,15.599469389378307,False
CLEANING,5.0,-1.5,96160410.46,239760703.561,56072720.221,2.6180081546529,0.9294286409033649,89374239.6025475,233982488.0953715,170724872.70504668,63257615.39032483,-2.4099927051466907,12.813530609906088,False
CLEANING,5.0,-2.0,96160410.46,239760703.561,56072720.221,2.6180081546529,0.9070294784580498,87220326.94784579,228343527.20095235,166610415.7269841,61733111.47396824,-4.761904761904767,10.094732751788893,False
CLEANING,10.0,-1.0,96160410.46,239760703.561,56072720.221,2.742675209636371,0.9090909090909091,87418554.96363635,239760703.56099996,166989075.76272726,72771627.7982727,-1.1102230246251565e-14,29.780805196282834,False
CLEANING,10.0,-1.5,96160410.46,239760703.561,56072720.221,2.742675209636371,0.8667841720414474,83350321.76373683,228602861.2166159,159217836.5524583,69385024.6641576,-4.653741075440799,23.741142556825622,False
CLEANING,10.0,-2.0,96160410.46,239760703.561,56072720.221,2.742675209636371,0.8264462809917354,79471413.60330577,217964275.96454543,151808250.6933884,66156025.27115703,-9.090909090909093,17.98255017843897,False
CLEANING,15.0,-1.0,96160410.46,239760703.561,56072720.221,2.8673422646198423,0.8695652173913044,83617748.22608696,239760703.561,159728681.16434783,80032022.39665216,0.0,42.728981367804366,False
CLEANING,15.0,-1.5,96160410.46,239760703.561,56072720.221,2.8673422646198423,0.8108737462959251,77973952.27505405,223578008.897713,148947763.1996384,74630245.69807461,-6.749519175968621,33.09546140071971,False
CLEANING,15.0,-2.0,96160410.46,239760703.561,56072720.221,2.8673422646198423,0.7561436672967865,72711085.41398866,208487568.31391305,138894505.36030248,69593062.95361057,-13.043478260869556,24.11215771113422,False
CLEANING,20.0,-1.0,96160410.46,239760703.561,56072720.221,2.992009319603314,0.8333333333333334,80133675.38333333,239760703.56099996,153073319.44916666,86687384.1118333,-1.1102230246251565e-14,54.598142858365726,False
CLEANING,20.0,-1.5,96160410.46,239760703.561,56072720.221,2.992009319603314,0.7607257743127308,73151702.70541352,218870576.23944822,139736183.35750479,79134392.88194343,-8.712907082472299,41.12815031988857,False
CLEANING,20.0,-2.0,96160410.46,239760703.561,56072720.221,2.992009319603314,0.6944444444444445,66778062.81944445,199800586.30083334,127561099.54097223,72239486.75986111,-16.666666666666664,28.831785715304804,False
DAIRY,-20.0,-1.0,63461344.602,112503107.558,25874407.461,1.4182253245791383,1.25,79326680.7525,112503107.558,108285875.12125,4217232.436749995,0.0,-83.70114390790766,False
DAIRY,-20.0,-1.5,63461344.602,112503107.558,25874407.461,1.4182253245791383,1.3975424859373684,88689925.29600707,125782298.08982915,121067288.88708413,4715009.20274502,11.803398874989446,-81.77732491129753,False
DAIRY,-20.0,-2.0,63461344.602,112503107.558,25874407.461,1.4182253245791383,1.5624999999999998,99158350.94062498,140628884.44749996,135357343.90156248,5271540.545937479,24.99999999999998,-79.62642988488462,False
DAIRY,-15.0,-1.0,63461344.602,112503107.558,25874407.461,1.5068644073653343,1.1764705882352942,74660405.41411765,112503107.55799998,101916117.76117648,10586989.796823502,-1.1102230246251565e-14,-59.08316040558197,False
DAIRY,-15.0,-1.5,63461344.602,112503107.558,25874407.461,1.5068644073653343,1.2760615165803304,80980579.63705508,122026753.14289227,110543550.42516045,11483202.717731819,8.465228909328083,-55.619456271451895,False
DAIRY,-15.0,-2.0,63461344.602,112503107.558,25874407.461,1.5068644073653343,1.384083044982699,87835771.07543252,132356597.1270588,119901315.0131488,12455282.113910004,17.64705882352939,-51.862541653625826,False
DAIRY,-10.0,-1.0,63461344.602,112503107.558,25874407.461,1.5955034901515306,1.1111111111111112,70512605.11333333,112503107.55799998,96254111.2188889,16248996.33911109,-1.1102230246251565e-14,-37.20050840351459,False
DAIRY,-10.0,-1.5,63461344.602,112503107.558,25874407.461,1.5955034901515306,1.1712139482105108,74326811.9700562,118588687.91006124,101460741.86895163,17127946.041109607,5.409255338945962,-33.80352355150072,False
DAIRY,-10.0,-2.0,63461344.602,112503107.558,25874407.461,1.5955034901515306,1.2345679012345678,78347339.01481481,125003452.84222221,106949012.4654321,18054440.376790106,11.111111111111116,-30.22278711501618,False
DAIRY,-5.0,-1.0,63461344.602,112503107.558,25874407.461,1.6841425729377266,1.0526315789473684,66801415.370526314,112503107.55799998,91188105.36526316,21315002.19273682,-1.1102230246251565e-14,-17.621293454296428,False
DAIRY,-5.0,-1.5,63461344.602,112503107.558,25874407.461,1.6841425729377266,1.0799772127212148,68536806.05880848,115425752.89681567,93557022.0724201,21868730.824395567,2.5978352085153977,-15.481230411332557,False
DAIRY,-5.0,-2.0,63461344.602,112503107.558,25874407.461,1.6841425729377266,1.10803324099723,70317279.33739613,118424323.74526316,95987479.33185598,22436844.413407177,5.263157894736836,-13.285572057154138,False
DAIRY,-2.0,-1.0,63461344.602,112503107.558,25874407.461,1.7373260226094445,1.0204081632653061,64756474.08367347,112503107.558,88396632.75204083,24106474.805959165,0.0,-6.832746441461913,False
DAIRY,-2.0,-1.5,63461344.602,112503107.558,25874407.461,1.7373260226094445,1.0307679026042966,65413917.071852036,113645300.36974473,89294083.50432132,24351216.86542341,1.0152544552210596,-5.886861748901739,False
DAIRY,-2.0,-2.0,63461344.602,112503107.558,25874407.461,1.7373260226094445,1.0412328196584757,66078034.779258646,114799089.34489797,90200645.66534778,24598443.679550186,2.0408163265306145,-4.931373919859028,False
DAIRY,2.0,-1.0,63461344.602,112503107.558,25874407.461,1.8082372888384013,0.9803921568627451,62217004.5117647,112503107.55799998,84930098.13431372,27573009.423686266,-1.1102230246251565e-14,6.564795600620177,False
DAIRY,2.0,-1.5,63461344.602,112503107.558,25874407.461,1.8082372888384013,0.9707328852712493,61604014.14869248,111394675.52579421,84093327.99245857,27301347.53333564,-0.9852457023325711,5.514870531765581,False
DAIRY,2.0,-2.0,63461344.602,112503107.558,25874407.461,1.8082372888384013,0.9611687812379853,60997063.24682814,110297164.272549,83264802.09246445,27032362.180084556,-1.9607843137255054,4.475289804529514,False
DAIRY,5.0,-1.0,63461344.602,112503107.558,25874407.461,1.8614207385101191,0.9523809523809523,60439375.81142857,112503107.558,82503523.90190476,29999583.656095237,0.0,15.943075030077637,False
DAIRY,5.0,-1.5,63461344.602,112503107.558,25874407.461,1.8614207385101191,0.9294286409033649,58982791.26333695,109791790.87278886,80515194.99437991,29276595.878408954,-2.4099927051466907,13.148855379729984,False
DAIRY,5.0,-2.0,63461344.602,112503107.558,25874407.461,1.8614207385101191,0.9070294784580498,57561310.296598636,107145816.72190475,78574784.66848072,28571032.05342403,-4.761904761904767,10.421976219121554,False
DAIRY,10.0,-1.0,63461344.602,112503107.558,25874407.461,1.9500598212963154,0.9090909090909091,57692131.45636363,112503107.558,78753363.72454546,33749743.833454534,0.0,30.436779602875475,False
DAIRY,10.0,-1.5,63461344.602,112503107.558,25874407.461,1.9500598212963154,0.8667841720414474,55007289.03748155,107267504.23042603,75088386.088605,32179118.141821027,-4.653741075440787,24.366589613014323,False
DAIRY,10.0,-2.0,63461344.602,112503107.558,25874407.461,1.9500598212963154,0.8264462809917354,52447392.23305784,102275552.32545453,71593967.02231404,30681585.30314049,-9.090909090909104,18.578890548068628,False
DAIRY,15.0,-1.0,63461344.602,112503107.558,25874407.461,2.038698904082511,0.8695652173913044,55183777.91478261,112503107.558,75329304.43217392,37173803.125826076,0.0,43.6701620389083,False
DAIRY,15.0,-1.5,63461344.602,112503107.558,25874407.461,2.038698904082511,0.8108737462959251,51459138.24240042,104909688.73981218,70244938.58440056,34664750.155411616,-6.749519175968621,33.97311690194695,False
DAIRY,15.0,-2.0,63461344.602,112503107.558,25874407.461,2.038698904082511,0.7561436672967865,47985893.8389414,97828789.18086956,65503742.98449907,32325046.196370497,-13.043478260869568,24.930575686007206,False
DAIRY,20.0,-1.0,63461344.602,112503107.558,25874407.461,2.1273379868687075,0.8333333333333334,52884453.835,112503107.558,72190583.41416667,40312524.143833324,0.0,55.800762605271736,False
DAIRY,20.0,-1.5,63461344.602,112503107.558,25874407.461,2.1273379868687075,0.7607257743127308,48276680.51128349,102700816.33157757,65900684.95899567,36800131.3725819,-8.71290708247232,42.22598692569108,False
DAIRY,20.0,-2.0,63461344.602,112503107.558,25874407.461,2.1273379868687075,0.6944444444444445,44070378.19583334,93752589.63166668,60158819.51180557,33593770.1198611,-16.666666666666664,29.833968837726445,False
DELI,-20.0,-1.0,23882333.818,146175368.109,35719819.854,4.8965187145597415,1.25,29852917.2725,146175368.109,138069435.3175,8105932.791500002,0.0,-77.30690461309177,False
DELI,-20.0,-1.5,23882333.818,146175368.109,35719819.854,4.8965187145597415,1.3975424859373684,33376576.173993804,163429029.86388943,154366321.4924701,9062708.37141934,11.803398874989469,-74.62834804749309,False
DELI,-20.0,-2.0,23882333.818,146175368.109,35719819.854,4.8965187145597415,1.5624999999999998,37316146.590624996,182719210.13625,172586794.14687496,10132415.989375025,25.0,-71.63363076636466,False
DELI,-15.0,-1.0,23882333.818,146175368.109,35719819.854,5.202551134219725,1.1764705882352942,28096863.315294117,146175368.109,129947703.82823527,16227664.280764729,0.0,-54.56957972606485,False
DELI,-15.0,-1.5,23882333.818,146175368.109,35719819.854,5.202551134219725,1.2760615165803304,30475327.111274794,158549447.6284798,140948074.41971108,17601373.208768725,8.465228909328083,-50.72379065540646,False
DELI,-15.0,-2.0,23882333.818,146175368.109,35719819.854,5.202551134219725,1.384083044982699,33055133.31211073,171971021.3047059,152879651.56262976,19091369.74207613,17.647058823529417,-46.55244673654695,False
DELI,-10.0,-1.0,23882333.818,146175368.109,35719819.854,5.508583553879709,1.1111111111111112,26535926.464444447,146175368.10900003,122728386.94888888,23446981.160111144,2.220446049250313e-14,-34.35862427092984,False
DELI,-10.0,-1.5,23882333.818,146175368.109,35719819.854,5.508583553879709,1.1712139482105108,27971322.483461183,154082367.01266,129367078.7723239,24715288.24033609,5.409255338945962,-30.80791464974758,False
DELI,-10.0,-2.0,23882333.818,146175368.109,35719819.854,5.508583553879709,1.2345679012345678,29484362.7382716,162417075.67666665,136364874.38765427,26052201.289012372,11.111111111111093,-27.065138078810957,False
DELI,-5.0,-1.0,23882333.818,146175368.109,35719819.854,5.814615973539692,1.0526315789473684,25139298.755789474,146175368.109,116268998.16210525,29906369.94689475,0.0,-16.27513781107226,False
DELI,-5.0,-1.5,23882333.818,146175368.109,35719819.854,5.814615973539692,1.0799772127212148,25792376.31004125,149972763.28791258,119289475.13294855,30683288.15496403,2.5978352085153977,-14.100103862847357,False
DELI,-5.0,-2.0,23882333.818,146175368.109,35719819.854,5.814615973539692,1.10803324099723,26462419.74293629,153868808.53578946,122388419.11800553,31480389.41778393,5.263157894736836,-11.868566116918222,False
DELI,-2.0,-1.0,23882333.818,146175368.109,35719819.854,5.998235425335682,1.0204081632653061,24369728.385714285,146175368.10899997,112709743.11632651,33465624.992673457,-2.220446049250313e-14,-6.310767720946709,False
DELI,-2.0,-1.5,23882333.818,146175368.109,35719819.854,5.998235425335682,1.0307679026042966,24617143.13887552,147659420.0461624,113854033.80478323,33805386.24137917,1.0152544552210596,-5.359583616171138,False
DELI,-2.0,-2.0,23882333.818,146175368.109,35719819.854,5.998235425335682,1.0412328196584757,24867069.78134111,149158538.8867347,115009941.95543523,34148596.93129946,2.0408163265306145,-4.3987425723945535,False
DELI,2.0,-1.0,23882333.818,146175368.109,35719819.854,6.2430613610636705,0.9803921568627451,23414052.762745097,146175368.109,108289753.19019605,37885614.918803945,0.0,6.063286639340126,False
DELI,2.0,-1.5,23882333.818,146175368.109,35719819.854,6.2430613610636705,0.9707328852712493,23183366.814158272,144735181.57683727,107222833.0508231,37512348.526014164,-0.98524570233256,5.018302665973362,False
DELI,2.0,-2.0,23882333.818,146175368.109,35719819.854,6.2430613610636705,0.9611687812379853,22954953.688965783,143309184.42058825,106166424.69627064,37142759.72431761,-1.9607843137254721,3.9836143522942846,False
DELI,5.0,-1.0,23882333.818,146175368.109,35719819.854,6.426680812859661,0.9523809523809523,22745079.826666664,146175368.109,105195760.24190474,40979607.86709526,0.0,14.725124691540836,False
DELI,5.0,-1.5,23882333.818,146175368.109,35719819.854,6.426680812859661,0.9294286409033649,22196925.062064208,142652552.4008518,102660550.09395124,39992002.306900546,-2.4099927051466796,11.96025755550425,False
DELI,5.0,-2.0,23882333.818,146175368.109,35719819.854,6.426680812859661,0.9070294784580498,21661980.787301585,139214636.2942857,100186438.32562356,39028197.96866216,-4.761904761904756,9.262023515753182,False
DELI,10.0,-1.0,23882333.818,146175368.109,35719819.854,6.732713232519645,0.9090909090909091,21711212.561818182,146175368.10900003,100414134.77636363,45761233.3326364,2.220446049250313e-14,28.111601681305597,False
DELI,10.0,-1.5,23882333.818,146175368.109,35719819.854,6.732713232519645,0.8667841720414474,20700828.94485259,139372744.9611347,95741120.94072752,43631624.020407185,-4.6537410754407755,22.149619451457546,False
DELI,10.0,-2.0,23882333.818,146175368.109,35719819.854,6.732713232519645,0.8264462809917354,19737465.965289254,132886698.28090908,91285577.06942146,41601121.21148762,-9.090909090909093,16.4650924375505,False
DELI,15.0,-1.0,23882333.818,146175368.109,35719819.854,7.038745652179627,0.8695652173913044,20767246.79826087,146175368.109,96048302.82956521,50127065.279434785,0.0,40.33403719369939,False
DELI,15.0,-1.5,23882333.818,146175368.109,35719819.854,7.038745652179627,0.8108737462959251,19365557.493291523,136309233.60794032,89565504.2118913,46743729.39604902,-6.749519175968621,30.862164442899708,False
DELI,15.0,-2.0,23882333.818,146175368.109,35719819.854,7.038745652179627,0.7561436672967865,18058475.476748586,127109015.74695653,83520263.33005671,43588752.416899815,-13.043478260869556,22.029597559738612,False
DELI,20.0,-1.0,23882333.818,146175368.109,35719819.854,7.344778071839611,0.8333333333333334,19901944.848333333,146175368.109,92046290.21166664,54129077.897333354,0.0,51.53793641339384,False
DELI,20.0,-1.5,23882333.818,146175368.109,35719819.854,7.344778071839611,0.7607257743127308,18167906.886093166,133439244.10820097,84026382.47266133,49412861.635539636,-8.71290708247231,38.334576818998855,False
DELI,20.0,-2.0,23882333.818,146175368.109,35719819.854,7.344778071839611,0.6944444444444445,16584954.04027778,121812806.7575,76705241.84305555,45107564.91444445,-16.666666666666675,26.281613677828155,False
EGGS,-20.0,-1.0,15427769.5,37029779.002,7881812.036,1.9201624189160977,1.25,19284711.875,37029779.002,36434958.707499996,594820.2945000008,0.0,-92.45325450818704,False
EGGS,-20.0,-1.5,15427769.5,37029779.002,7881812.036,1.9201624189160977,1.3975424859373684,21560963.33949871,41400551.520133145,40735522.213683926,665029.3064492196,11.803398874989446,-91.56248203570811,False
EGGS,-20.0,-2.0,15427769.5,37029779.002,7881812.036,1.9201624189160977,1.5624999999999998,24105889.843749996,46287223.75249998,45543698.38437499,743525.3681249917,24.999999999999957,-90.56656813523392,False
EGGS,-15.0,-1.0,15427769.5,37029779.002,7881812.036,2.040172570098354,1.1764705882352942,18150317.05882353,37029779.002,34291725.84235294,2738053.159647055,0.0,-65.26112082930857,False
EGGS,-15.0,-1.5,15427769.5,37029779.002,7881812.036,2.040172570098354,1.2760615165803304,19686782.945621766,40164434.559137605,37194598.93186733,2969835.627270274,8.465228909328104,-62.320395186974565,False
EGGS,-15.0,-2.0,15427769.5,37029779.002,7881812.036,2.040172570098354,1.384083044982699,21353314.186851215,43564445.884705886,40343206.8733564,3221239.0113494843,17.647058823529438,-59.130730387421735,False
EGGS,-10.0,-1.0,15427769.5,37029779.002,7881812.036,2.16018272128061,1.1111111111111112,17141966.111111112,37029779.002,32386629.962222222,4643149.039777774,0.0,-41.090335336972075,False
EGGS,-10.0,-1.5,15427769.5,37029779.002,7881812.036,2.16018272128061,1.1712139482105108,18069218.8281767,39032814.29966558,34138505.4725584,4894308.827107176,5.409255338945984,-37.90376115603201,False
EGGS,-10.0,-2.0,15427769.5,37029779.002,7881812.036,2.16018272128061,1.2345679012345678,19046629.01234568,41144198.89111111,35985144.402469136,5159054.488641977,11.111111111111116,-34.54481704108,False
EGGS,-5.0,-1.0,15427769.5,37029779.002,7881812.036,2.280192872462866,1.0526315789473684,16239757.368421052,37029779.00199999,30682070.49052631,6347708.511473678,-2.220446049250313e-14,-19.463843054355255,False
EGGS,-5.0,-1.5,15427769.5,37029779.002,7881812.036,2.280192872462866,1.0799772127212148,16661639.50311537,37991751.638549395,31479140.120430723,6512611.518118672,2.5978352085153977,-17.371646413636043,False
EGGS,-5.0,-2.0,15427769.5,37029779.002,7881812.036,2.280192872462866,1.10803324099723,17094481.440443214,38978714.73894736,32296916.305817172,6681798.43313019,5.263157894736836,-15.22509795195287,False
EGGS,-2.0,-1.0,15427769.5,37029779.002,7881812.036,2.3521989631722198,1.0204081632653061,15742621.938775511,37029779.002,29742823.434693877,7286955.56730612,0.0,-7.54720444964796,False
EGGS,-2.0,-1.5,15427769.5,37029779.002,7881812.036,2.3521989631722198,1.0307679026042966,15902449.609377539,37405725.48307632,30044788.774723142,7360936.708353177,1.0152544552210818,-6.608573323846567,False
EGGS,-2.0,-2.0,15427769.5,37029779.002,7881812.036,2.3521989631722198,1.0412328196584757,16063899.937526032,37785488.77755102,30349819.831320286,7435668.946230732,2.0408163265306145,-5.660412703722439,False
EGGS,2.0,-1.0,15427769.5,37029779.002,7881812.036,2.4482070841180246,0.9803921568627451,15125264.215686275,37029779.002,28576438.201960783,8453340.800039213,0.0,7.251235647700915,False
EGGS,2.0,-1.5,15427769.5,37029779.002,7881812.036,2.4482070841180246,0.9707328852712493,14976243.20003478,36664944.695799544,28294890.072696242,8370054.623103302,-0.9852457023325711,6.1945474577833615,False
EGGS,2.0,-2.0,15427769.5,37029779.002,7881812.036,2.4482070841180246,0.9611687812379853,14828690.407535562,36303704.90392156,28016115.884275276,8287589.019646283,-1.9607843137255054,5.148270242843966,False
EGGS,5.0,-1.0,15427769.5,37029779.002,7881812.036,2.5202131748273784,0.9523809523809523,14693113.809523808,37029779.00199999,27759968.539047614,9269810.462952375,-2.220446049250313e-14,17.610143715845084,False
EGGS,5.0,-1.5,15427769.5,37029779.002,7881812.036,2.5202131748273784,0.9294286409033649,14339010.838555384,36137364.02931985,27090955.322305553,9046408.7070143,-2.409992705146702,14.775747831780684,False
EGGS,5.0,-2.0,15427769.5,37029779.002,7881812.036,2.5202131748273784,0.9070294784580498,13993441.723356009,35266456.19238095,26438065.275283445,8828390.917097505,-4.761904761904756,12.009660681757284,False
EGGS,10.0,-1.0,15427769.5,37029779.002,7881812.036,2.6402233260096346,0.9090909090909091,14025245.0,37029779.002,26498151.787272725,10531627.214727271,0.0,33.61936527570437,False
EGGS,10.0,-1.5,15427769.5,37029779.002,7881812.036,2.6402233260096346,0.8667841720414474,13372546.412503796,35306508.96643898,25264996.41331577,10041512.55312321,-4.6537410754407755,27.401065989125662,False
EGGS,10.0,-2.0,15427769.5,37029779.002,7881812.036,2.6402233260096346,0.8264462809917354,12750222.727272727,33663435.45636363,24089228.897520658,9574206.558842976,-9.090909090909093,21.472150250640354,False
EGGS,15.0,-1.0,15427769.5,37029779.002,7881812.036,2.7602334771918904,0.8695652173913044,13415451.739130436,37029779.002,25346058.231304348,11683720.77069565,0.0,48.23648061296713,False
EGGS,15.0,-1.5,15427769.5,37029779.002,7881812.036,2.7602334771918904,0.8108737462959251,12509973.25145501,34530446.9674412,23635321.170630287,10895125.796810914,-6.749519175968633,38.231230928213854,False
EGGS,15.0,-2.0,15427769.5,37029779.002,7881812.036,2.7602334771918904,0.7561436672967865,11665610.207939511,32199807.82782609,22040050.63591683,10159757.191909261,-13.043478260869545,28.901287489536642,False
EGGS,20.0,-1.0,15427769.5,37029779.002,7881812.036,2.8802436283741466,0.8333333333333334,12856474.583333334,37029779.002,24289972.471666668,12739806.530333329,0.0,61.63550300545797,False
EGGS,20.0,-1.5,15427769.5,37029779.002,7881812.036,2.8802436283741466,0.7607257743127308,11736301.898805832,33803408.764710896,22173609.73985225,11629799.024858646,-8.71290708247231,47.55235181630568,False
EGGS,20.0,-2.0,15427769.5,37029779.002,7881812.036,2.8802436283741466,0.6944444444444445,10713728.819444446,30858149.168333333,20241643.72638889,10616505.441944443,-16.666666666666664,34.69625250454833,False
FROZEN FOODS,-20.0,-1.0,13688599.813,57809886.031,14518614.898,3.378571180149381,1.25,17110749.76625,57809886.03100001,54114088.916250005,3695797.1147500053,2.220446049250313e-14,-74.54442355063004,False
FROZEN FOODS,-20.0,-1.5,13688599.813,57809886.031,14518614.898,3.378571180149381,1.3975424859373684,19130399.811661813,64633417.46841575,60501390.67860145,4132026.789814301,11.803398874989469,-71.53980032638303,False
FROZEN FOODS,-20.0,-2.0,13688599.813,57809886.031,14518614.898,3.378571180149381,1.5624999999999998,21388437.207812496,72262357.53875,67642611.14531249,4619746.393437505,24.99999999999998,-68.18052943828758,False
FROZEN FOODS,-15.0,-1.0,13688599.813,57809886.031,14518614.898,3.5897318789087174,1.1764705882352942,16104235.074117647,57809886.03100001,50930907.21529412,6878978.815705888,2.220446049250313e-14,-52.61959309456237,False
FROZEN FOODS,-15.0,-1.5,13688599.813,57809886.031,14518614.898,3.5897318789087174,1.2760615165803304,17467495.437238008,62703625.215745844,55242325.09666627,7461300.119079575,8.465228909328104,-48.60873319184601,False
FROZEN FOODS,-15.0,-2.0,13688599.813,57809886.031,14518614.898,3.5897318789087174,1.384083044982699,18946158.910726644,68011630.6247059,59918714.37093426,8092916.253771633,17.647058823529438,-44.2583448171322,False
FROZEN FOODS,-10.0,-1.0,13688599.813,57809886.031,14518614.898,3.800892577668054,1.1111111111111112,15209555.347777778,57809886.03100002,48101412.370000005,9708473.661000013,2.220446049250313e-14,-33.13085491139106,False
FROZEN FOODS,-10.0,-1.5,13688599.813,57809886.031,14518614.898,3.800892577668054,1.1712139482105108,16032279.032457389,60936970.37757046,50703340.58673265,10233629.79083781,5.409255338945984,-29.51373211057802,False
FROZEN FOODS,-10.0,-2.0,13688599.813,57809886.031,14518614.898,3.800892577668054,1.2345679012345678,16899505.941975307,64233206.701111116,53446013.744444445,10787192.95666667,11.111111111111116,-25.700949901545687,False
FROZEN FOODS,-5.0,-1.0,13688599.813,57809886.031,14518614.898,4.01205327642739,1.0526315789473684,14409052.43473684,57809886.031,45569759.08736842,12240126.943631582,0.0,-15.69356285276421,False
FROZEN FOODS,-5.0,-1.5,13688599.813,57809886.031,14518614.898,4.01205327642739,1.0799772127212148,14783375.872099882,59311691.60431596,46753586.33337573,12558105.27094023,2.59783520851542,-13.503420545508371,False
FROZEN FOODS,-5.0,-2.0,13688599.813,57809886.031,14518614.898,4.01205327642739,1.10803324099723,15167423.615512466,60852511.61157896,47968167.46038782,12884344.151191145,5.2631578947368585,-11.256381950278072,False
FROZEN FOODS,-2.0,-1.0,13688599.813,57809886.031,14518614.898,4.138749695682992,1.0204081632653061,13967958.992857141,57809886.031,44174766.4622449,13635119.568755105,0.0,-6.0852590653575405,False
FROZEN FOODS,-2.0,-1.5,13688599.813,57809886.031,14518614.898,4.138749695682992,1.0307679026042966,14109769.318835577,58396803.47448796,44623252.74683635,13773550.727651611,1.0152544552210818,-5.131785473909256,False
FROZEN FOODS,-2.0,-2.0,13688599.813,57809886.031,14518614.898,4.138749695682992,1.0412328196584757,14253019.380466472,58989679.6234694,45076292.30841317,13913387.315056227,2.0408163265306145,-4.168631699344438,False
FROZEN FOODS,2.0,-1.0,13688599.813,57809886.031,14518614.898,4.307678254690461,0.9803921568627451,13420195.895098038,57809886.031,42442422.67941177,15367463.351588234,0.0,5.846621454951362,False
FROZEN FOODS,2.0,-1.5,13688599.813,57809886.031,14518614.898,4.307678254690461,0.9707328852712493,13287973.991796974,57240316.613356225,42024260.533997044,15216056.079359181,-0.98524570233256,4.803772166002251,False
FROZEN FOODS,2.0,-2.0,13688599.813,57809886.031,14518614.898,4.307678254690461,0.9611687812379853,13157054.799115723,56676358.85392157,41610218.31314879,15066140.54077278,-1.9607843137254943,3.7711975048543067,False
FROZEN FOODS,5.0,-1.0,13688599.813,57809886.031,14518614.898,4.4343746739460626,0.9523809523809523,13036761.726666665,57809886.030999996,41229782.03142857,16580103.999571428,-1.1102230246251565e-14,14.198937819167634,False
FROZEN FOODS,5.0,-1.5,13688599.813,57809886.031,14518614.898,4.4343746739460626,0.9294286409033649,12722576.720066644,56416671.99479929,40236147.292123266,16180524.702676028,-2.4099927051466796,11.446751748370732,False
FROZEN FOODS,5.0,-2.0,13688599.813,57809886.031,14518614.898,4.4343746739460626,0.9070294784580498,12415963.549206348,55057034.315238096,39266459.07755102,15790575.237687074,-4.761904761904767,8.760893161112016,False
FROZEN FOODS,10.0,-1.0,13688599.813,57809886.031,14518614.898,4.6455353727054,0.9090909090909091,12444181.648181817,57809886.03100001,39355701.03,18454185.00100001,2.220446049250313e-14,27.107063109320094,False
FROZEN FOODS,10.0,-1.5,13688599.813,57809886.031,14518614.898,4.6455353727054,0.8667841720414474,11865061.655317916,55119563.61910986,37524188.60563922,17595375.013470642,-4.653741075440765,21.191829503615246,False
FROZEN FOODS,10.0,-2.0,13688599.813,57809886.031,14518614.898,4.6455353727054,0.8264462809917354,11312892.407438014,52554441.84636364,35777910.02727272,16776531.819090918,-9.090909090909083,15.551875553927363,False
FROZEN FOODS,15.0,-1.0,13688599.813,57809886.031,14518614.898,4.856696071464735,0.8695652173913044,11903130.272173913,57809886.031,37644583.59391305,20165302.437086955,0.0,38.892742722067865,False
FROZEN FOODS,15.0,-1.5,13688599.813,57809886.031,14518614.898,4.856696071464735,0.8108737462959251,11099726.21191301,53907996.68773206,35103755.205528356,18804241.482203707,-6.749519175968599,29.518150418013157,False
FROZEN FOODS,15.0,-2.0,13688599.813,57809886.031,14518614.898,4.856696071464735,0.7561436672967865,10350548.062759925,50269466.11391305,32734420.51644613,17535045.597466923,-13.043478260869556,20.776298019189475,False
FROZEN FOODS,20.0,-1.0,13688599.813,57809886.031,14518614.898,5.067856770224071,0.8333333333333334,11407166.510833332,57809886.030999996,36076059.2775,21733826.753499992,-1.1102230246251565e-14,49.696282367086674,False
FROZEN FOODS,20.0,-1.5,13688599.813,57809886.031,14518614.898,5.067856770224071,0.7607257743127308,10413270.692001527,52772964.376635835,32932785.7536338,19840178.623002034,-8.71290708247231,36.65338437852705,False
FROZEN FOODS,20.0,-2.0,13688599.813,57809886.031,14518614.898,5.067856770224071,0.6944444444444445,9505972.092361111,48174905.02583334,30063382.731250003,18111522.294583336,-16.666666666666664,24.746901972572278,False
GROCERY I,-20.0,-1.0,338012801.538,506331312.506,91375086.409,1.1983719201216758,1.25,422516001.9225,506331312.50600004,518695282.62125003,-12363970.115249991,2.220446049250313e-14,-113.53100785033261,True
GROCERY I,-20.0,-1.5,338012801.538,506331312.506,91375086.409,1.1983719201216758,1.3975424859373684,472387250.94007087,566095616.9500526,579918955.7747902,-13823338.824737549,11.803398874989469,-115.12812667871361,True
GROCERY I,-20.0,-2.0,338012801.538,506331312.506,91375086.409,1.1983719201216758,1.5624999999999998,528145002.4031249,632914140.6324999,648369103.2765625,-15454962.64406252,25.0,-116.91375981291579,True
GROCERY I,-15.0,-1.0,338012801.538,506331312.506,91375086.409,1.2732701651292804,1.1764705882352942,397662119.4564706,506331312.5059999,488183795.4082354,18147517.09776455,-1.1102230246251565e-14,-80.13953495317612,False
GROCERY I,-15.0,-1.5,338012801.538,506331312.506,91375086.409,1.2732701651292804,1.2760615165803304,431325128.1541465,549193417.1492381,529509671.1877883,19683745.961449802,8.46522890932806,-78.45830112450537,False
GROCERY I,-15.0,-2.0,338012801.538,506331312.506,91375086.409,1.2732701651292804,1.384083044982699,467837787.5958478,595683897.0658823,574333876.9508651,21350020.115017176,17.647058823529417,-76.63474700373656,False
GROCERY I,-10.0,-1.0,338012801.538,506331312.506,91375086.409,1.3481684101368854,1.1111111111111112,375569779.4866667,506331312.50600004,461062473.44111115,45268839.064888895,2.220446049250313e-14,-50.45822571125893,False
GROCERY I,-10.0,-1.5,338012801.538,506331312.506,91375086.409,1.3481684101368854,1.1712139482105108,395885307.8350168,533720066.060486,486002519.9016008,47717546.15888524,5.409255338945984,-47.778384640536665,False
GROCERY I,-10.0,-2.0,338012801.538,506331312.506,91375086.409,1.3481684101368854,1.2345679012345678,417299754.98518515,562590347.2288889,512291637.15679014,50298710.07209873,11.111111111111116,-44.953584123621084,False
GROCERY I,-5.0,-1.0,338012801.538,506331312.506,91375086.409,1.42306665514449,1.0526315789473684,355802948.9873684,506331312.5059999,436796027.47052634,69535285.03547359,-1.1102230246251565e-14,-23.901264810596444,False
GROCERY I,-5.0,-1.5,338012801.538,506331312.506,91375086.409,1.42306665514449,1.0799772127212148,365046123.2690984,519484965.61401904,448143268.4615523,71341697.15246671,2.59783520851542,-21.92434507461116,False
GROCERY I,-5.0,-2.0,338012801.538,506331312.506,91375086.409,1.42306665514449,1.10803324099723,374529419.98670363,532980328.9536842,459785292.0742383,73195036.87944591,5.263157894736836,-19.89606822168043,False
GROCERY I,-2.0,-1.0,338012801.538,506331312.506,91375086.409,1.4680056021490528,1.0204081632653061,344911021.97755104,506331312.50600004,423424720.5071429,82906591.99885714,2.220446049250313e-14,-9.267837375537358,False
GROCERY I,-2.0,-1.5,338012801.538,506331312.506,91375086.409,1.4680056021490528,1.0307679026042966,348412746.4947266,511471863.7143964,427723558.846599,83748304.86779743,1.0152544552210596,-8.346675052174135,False
GROCERY I,-2.0,-2.0,338012801.538,506331312.506,91375086.409,1.4680056021490528,1.0412328196584757,351950022.4260725,516664604.59795916,432066041.33381927,84598563.26413989,2.0408163265306145,-7.416160587283072,False
GROCERY I,2.0,-1.0,338012801.538,506331312.506,91375086.409,1.5279241981551366,0.9803921568627451,331385099.5470588,506331312.506,406819829.50686276,99511482.99913722,0.0,8.904392772575086,False
GROCERY I,2.0,-1.5,338012801.538,506331312.506,91375086.409,1.5279241981551366,0.9707328852712493,328120142.0956009,501342705.0099705,402811654.6204097,98531050.38956076,-0.9852457023325822,7.831416923131829,False
GROCERY I,2.0,-2.0,338012801.538,506331312.506,91375086.409,1.5279241981551366,0.9611687812379853,324887352.49711645,496403247.55490184,398842970.1047674,97560277.45013446,-1.9607843137255054,6.769012522132356,False
GROCERY I,5.0,-1.0,338012801.538,506331312.506,91375086.409,1.5728631451596995,0.9523809523809523,321916953.8457143,506331312.506,395196405.8066667,111134906.69933331,0.0,21.624953876253805,False
GROCERY I,5.0,-1.5,338012801.538,506331312.506,91375086.409,1.5728631451596995,0.9294286409033649,314158778.74140215,494128764.81073195,385672201.25572413,108456563.55500782,-2.4099927051466796,18.693801360198094,False
GROCERY I,5.0,-2.0,338012801.538,506331312.506,91375086.409,1.5728631451596995,0.9070294784580498,306587575.0911564,482220297.6247618,376377529.3396825,105842768.2850793,-4.761904761904779,15.833289405955963,False
GROCERY I,10.0,-1.0,338012801.538,506331312.506,91375086.409,1.6477613901673043,0.9090909090909091,307284365.0345454,506331312.5059999,377232932.81545454,129098379.69054538,-1.1102230246251565e-14,41.28400285466633,False
GROCERY I,10.0,-1.5,338012801.538,506331312.506,91375086.409,1.6477613901673043,0.8667841720414474,292984146.3205254,482767964.23808986,359677488.8709318,123090475.36715806,-4.6537410754407755,34.70901118079188,False
GROCERY I,10.0,-2.0,338012801.538,506331312.506,91375086.409,1.6477613901673043,0.8264462809917354,279349422.75867766,460301193.18727267,342939029.8322314,117362163.35504127,-9.090909090909093,28.440002595151228,False
GROCERY I,15.0,-1.0,338012801.538,506331312.506,91375086.409,1.7226596351749088,0.8695652173913044,293924175.2504348,506331312.506,360831500.9539131,145499811.5520869,0.0,59.23356931321695,False
GROCERY I,15.0,-1.5,338012801.538,506331312.506,91375086.409,1.7226596351749088,0.8108737462959251,274085706.6790991,472156383.4744739,336477109.6040933,135679273.87038058,-6.749519175968621,48.48606901784209,False
GROCERY I,15.0,-2.0,338012801.538,506331312.506,91375086.409,1.7226596351749088,0.7561436672967865,255586239.3482042,440288097.8313044,313766522.5686201,126521575.26268429,-13.043478260869556,38.46397331584086,False
GROCERY I,20.0,-1.0,338012801.538,506331312.506,91375086.409,1.7975578801825136,0.8333333333333334,281677334.615,506331312.506,345796855.0808334,160534457.4251666,0.0,75.68733856688836,False
GROCERY I,20.0,-1.5,338012801.538,506331312.506,91375086.409,1.7975578801825136,0.7607257743127308,257135050.17761046,462215135.7178897,315667896.4035289,146547239.3143608,-8.71290708247231,60.379864001886865,False
GROCERY I,20.0,-2.0,338012801.538,506331312.506,91375086.409,1.7975578801825136,0.6944444444444445,234731112.17916667,421942760.4216666,288164045.9006945,133778714.52097213,-16.666666666666675,46.40611547240692,False
GROCERY II,-20.0,-1.0,1937092.0,6262512.952,1789676.912,2.586356436142424,1.25,2421365.0,6262512.9520000005,5591045.050000001,671467.9019999998,2.220446049250313e-14,-62.48105468100268,False
GROCERY II,-20.0,-1.5,1937092.0,6262512.952,1789676.912,2.586356436142424,1.3975424859373684,2707168.369169389,7001702.335322438,6250978.398531855,750723.9367905827,11.803398874989469,-58.05254391131226,False
GROCERY II,-20.0,-2.0,1937092.0,6262512.952,1789676.912,2.586356436142424,1.5624999999999998,3026706.2499999995,7828141.189999999,6988806.3125,839334.8774999985,24.99999999999998,-53.101318351253425,False
GROCERY II,-15.0,-1.0,1937092.0,6262512.952,1789676.912,2.748003713401325,1.1764705882352942,2278931.7647058824,6262512.952,5262160.047058824,1000352.9049411751,0.0,-44.10427389247255,False
GROCERY II,-15.0,-1.5,1937092.0,6262512.952,1789676.912,2.748003713401325,1.2760615165803304,2471848.5552756255,6792649.008863119,5707613.94061756,1085035.068245559,8.465228909328083,-39.37257272693927,False
GROCERY II,-15.0,-2.0,1937092.0,6262512.952,1789676.912,2.748003713401325,1.384083044982699,2681096.1937716263,7367662.296470587,6190776.525951558,1176885.7705190293,17.64705882352939,-34.2403222264383,False
GROCERY II,-10.0,-1.0,1937092.0,6262512.952,1789676.912,2.9096509906602264,1.1111111111111112,2152324.4444444445,6262512.952,4969817.822222223,1292695.129777777,0.0,-27.769357636001224,False
GROCERY II,-10.0,-1.5,1937092.0,6262512.952,1789676.912,2.9096509906602264,1.1712139482105108,2268749.169366995,6601268.268208242,5238647.958106667,1362620.3101015752,5.409255338945962,-23.862217757571702,False
GROCERY II,-10.0,-2.0,1937092.0,6262512.952,1789676.912,2.9096509906602264,1.2345679012345678,2391471.6049382715,6958347.724444443,5522019.802469136,1436327.9219753072,11.111111111111093,-19.74373070666807,False
GROCERY II,-5.0,-1.0,1937092.0,6262512.952,1789676.912,3.071298267919128,1.0526315789473684,2039044.2105263157,6262512.951999999,4708248.463157895,1554264.4888421036,-1.1102230246251565e-14,-13.15390624863223,False
GROCERY II,-5.0,-1.5,1937092.0,6262512.952,1789676.912,3.071298267919128,1.0799772127212148,2092015.2189445635,6425202.718404893,4830560.999438196,1594641.7189666964,2.5978352085153977,-10.897787847938867,False
GROCERY II,-5.0,-2.0,1937092.0,6262512.952,1789676.912,3.071298267919128,1.10803324099723,2146362.3268698063,6592118.896842105,4956051.013850416,1636067.8829916893,5.2631578947368585,-8.583059209086496,False
GROCERY II,-2.0,-1.0,1937092.0,6262512.952,1789676.912,3.1682866342744687,1.0204081632653061,1976624.4897959183,6262512.951999999,4564118.408163265,1698394.5438367333,-1.1102230246251565e-14,-5.10049425967376,False
GROCERY II,-2.0,-1.5,1937092.0,6262512.952,1789676.912,3.1682866342744687,1.0307679026042966,1996692.2579915621,6326093.393753976,4610455.823643709,1715637.570110267,1.0152544552210596,-4.137022799662349,False
GROCERY II,-2.0,-2.0,1937092.0,6262512.952,1789676.912,3.1682866342744687,1.0412328196584757,2016963.765097876,6390319.33877551,4657263.681799252,1733055.6569762584,2.0408163265306145,-3.163769652728332,False
GROCERY II,2.0,-1.0,1937092.0,6262512.952,1789676.912,3.29760445608159,0.9803921568627451,1899109.8039215684,6262512.951999999,4385133.37254902,1877379.579450979,-1.1102230246251565e-14,4.9004748769412965,False
GROCERY II,2.0,-1.5,1937092.0,6262512.952,1789676.912,3.29760445608159,0.9707328852712493,1880398.906195855,6200811.812282399,4341929.0344544295,1858882.7778279698,-0.9852457023325711,3.866947456489833,False
GROCERY II,2.0,-2.0,1937092.0,6262512.952,1789676.912,3.29760445608159,0.9611687812379853,1861872.3567858515,6139718.580392156,4299150.365244137,1840568.2151480187,-1.9607843137255054,2.8436028205306885,False
GROCERY II,5.0,-1.0,1937092.0,6262512.952,1789676.912,3.394592822436931,0.9523809523809523,1844849.5238095238,6262512.952,4259843.847619048,2002669.1043809513,0.0,11.901153272571863,False
GROCERY II,5.0,-1.5,1937092.0,6262512.952,1789676.912,3.394592822436931,0.9294286409033649,1800388.7848647807,6111586.846697932,4157181.9216407887,1954404.9250571434,-2.409992705146702,9.204343641727863,False
GROCERY II,5.0,-2.0,1937092.0,6262512.952,1789676.912,3.394592822436931,0.9070294784580498,1756999.5464852606,5964298.049523808,4056994.140589569,1907303.9089342388,-4.761904761904779,6.572526926258893,False
GROCERY II,10.0,-1.0,1937092.0,6262512.952,1789676.912,3.5562400996958328,0.9090909090909091,1760992.7272727273,6262512.9520000005,4066214.5818181825,2196298.370181818,2.220446049250313e-14,22.720383520364607,False
GROCERY II,10.0,-1.5,1937092.0,6262512.952,1789676.912,3.5562400996958328,0.8667841720414474,1679040.6853881115,5971071.814397977,3876983.4836085467,2094088.33078943,-4.6537410754407755,17.009294624538907,False
GROCERY II,10.0,-2.0,1937092.0,6262512.952,1789676.912,3.5562400996958328,0.8264462809917354,1600902.479338843,5693193.592727273,3696558.7107438017,1996634.881983471,-9.090909090909083,11.563985018513279,False
GROCERY II,15.0,-1.0,1937092.0,6262512.952,1789676.912,3.7178873769547334,0.8695652173913044,1684427.8260869568,6262512.952,3889422.643478262,2373090.308521738,0.0,32.59881113791436,False
GROCERY II,15.0,-1.5,1937092.0,6262512.952,1789676.912,3.7178873769547334,0.8108737462959251,1570737.0469598663,5839823.4394072415,3626905.316322231,2212918.1230850103,-6.74951917596861,23.64902895305443,False
GROCERY II,15.0,-2.0,1937092.0,6262512.952,1789676.912,3.7178873769547334,0.7561436672967865,1464719.8487712669,5445663.436521739,3382106.6465028366,2063556.7900189022,-13.043478260869568,15.303314032968984,False
GROCERY II,20.0,-1.0,1937092.0,6262512.952,1789676.912,3.879534654213635,0.8333333333333334,1614243.3333333335,6262512.952,3727363.3666666676,2535149.585333332,0.0,41.6540364540017,False
GROCERY II,20.0,-1.5,1937092.0,6262512.952,1789676.912,3.879534654213635,0.7607257743127308,1473595.8116149963,5716866.017464445,3402601.659902889,2314264.357561556,-8.71290708247232,29.31185187919305,False
GROCERY II,20.0,-2.0,1937092.0,6262512.952,1789676.912,3.879534654213635,0.6944444444444445,1345202.777777778,5218760.793333333,3106136.1388888895,2112624.6544444435,-16.666666666666664,18.045030378334758,False
HARDWARE,-20.0,-1.0,101155.7,824076.218,260507.801,6.517289430056834,1.25,126444.625,824076.2180000001,704460.52125,119615.69675000012,2.220446049250313e-14,-54.08364114593247,False
HARDWARE,-20.0,-1.5,101155.7,824076.218,260507.801,6.517289430056834,1.3975424859373684,141369.38844473465,921345.2210444678,787610.8064899674,133734.41455450037,11.803398874989469,-48.663950161515366,False
HARDWARE,-20.0,-2.0,101155.7,824076.218,260507.801,6.517289430056834,1.5624999999999998,158055.78124999997,1030095.2724999998,880575.6515624998,149519.62093750003,24.99999999999998,-42.60455143241564,False
HARDWARE,-15.0,-1.0,101155.7,824076.218,260507.801,6.924620019435385,1.1764705882352942,119006.70588235294,824076.2179999999,663021.6670588235,161054.55094117636,-1.1102230246251565e-14,-38.17668786771712,False
HARDWARE,-15.0,-1.5,101155.7,824076.218,260507.801,6.924620019435385,1.2760615165803304,129080.89595274492,893836.1562410335,719147.968893796,174688.1873472375,8.465228909328083,-32.943202976390914,False
HARDWARE,-15.0,-2.0,101155.7,824076.218,260507.801,6.924620019435385,1.384083044982699,140007.8892733564,969501.4329411765,780025.4906574396,189475.9422837369,17.647058823529417,-27.266691609078965,False
HARDWARE,-10.0,-1.0,101155.7,824076.218,260507.801,7.331950608813937,1.1111111111111112,112395.22222222222,824076.218,626187.13,197889.088,0.0,-24.037173842636683,False
HARDWARE,-10.0,-1.5,101155.7,824076.218,260507.801,7.331950608813937,1.1712139482105108,118474.96678099797,868652.604819149,660059.1907613176,208593.4140578314,5.409255338945962,-19.928150613105288,False
HARDWARE,-10.0,-2.0,101155.7,824076.218,260507.801,7.331950608813937,1.2345679012345678,124883.58024691357,915640.242222222,695763.4777777777,219876.76444444433,11.111111111111093,-15.59685982515191,False
HARDWARE,-5.0,-1.0,101155.7,824076.218,260507.801,7.739281198192489,1.0526315789473684,106479.6842105263,824076.2179999999,593229.9126315789,230846.30536842102,-1.1102230246251565e-14,-11.386029714933176,False
HARDWARE,-5.0,-1.5,101155.7,824076.218,260507.801,7.739281198192489,1.0799772127212148,109245.85093686338,845484.3601362061,608641.0481693672,236843.3119668389,2.5978352085153977,-9.083984795204314,False
HARDWARE,-5.0,-2.0,101155.7,824076.218,260507.801,7.739281198192489,1.10803324099723,112083.87811634349,867448.6505263158,624452.5396121884,242996.11091412744,5.263157894736836,-6.722136542034907,False
HARDWARE,-2.0,-1.0,101155.7,824076.218,260507.801,7.983679551819621,1.0204081632653061,103220.10204081633,824076.218,575069.8132653062,249006.40473469382,0.0,-4.414991113953704,False
HARDWARE,-2.0,-1.5,101155.7,824076.218,260507.801,7.983679551819621,1.0307679026042966,104268.04872546945,832442.6885176622,580908.2351651136,251534.45335254865,1.0152544552210596,-3.4445600527146403,False
HARDWARE,-2.0,-2.0,101155.7,824076.218,260507.801,7.983679551819621,1.0412328196584757,105326.63473552687,840894.1,586805.9319033736,254088.1680966264,2.0408163265306145,-2.4642766468915056,False
HARDWARE,2.0,-1.0,101155.7,824076.218,260507.801,8.309544023322463,0.9803921568627451,99172.25490196078,824076.218,552518.055882353,271558.162117647,0.0,4.241854207524098,False
HARDWARE,2.0,-1.5,101155.7,824076.218,260507.801,8.309544023322463,0.9707328852712493,98195.16452263291,815957.0424782103,547074.3954821606,268882.6469960497,-0.98524570233256,3.2148158189127196,False
HARDWARE,2.0,-2.0,101155.7,824076.218,260507.801,8.309544023322463,0.9611687812379853,97227.70088427527,807917.8607843138,541684.3685121107,266233.4922722031,-1.9607843137254832,2.1978962818864245,False
HARDWARE,5.0,-1.0,101155.7,824076.218,260507.801,8.553942376949594,0.9523809523809523,96338.7619047619,824076.218,536731.8257142856,287344.3922857144,0.0,10.301645932558623,False
HARDWARE,5.0,-1.5,101155.7,824076.218,260507.801,8.553942376949594,0.9294286409033649,94017.0047706285,804216.0412613513,523796.62786837074,280419.4133929806,-2.4099927051466796,7.643384311927215,False
HARDWARE,5.0,-2.0,101155.7,824076.218,260507.801,8.553942376949594,0.9070294784580498,91751.20181405895,784834.4933333334,511173.16734693875,273661.32598639466,-4.761904761904756,5.049186602436784,False
HARDWARE,10.0,-1.0,101155.7,824076.218,260507.801,8.961272966328146,0.9090909090909091,91959.72727272726,824076.2179999999,512334.9245454545,311741.2934545454,-1.1102230246251565e-14,19.666778598520885,False
HARDWARE,10.0,-1.5,101155.7,824076.218,260507.801,8.961272966328146,0.8667841720414474,87680.15967177304,785725.844549995,488492.1837180542,297233.6608319408,-4.653741075440787,14.097796569224741,False
HARDWARE,10.0,-2.0,101155.7,824076.218,260507.801,8.961272966328146,0.8264462809917354,83599.75206611569,749160.198181818,465759.02231404954,283401.17586776847,-9.090909090909117,8.787980544109875,False
HARDWARE,15.0,-1.0,101155.7,824076.218,260507.801,9.368603555706697,0.8695652173913044,87961.47826086957,824076.218,490059.4930434783,334016.7249565217,0.0,28.217551902225637,False
HARDWARE,15.0,-1.5,101155.7,824076.218,260507.801,9.368603555706697,0.8108737462959251,82024.50141818672,768455.035641493,456982.83358685416,311472.2020546389,-6.749519175968621,19.56348364962739,False
HARDWARE,15.0,-2.0,101155.7,824076.218,260507.801,9.368603555706697,0.7561436672967865,76488.24196597355,716588.015652174,426138.6896030246,290449.3260491494,-13.043478260869556,11.493523393239723,False
HARDWARE,20.0,-1.0,101155.7,824076.218,260507.801,9.77593414508525,0.8333333333333334,84296.41666666667,824076.2180000001,469640.34750000003,354435.8705000001,2.220446049250313e-14,36.05576076395505,False
HARDWARE,20.0,-1.5,101155.7,824076.218,260507.801,9.77593414508525,0.7607257743127308,76951.7482086463,752275.2228369081,428721.02040052495,323554.2024363831,-8.71290708247231,24.201348748240783,False
HARDWARE,20.0,-2.0,101155.7,824076.218,260507.801,9.77593414508525,0.6944444444444445,70247.01388888889,686730.1816666666,391366.95625,295363.22541666665,-16.666666666666675,13.379800636629158,False
HOME AND KITCHEN I,-20.0,-1.0,1796998.26,16694622.459,5098898.974,7.432226432539785,1.25,2246247.825,16694622.459000003,14494654.35625,2199968.1027500033,2.220446049250313e-14,-56.85405586641452,False
HOME AND KITCHEN I,-20.0,-1.5,1796998.26,16694622.459,5098898.974,7.432226432539785,1.3975424859373684,2511381.4155055257,18665155.33850935,16205516.225469224,2459639.113040127,11.80339887498949,-51.76136798194726,False
HOME AND KITCHEN I,-20.0,-2.0,1796998.26,16694622.459,5098898.974,7.432226432539785,1.5624999999999998,2807809.7812499995,20868278.07375,18118317.945312496,2749960.128437504,25.0,-46.067569833018155,False
HOME AND KITCHEN I,-15.0,-1.0,1796998.26,16694622.459,5098898.974,7.8967405845735215,1.1764705882352942,2114115.6,16694622.459000003,13642027.629411764,3052594.829588238,2.220446049250313e-14,-40.13227472923377,False
HOME AND KITCHEN I,-15.0,-1.5,1796998.26,16694622.459,5098898.974,7.8967405845735215,1.2760615165803304,2293080.324947815,18107860.465702448,14796856.496115254,3311003.969587194,8.465228909328083,-35.064334742255795,False
HOME AND KITCHEN I,-15.0,-2.0,1796998.26,16694622.459,5098898.974,7.8967405845735215,1.384083044982699,2487194.823529412,19640732.304705884,16049444.269896194,3591288.03480969,17.647058823529417,-29.567382034392708,False
HOME AND KITCHEN I,-10.0,-1.0,1796998.26,16694622.459,5098898.974,8.36125473660726,1.1111111111111112,1996664.7333333334,16694622.459000004,12884137.205555554,3810485.25344445,2.220446049250313e-14,-25.268469273961934,False
HOME AND KITCHEN I,-10.0,-1.5,1796998.26,16694622.459,5098898.974,8.36125473660726,1.1712139482105108,2104669.427022018,17597677.215680335,13581073.085224193,4016604.130456142,5.409255338945984,-21.226049958287685,False
HOME AND KITCHEN I,-10.0,-2.0,1796998.26,16694622.459,5098898.974,8.36125473660726,1.2345679012345678,2218516.3703703703,18549580.510000005,14315708.006172838,4233872.503827168,11.11111111111114,-16.96496585995768,False
HOME AND KITCHEN I,-5.0,-1.0,1796998.26,16694622.459,5098898.974,8.825768888640996,1.0526315789473684,1891577.1157894735,16694622.459,12206024.72105263,4488597.737947371,0.0,-11.969274919245132,False
HOME AND KITCHEN I,-5.0,-1.5,1796998.26,16694622.459,5098898.974,8.825768888640996,1.0799772127212148,1940717.172099673,17128321.239168625,12523117.12881623,4605204.110352395,2.59783520851542,-9.68238174878585,False
HOME AND KITCHEN I,-5.0,-2.0,1796998.26,16694622.459,5098898.974,8.825768888640996,1.10803324099723,1991133.806094183,17573286.79894737,12848447.074792244,4724839.724155128,5.2631578947368585,-7.336078862363282,False
HOME AND KITCHEN I,-2.0,-1.0,1796998.26,16694622.459,5098898.974,9.104477379861237,1.0204081632653061,1833671.693877551,16694622.459,11832370.903061224,4862251.555938777,0.0,-4.64114741766648,False
HOME AND KITCHEN I,-2.0,-1.5,1796998.26,16694622.459,5098898.974,9.104477379861237,1.0307679026042966,1852288.1274437704,16864115.357297335,11952499.575812833,4911615.781484501,1.0152544552210596,-3.673012418376642,False
HOME AND KITCHEN I,-2.0,-2.0,1796998.26,16694622.459,5098898.974,9.104477379861237,1.0412328196584757,1871093.5651811745,17035329.03979592,12073847.860266555,4961481.179529365,2.0408163265306145,-2.6950483853739327,False
HOME AND KITCHEN I,2.0,-1.0,1796998.26,16694622.459,5098898.974,9.476088701488226,0.9803921568627451,1761763.0,16694622.459000003,11368356.357843136,5326266.101156866,2.220446049250313e-14,4.459141636581587,False
HOME AND KITCHEN I,2.0,-1.5,1796998.26,16694622.459,5098898.974,9.476088701488226,0.9707328852712493,1744405.3057572148,16530139.408702059,11256350.115401637,5273789.293300422,-0.9852457023325489,3.4299624329136913,False
HOME AND KITCHEN I,2.0,-2.0,1796998.26,16694622.459,5098898.974,9.476088701488226,0.9611687812379853,1727218.6274509802,16367276.920588236,11145447.409650132,5221829.510938104,-1.9607843137254832,2.410923173119217,False
HOME AND KITCHEN I,5.0,-1.0,1796998.26,16694622.459,5098898.974,9.754797192708468,0.9523809523809523,1711426.9142857143,16694622.459,11043546.176190475,5651076.282809526,0.0,10.829343974555194,False
HOME AND KITCHEN I,5.0,-1.5,1796998.26,16694622.459,5098898.974,9.754797192708468,0.9294286409033649,1670181.6504975115,16292283.27558632,10777397.518954778,5514885.756631542,-2.4099927051466907,8.158364869606483,False
HOME AND KITCHEN I,5.0,-2.0,1796998.26,16694622.459,5098898.974,9.754797192708468,0.9070294784580498,1629930.394557823,15899640.437142856,10517663.024943309,5381977.4121995475,-4.761904761904767,5.551756166243016,False
HOME AND KITCHEN I,10.0,-1.0,1796998.26,16694622.459,5098898.974,10.219311344742206,0.9090909090909091,1633634.7818181817,16694622.459000003,10541566.804545453,6153055.65445455,2.220446049250313e-14,20.674202133241735,False
HOME AND KITCHEN I,10.0,-1.5,1796998.26,16694622.459,5098898.974,10.219311344742206,0.8667841720414474,1557609.6489540217,15917697.956235759,10050989.580167292,5866708.376068467,-4.653741075440765,15.058337221106655,False
HOME AND KITCHEN I,10.0,-2.0,1796998.26,16694622.459,5098898.974,10.219311344742206,0.8264462809917354,1485122.5289256198,15176929.508181822,9583242.549586777,5593686.958595045,-9.090909090909072,9.703820121128848,False
HOME AND KITCHEN I,15.0,-1.0,1796998.26,16694622.459,5098898.974,10.68382549677594,0.8695652173913044,1562607.1826086957,16694622.459,10083237.813043477,6611384.645956524,0.0,29.662985669433727,False
HOME AND KITCHEN I,15.0,-1.5,1796998.26,16694622.459,5098898.974,10.68382549677594,0.8108737462959251,1457138.711173459,15567815.714774232,9402667.74329359,6165147.9714806415,-6.749519175968621,20.91135758754181,False
HOME AND KITCHEN I,15.0,-2.0,1796998.26,16694622.459,5098898.974,10.68382549677594,0.7561436672967865,1358788.8544423443,14517063.00782609,8768032.880907374,5749030.126918716,-13.043478260869556,12.750422321246724,False
HOME AND KITCHEN I,20.0,-1.0,1796998.26,16694622.459,5098898.974,11.148339648809678,0.8333333333333334,1497498.55,16694622.459000003,9663102.904166667,7031519.554833336,2.220446049250313e-14,37.9027039109431,False
HOME AND KITCHEN I,20.0,-1.5,1796998.26,16694622.459,5098898.974,11.148339648809678,0.7607257743127308,1367022.89277713,15240035.516377779,8821165.726842942,6418869.789534837,-8.712907082472299,25.887369454965725,False
HOME AND KITCHEN I,20.0,-2.0,1796998.26,16694622.459,5098898.974,11.148339648809678,0.6944444444444445,1247915.4583333335,13912185.382500004,8052585.753472223,5859599.629027781,-16.66666666666664,14.918919925785934,False
HOME AND KITCHEN II,-20.0,-1.0,1482101.37,16476802.202,4594084.206,8.893751823196816,1.25,1852626.7125000001,16476802.202,14853397.495000001,1623404.7069999985,0.0,-64.66314864495111,False
HOME AND KITCHEN II,-20.0,-1.5,1482101.37,16476802.202,4594084.206,8.893751823196816,1.3975424859373684,2071299.6330409795,18421624.887745105,16606603.247822544,1815021.6399225611,11.803398874989446,-60.492199129652576,False
HOME AND KITCHEN II,-20.0,-2.0,1482101.37,16476802.202,4594084.206,8.893751823196816,1.5624999999999998,2315783.390625,20596002.752499998,18566746.86875,2029255.883749999,24.99999999999998,-55.82893580618886,False
HOME AND KITCHEN II,-15.0,-1.0,1482101.37,16476802.202,4594084.206,9.449611312146617,1.1764705882352942,1743648.6705882354,16476802.202,13979668.230588235,2497133.9714117646,0.0,-45.64457551408311,False
HOME AND KITCHEN II,-15.0,-1.5,1482101.37,16476802.202,4594084.206,9.449611312146617,1.2760615165803304,1891252.5219279856,17871601.22533651,15163079.147072146,2708522.078264365,8.465228909328083,-41.0432644067133,False
HOME AND KITCHEN II,-15.0,-2.0,1482101.37,16476802.202,4594084.206,9.449611312146617,1.384083044982699,2051351.37716263,19384473.17882353,16446668.506574396,2937804.6722491346,17.647058823529417,-36.05244178127426,False
HOME AND KITCHEN II,-10.0,-1.0,1482101.37,16476802.202,4594084.206,10.005470801096418,1.1111111111111112,1646779.3000000003,16476802.202000001,13203019.995555557,3273782.206444444,2.220446049250313e-14,-28.739177175533815,False
HOME AND KITCHEN II,-10.0,-1.5,1482101.37,16476802.202,4594084.206,10.005470801096418,1.1712139482105108,1735857.7972059073,17368074.504799254,13917205.05956725,3450869.445232004,5.409255338945984,-24.884497312324537,False
HOME AND KITCHEN II,-10.0,-2.0,1482101.37,16476802.202,4594084.206,10.005470801096418,1.2345679012345678,1829754.7777777778,18307558.00222222,14670022.21728395,3637535.784938272,11.111111111111116,-20.82130797281534,False
HOME AND KITCHEN II,-5.0,-1.0,1482101.37,16476802.202,4594084.206,10.561330290046218,1.0526315789473684,1560106.7052631578,16476802.201999996,12508124.20631579,3968677.9956842065,-2.220446049250313e-14,-13.613294451568736,False
HOME AND KITCHEN II,-5.0,-1.5,1482101.37,16476802.202,4594084.206,10.561330290046218,1.0799772127212148,1600635.706542894,16904842.370840997,12833064.6608723,4071777.7099686973,2.5978352085153977,-11.369110199354992,False
HOME AND KITCHEN II,-5.0,-2.0,1482101.37,16476802.202,4594084.206,10.561330290046218,1.10803324099723,1642217.5844875348,17344002.317894734,13166446.53296399,4177555.784930745,5.263157894736836,-9.066625738493372,False
HOME AND KITCHEN II,-2.0,-1.0,1482101.37,16476802.202,4594084.206,10.894845983416099,1.0204081632653061,1512348.336734694,16476802.201999998,12125222.444897959,4351579.757102039,-1.1102230246251565e-14,-5.27862437917973,False
HOME AND KITCHEN II,-2.0,-1.5,1482101.37,16476802.202,4594084.206,10.894845983416099,1.0307679026042966,1527702.5206018547,16644083.670433767,12248324.30597525,4395759.364458516,1.0152544552210596,-4.316961393142648,False
HOME AND KITCHEN II,-2.0,-2.0,1482101.37,16476802.202,4594084.206,10.894845983416099,1.0412328196584757,1543212.5885047899,16813063.47142857,12372675.964181593,4440387.507246977,2.0408163265305923,-3.3455350807956807,False
HOME AND KITCHEN II,2.0,-1.0,1482101.37,16476802.202,4594084.206,11.33953357457594,0.9803921568627451,1453040.5588235294,16476802.201999998,11649723.525490196,4827078.676509801,-1.1102230246251565e-14,5.071619501564717,False
HOME AND KITCHEN II,2.0,-1.5,1482101.37,16476802.202,4594084.206,11.33953357457594,0.9707328852712493,1438724.5391645716,16314465.216422956,11534945.125121677,4779520.091301279,-0.9852457023325711,4.036405886054384,False
HOME AND KITCHEN II,2.0,-2.0,1482101.37,16476802.202,4594084.206,11.33953357457594,0.9611687812379853,1424549.5674740484,16153727.649019605,11421297.574009996,4732430.075009609,-1.9607843137255054,3.0113916682007025,False
HOME AND KITCHEN II,5.0,-1.0,1482101.37,16476802.202,4594084.206,11.67304926794582,0.9523809523809523,1411525.1142857142,16476802.201999998,11316874.28190476,5159927.920095237,-1.1102230246251565e-14,12.316790218085893,False
HOME AND KITCHEN II,5.0,-1.5,1482101.37,16476802.202,4594084.206,11.67304926794582,0.9294286409033649,1377507.4620001153,16079712.470890353,11044138.437260237,5035574.033630116,-2.4099927051466796,9.609963767175135,False
HOME AND KITCHEN II,5.0,-2.0,1482101.37,16476802.202,4594084.206,11.67304926794582,0.9070294784580498,1344309.6326530613,15692192.573333332,10777975.506575964,4914217.066757368,-4.761904761904767,6.968371636272264,False
HOME AND KITCHEN II,10.0,-1.0,1482101.37,16476802.202,4594084.206,12.228908756895622,0.9090909090909091,1347364.8818181818,16476802.202,10802470.905454544,5674331.296545455,0.0,23.51387223452768,False
HOME AND KITCHEN II,10.0,-1.5,1482101.37,16476802.202,4594084.206,12.228908756895622,0.8667841720414474,1284662.0088769451,15710014.490006397,10299751.879764868,5410262.610241529,-4.653741075440765,17.76585642848203,False
HOME AND KITCHEN II,10.0,-2.0,1482101.37,16476802.202,4594084.206,12.228908756895622,0.8264462809917354,1224877.1652892563,14978911.092727272,9820428.095867768,5158482.996859504,-9.090909090909093,12.285338395025125,False
HOME AND KITCHEN II,15.0,-1.0,1482101.37,16476802.202,4594084.206,12.784768245845422,0.8695652173913044,1288783.8000000003,16476802.202000001,10332798.257391306,6144003.944608696,2.220446049250313e-14,33.73729494519186,False
HOME AND KITCHEN II,15.0,-1.5,1482101.37,16476802.202,4594084.206,12.784768245845422,0.8108737462959251,1201797.0902822232,15364697.27778959,9635384.057594528,5729313.220195062,-6.74951917596861,24.710670577444404,False
HOME AND KITCHEN II,15.0,-2.0,1482101.37,16476802.202,4594084.206,12.784768245845422,0.7561436672967865,1120681.5652173916,14327654.088695653,8985041.962948963,5342612.12574669,-13.043478260869556,16.2932999523407,False
HOME AND KITCHEN II,20.0,-1.0,1482101.37,16476802.202,4594084.206,13.340627734795223,0.8333333333333334,1235084.475,16476802.202,9902264.996666668,6574537.205333332,0.0,43.108765763300674,False
HOME AND KITCHEN II,20.0,-1.5,1482101.37,16476802.202,4594084.206,13.340627734795223,0.7607257743127308,1127472.7123032091,15041193.735976987,9039489.84844692,6001703.887530066,-8.71290708247232,30.63983197547133,False
HOME AND KITCHEN II,20.0,-2.0,1482101.37,16476802.202,4594084.206,13.340627734795223,0.6944444444444445,1029237.0625000002,13730668.501666667,8251887.497222224,5478781.004444443,-16.666666666666664,19.25730480275054,False
HOME APPLIANCES,-20.0,-1.0,40211.37,2022905.848,529758.189,40.245449941148486,1.25,50264.2125,2022905.848,1866434.57375,156471.27425000002,0.0,-70.46364218637873,False
HOME APPLIANCES,-20.0,-1.5,40211.37,2022905.848,529758.189,40.245449941148486,1.3975424859373684,56197.09799274732,2261677.4941049283,2086737.291230422,174940.20287450636,11.803398874989469,-66.97734806049287,False
HOME APPLIANCES,-20.0,-2.0,40211.37,2022905.848,529758.189,40.245449941148486,1.5624999999999998,62830.26562499999,2528632.3099999996,2333043.2171874996,195589.09281249996,24.99999999999998,-63.07955273297343,False
HOME APPLIANCES,-15.0,-1.0,40211.37,2022905.848,529758.189,42.76079056247026,1.1764705882352942,47307.49411764706,2022905.8479999998,1756644.3047058822,266261.54329411755,-1.1102230246251565e-14,-49.73904154332619,False
HOME APPLIANCES,-15.0,-1.5,40211.37,2022905.848,529758.189,42.76079056247026,1.2760615165803304,51312.1817859728,2194149.4586533844,1905348.26622191,288801.19243147434,8.465228909328083,-45.484336357946454,False
HOME APPLIANCES,-15.0,-2.0,40211.37,2022905.848,529758.189,42.76079056247026,1.384083044982699,55655.87543252596,2379889.2329411767,2066640.3584775086,313248.8744636681,17.647058823529417,-40.8694606392072,False
HOME APPLIANCES,-10.0,-1.0,40211.37,2022905.848,529758.189,45.276131183792046,1.1111111111111112,44679.3,2022905.848,1659052.9544444445,363852.8935555555,0.0,-31.31717430505723,False
HOME APPLIANCES,-10.0,-1.5,40211.37,2022905.848,529758.189,45.276131183792046,1.1712139482105108,47096.11742065369,2132329.9905847902,1748795.3649586714,383534.62562611885,5.409255338945962,-27.60194488921457,False
HOME APPLIANCES,-10.0,-2.0,40211.37,2022905.848,529758.189,45.276131183792046,1.2345679012345678,49643.666666666664,2247673.1644444442,1843392.171604938,404280.9928395061,11.111111111111093,-23.685749227841356,False
HOME APPLIANCES,-5.0,-1.0,40211.37,2022905.848,529758.189,47.79147180511382,1.0526315789473684,42327.757894736846,2022905.848,1571734.3778947368,451171.4701052632,0.0,-14.83445098660605,False
HOME APPLIANCES,-5.0,-1.5,40211.37,2022905.848,529758.189,47.79147180511382,1.0799772127212148,43427.36329230148,2075457.6083544611,1612565.446948027,462892.16140643414,2.5978352085153977,-12.621990368810676,False
HOME APPLIANCES,-5.0,-2.0,40211.37,2022905.848,529758.189,47.79147180511382,1.10803324099723,44555.53462603879,2129374.5768421055,1654457.2398891968,474917.33695290866,5.2631578947368585,-10.352053670111616,False
HOME APPLIANCES,-2.0,-1.0,40211.37,2022905.848,529758.189,49.300676177906894,1.0204081632653061,41032.010204081635,2022905.848,1523620.0602040815,499285.7877959185,0.0,-5.752134056030888,False
HOME APPLIANCES,-2.0,-1.5,40211.37,2022905.848,529758.189,49.300676177906894,1.0307679026042966,41448.58951574534,2043443.4897467478,1539088.6807459455,504354.8090008022,1.0152544552210818,-4.7952783980839575,False
HOME APPLIANCES,-2.0,-2.0,40211.37,2022905.848,529758.189,49.300676177906894,1.0412328196584757,41869.39816743024,2064189.6408163267,1554714.3471470221,509475.2936693046,2.0408163265306145,-3.8287082204396916,False
HOME APPLIANCES,2.0,-1.0,40211.37,2022905.848,529758.189,51.31294867496432,0.9803921568627451,39422.91176470588,2022905.8479999998,1463870.2539215684,559035.5940784314,-1.1102230246251565e-14,5.526560171480677,False
HOME APPLIANCES,2.0,-1.5,40211.37,2022905.848,529758.189,51.31294867496432,0.9707328852712493,39034.49922080976,2002975.255070346,1449447.5351570814,553527.7199132645,-0.98524570233256,4.486864272571811,False
HOME APPLIANCES,2.0,-2.0,40211.37,2022905.848,529758.189,51.31294867496432,0.9611687812379853,38649.91349480969,1983241.0274509804,1435166.915609381,548074.1118415995,-1.9607843137254943,3.457411932824206,False
HOME APPLIANCES,5.0,-1.0,40211.37,2022905.848,529758.189,52.82215304775739,0.9523809523809523,38296.54285714286,2022905.848,1422045.3895238093,600860.4584761907,0.0,13.42164613073884,False
HOME APPLIANCES,5.0,-1.5,40211.37,2022905.848,529758.189,52.82215304775739,0.9294286409033649,37373.59896796234,1974153.9646312143,1387774.1993724108,586379.7652588035,-2.4099927051466907,10.688192732930734,False
HOME APPLIANCES,5.0,-2.0,40211.37,2022905.848,529758.189,52.82215304775739,0.9070294784580498,36472.897959183676,1926576.9980952383,1354328.942403628,572248.0556916103,-4.761904761904745,8.020615362608453,False
HOME APPLIANCES,10.0,-1.0,40211.37,2022905.848,529758.189,55.33749366907917,0.9090909090909091,36555.79090909091,2022905.8480000002,1357406.9627272727,665498.8852727276,2.220446049250313e-14,25.623142613228687,False
HOME APPLIANCES,10.0,-1.5,40211.37,2022905.848,529758.189,55.33749366907917,0.8667841720414474,34854.5790521023,1928765.0476341306,1294236.7573419404,634528.2902921902,-4.653741075440765,19.77696682517731,False
HOME APPLIANCES,10.0,-2.0,40211.37,2022905.848,529758.189,55.33749366907917,0.8264462809917354,33232.53719008264,1839005.3163636364,1234006.329752066,604998.9866115705,-9.090909090909093,14.202856921116979,False
HOME APPLIANCES,15.0,-1.0,40211.37,2022905.848,529758.189,57.85283429040094,0.8695652173913044,34966.40869565218,2022905.848,1298389.2686956523,724516.5793043477,0.0,36.76363940158889,False
HOME APPLIANCES,15.0,-1.5,40211.37,2022905.848,529758.189,57.85283429040094,0.8108737462959251,32606.344235591576,1886369.4298774495,1210754.2360263204,675615.1938511292,-6.74951917596861,27.53275133442612,False
HOME APPLIANCES,15.0,-2.0,40211.37,2022905.848,529758.189,57.85283429040094,0.7561436672967865,30405.572778827984,1759048.563478261,1129034.1466918716,630014.4167863894,-13.043478260869556,18.924903827468608,False
HOME APPLIANCES,20.0,-1.0,40211.37,2022905.848,529758.189,60.368174911722726,0.8333333333333334,33509.475000000006,2022905.8480000002,1244289.7158333333,778616.1321666669,2.220446049250313e-14,46.97576145758586,False
HOME APPLIANCES,20.0,-1.5,40211.37,2022905.848,529758.189,60.368174911722726,0.7607257743127308,30589.825579425717,1846651.9410978616,1135875.9090560162,710776.0320418454,-8.712907082472299,34.169899928030254,False
HOME APPLIANCES,20.0,-2.0,40211.37,2022905.848,529758.189,60.368174911722726,0.6944444444444445,27924.562500000004,1685754.8733333335,1036908.0965277778,648846.7768055557,-16.66666666666665,22.47980121465487,False
HOME CARE,-20.0,-1.0,15743165.01,51322078.545,10892864.194,2.6079675090695122,1.25,19678956.2625,51322078.545,50536517.94,785560.6050000042,0.0,-92.78830075350884,False
HOME CARE,-20.0,-1.5,15743165.01,51322078.545,10892864.194,2.6079675090695122,1.3975424859373684,22001741.964597594,57379828.18660174,56501544.729988806,878283.4566129372,11.803398874989469,-91.93707512578085,False
HOME CARE,-20.0,-2.0,15743165.01,51322078.545,10892864.194,2.6079675090695122,1.5624999999999998,24598695.328124996,64152598.18124999,63170647.42499999,981950.7562500015,24.99999999999998,-90.98537594188608,False
HOME CARE,-15.0,-1.0,15743165.01,51322078.545,10892864.194,2.7709654783863567,1.1764705882352942,18521370.6,51322078.54500001,47563781.590588234,3758296.954411775,2.220446049250313e-14,-65.49762406400038,False
HOME CARE,-15.0,-1.5,15743165.01,51322078.545,10892864.194,2.7709654783863567,1.2760615165803304,20089247.018434994,55666609.97485941,51590164.58016438,4076445.3946950287,8.465228909328083,-62.576918961861175,False
HOME CARE,-15.0,-2.0,15743165.01,51322078.545,10892864.194,2.7709654783863567,1.384083044982699,21789847.764705885,60378915.93529413,55957390.1065744,4421525.828719728,17.647058823529438,-59.40896948705934,False
HOME CARE,-10.0,-1.0,15743165.01,51322078.545,10892864.194,2.9339634477032015,1.1111111111111112,17492405.566666666,51322078.54500001,44921349.279999994,6400729.2650000155,2.220446049250313e-14,-41.23924478443731,False
HOME CARE,-10.0,-1.5,15743165.01,51322078.545,10892864.194,2.9339634477032015,1.1712139482105108,18438614.448691666,54098220.818753466,47351259.764254965,6746961.054498501,5.409255338945984,-38.06072549573456,False
HOME CARE,-10.0,-2.0,15743165.01,51322078.545,10892864.194,2.9339634477032015,1.2345679012345678,19436006.185185183,57024531.71666667,49912610.3111111,7111921.405555569,11.111111111111116,-34.710271982708164,False
HOME CARE,-5.0,-1.0,15743165.01,51322078.545,10892864.194,3.0969614170200455,1.0526315789473684,16571752.642105263,51322078.544999994,42557067.73894736,8765010.806052633,-1.1102230246251565e-14,-19.53437911324948,False
HOME CARE,-5.0,-1.5,15743165.01,51322078.545,10892864.194,3.0969614170200455,1.0799772127212148,17002259.466909956,52655341.57118394,43662630.22838149,8992711.34280245,2.5978352085153977,-17.44401488310293,False
HOME CARE,-5.0,-2.0,15743165.01,51322078.545,10892864.194,3.0969614170200455,1.10803324099723,17443950.149584487,54023240.57368421,44796913.40941828,9226327.16426593,5.263157894736836,-15.299346434999439,False
HOME CARE,-2.0,-1.0,15743165.01,51322078.545,10892864.194,3.1947601986101524,1.0204081632653061,16064454.091836736,51322078.545,41254300.35918368,10067778.185816325,0.0,-7.5745551719826665,False
HOME CARE,-2.0,-1.5,15743165.01,51322078.545,10892864.194,3.1947601986101524,1.0307679026042966,16227549.177711051,51843128.23394017,41673136.48155057,10169991.752389602,1.0152544552210596,-6.636201725608315,False
HOME CARE,-2.0,-2.0,15743165.01,51322078.545,10892864.194,3.1947601986101524,1.0412328196584757,16392300.093710955,52369467.90306123,42096224.856309876,10273243.046751358,2.0408163265306367,-5.688321604063895,False
HOME CARE,2.0,-1.0,15743165.01,51322078.545,10892864.194,3.3251585740636282,0.9803921568627451,15434475.5,51322078.54500001,39636484.65882353,11685593.886176482,2.220446049250313e-14,7.277513774688682,False
HOME CARE,2.0,-1.5,15743165.01,51322078.545,10892864.194,3.3251585740636282,0.9707328852712493,15282407.993458677,50816429.97178765,39245967.89716676,11570462.074620888,-0.98524570233256,6.220566680654316,False
HOME CARE,2.0,-2.0,15743165.01,51322078.545,10892864.194,3.3251585740636282,0.9611687812379853,15131838.725490196,50315763.27941177,38859298.685121104,11456464.594290666,-1.9607843137254832,5.174033112439869,False
HOME CARE,5.0,-1.0,15743165.01,51322078.545,10892864.194,3.422957355653735,0.9523809523809523,14993490.485714285,51322078.545,38504013.66857143,12818064.876428574,0.0,17.67396203735847,False
HOME CARE,5.0,-1.5,15743165.01,51322078.545,10892864.194,3.422957355653735,0.9294286409033649,14632148.458761709,50085220.19593585,37576069.74797017,12509150.447965682,-2.4099927051466796,14.838028136401093,False
HOME CARE,5.0,-2.0,15743165.01,51322078.545,10892864.194,3.422957355653735,0.9070294784580498,14279514.74829932,48878170.04285715,36670489.20816326,12207680.834693886,-4.761904761904756,12.070440035579555,False
HOME CARE,10.0,-1.0,15743165.01,51322078.545,10892864.194,3.5859553249705796,0.9090909090909091,14311968.19090909,51322078.545,36753831.22909091,14568247.315909095,0.0,33.741200261484636,False
HOME CARE,10.0,-1.5,15743165.01,51322078.545,10892864.194,3.5859553249705796,0.8667841720414474,13645926.248504736,48933681.89498136,35043403.088384524,13890278.806596838,-4.653741075440765,27.517231090128448,False
HOME CARE,10.0,-2.0,15743165.01,51322078.545,10892864.194,3.5859553249705796,0.8264462809917354,13010880.173553718,46656435.0409091,33412573.844628096,13243861.196281001,-9.090909090909083,21.582909328622456,False
HOME CARE,15.0,-1.0,15743165.01,51322078.545,10892864.194,3.7489532942874235,0.8695652173913044,13689708.704347827,51322078.545,35155838.56695652,16166239.978043482,0.0,48.41128733568678,False
HOME CARE,15.0,-1.5,15743165.01,51322078.545,10892864.194,3.7489532942874235,0.8108737462959251,12765719.190213626,47858085.01209956,32782988.501407225,15075096.510692332,-6.74951917596861,38.3942390376627,False
HOME CARE,15.0,-2.0,15743165.01,51322078.545,10892864.194,3.7489532942874235,0.7561436672967865,11904094.52551985,44627894.38695653,30570294.40604915,14057599.980907377,-13.043478260869556,29.053293335379827,False
HOME CARE,20.0,-1.0,15743165.01,51322078.545,10892864.194,3.9119512636042684,0.8333333333333334,13119304.175,51322078.54500001,33691011.96,17631066.58500001,2.220446049250313e-14,61.858867153705454,False
HOME CARE,20.0,-1.5,15743165.01,51322078.545,10892864.194,3.9119512636042684,0.7607257743127308,11976231.39236534,46850433.528580695,30755545.39278057,16094888.135800127,-8.71290708247231,47.756254453860734,False
HOME CARE,20.0,-2.0,15743165.01,51322078.545,10892864.194,3.9119512636042684,0.6944444444444445,10932753.479166668,42768398.78750001,28075843.3,14692555.487500008,-16.66666666666665,34.88238929475456,False
LADIESWEAR,-20.0,-1.0,633234.98,9782806.71,5066316.021,12.359148839187629,1.25,791543.725,9782806.71,5895613.359999999,3887193.3500000015,0.0,-23.273768673578733,False
LADIESWEAR,-20.0,-1.5,633234.98,9782806.71,5066316.021,12.359148839187629,1.3975424859373684,884972.7881316998,10937510.407150537,6591496.12100797,4346014.286142567,11.80339887498949,-14.217465548374097,False
LADIESWEAR,-20.0,-2.0,633234.98,9782806.71,5066316.021,12.359148839187629,1.5624999999999998,989429.6562499999,12228508.387500001,7369516.699999999,4858991.687500002,25.0,-4.09221084197341,False
LADIESWEAR,-15.0,-1.0,633234.98,9782806.71,5066316.021,13.131595641636855,1.1764705882352942,744982.3294117647,9782806.71,5548812.5741176475,4233994.135882353,0.0,-16.428542587309046,False
LADIESWEAR,-15.0,-1.5,633234.98,9782806.71,5066316.021,13.131595641636855,1.2760615165803304,808046.7889305152,10610943.691758608,6018532.260266285,4592411.431492323,8.465228909328083,-9.354027414463106,False
LADIESWEAR,-15.0,-2.0,633234.98,9782806.71,5066316.021,13.131595641636855,1.384083044982699,876449.7993079586,11509184.364705885,6528014.793079586,4981169.571626299,17.647058823529417,-1.6806383380106316,False
LADIESWEAR,-10.0,-1.0,633234.98,9782806.71,5066316.021,13.904042444086082,1.1111111111111112,703594.4222222222,9782806.71,5240545.208888888,4542261.501111113,0.0,-10.343897177291527,False
LADIESWEAR,-10.0,-1.5,633234.98,9782806.71,5066316.021,13.904042444086082,1.1712139482105108,741653.6410708039,10311983.704259442,5524019.680390589,4787964.023868853,5.409255338945984,-5.494169648663272,False
LADIESWEAR,-10.0,-2.0,633234.98,9782806.71,5066316.021,13.904042444086082,1.2345679012345678,781771.5802469135,10869785.233333334,5822828.009876543,5046957.223456792,11.111111111111116,-0.3821079747683642,False
LADIESWEAR,-5.0,-1.0,633234.98,9782806.71,5066316.021,14.676489246535308,1.0526315789473684,666563.1368421052,9782806.709999999,4964727.039999999,4818079.67,-2.220446049250313e-14,-4.899740757802206,False
LADIESWEAR,-5.0,-1.5,633234.98,9782806.71,5066316.021,14.676489246535308,1.0799772127212148,683879.3486979742,10036947.907093389,5093702.467051805,4943245.440041584,2.59783520851542,-2.4291927398189417,False
LADIESWEAR,-5.0,-2.0,633234.98,9782806.71,5066316.021,14.676489246535308,1.10803324099723,701645.4072022161,10297691.273684211,5226028.463157895,5071662.810526316,5.263157894736836,0.10553604441874143,False
LADIESWEAR,-2.0,-1.0,633234.98,9782806.71,5066316.021,15.139957328004844,1.0204081632653061,646158.1428571428,9782806.71,4812745.6,4970061.110000001,0.0,-1.899899465430499,False
LADIESWEAR,-2.0,-1.5,633234.98,9782806.71,5066316.021,15.139957328004844,1.0307679026042966,652718.2921902738,9882127.090968942,4861607.2141224565,5020519.876846486,1.0152544552210818,-0.9039338241769279,False
LADIESWEAR,-2.0,-2.0,633234.98,9782806.71,5066316.021,15.139957328004844,1.0412328196584757,659345.0437317784,9982455.826530613,4910964.897959183,5071490.92857143,2.0408163265306145,0.10214340262195698,False
LADIESWEAR,2.0,-1.0,633234.98,9782806.71,5066316.021,15.757914769964227,0.9803921568627451,620818.6078431372,9782806.71,4624010.478431372,5158796.231568629,0.0,1.8253936427435002,False
LADIESWEAR,2.0,-1.5,633234.98,9782806.71,5066316.021,15.757914769964227,0.9707328852712493,614702.0191900819,9686422.027322225,4578452.613917219,5107969.413405006,-0.9852457023325489,0.8221633279951623,False
LADIESWEAR,2.0,-2.0,633234.98,9782806.71,5066316.021,15.757914769964227,0.9611687812379853,608645.69396386,9590986.970588237,4533343.606305267,5057643.36428297,-1.9607843137254832,-0.1711827031926405,False
LADIESWEAR,5.0,-1.0,633234.98,9782806.71,5066316.021,16.221382851433763,0.9523809523809523,603080.9333333332,9782806.71,4491895.893333333,5290910.816666668,0.0,4.4330988184652975,False
LADIESWEAR,5.0,-1.5,633234.98,9782806.71,5066316.021,16.221382851433763,0.9294286409033649,588546.7268338694,9547041.7819304,4383641.5299812155,5163400.251949185,-2.4099927051466907,1.9162687551816493,False
LADIESWEAR,5.0,-2.0,633234.98,9782806.71,5066316.021,16.221382851433763,0.9070294784580498,574362.7936507936,9316958.771428572,4277996.088888888,5038962.682539684,-4.761904761904767,-0.5399058871759177,False
LADIESWEAR,10.0,-1.0,633234.98,9782806.71,5066316.021,16.99382965388299,0.9090909090909091,575668.1636363636,9782806.71,4287718.807272727,5495087.902727274,0.0,8.463188635489871,False
LADIESWEAR,10.0,-1.5,633234.98,9782806.71,5066316.021,16.99382965388299,0.8667841720414474,548878.0578469825,9327540.215805754,4088179.4759392766,5239360.739866477,-4.6537410754407755,3.4155926742272635,False
LADIESWEAR,10.0,-2.0,633234.98,9782806.71,5066316.021,16.99382965388299,0.8264462809917354,523334.694214876,8893460.645454546,3897926.188429752,4995534.457024794,-9.090909090909093,-1.3971012404637717,False
LADIESWEAR,15.0,-1.0,633234.98,9782806.71,5066316.021,17.766276456332214,0.8695652173913044,550639.1130434783,9782806.710000003,4101296.2504347833,5681510.4595652195,2.220446049250313e-14,12.142835859729729,False
LADIESWEAR,15.0,-1.5,633234.98,9782806.71,5066316.021,17.766276456332214,0.8108737462959251,513473.6205182252,9122514.295160607,3824478.473548405,5298035.821612202,-6.74951917596861,4.573733648902234,False
LADIESWEAR,15.0,-2.0,633234.98,9782806.71,5066316.021,17.766276456332214,0.7561436672967865,478816.62003780727,8506788.443478262,3566344.565595464,4940443.877882798,-13.043478260869556,-2.484490556756791,False
LADIESWEAR,20.0,-1.0,633234.98,9782806.71,5066316.021,18.53872325878144,0.8333333333333334,527695.8166666667,9782806.71,3930408.9066666667,5852397.803333335,0.0,15.51584581528289,False
LADIESWEAR,20.0,-1.5,633234.98,9782806.71,5066316.021,18.53872325878144,0.7607257743127308,481718.17048240657,8930439.851299834,3587956.030667584,5342483.820632249,-8.71290708247232,5.451057503865275,False
LADIESWEAR,20.0,-2.0,633234.98,9782806.71,5066316.021,18.53872325878144,0.6944444444444445,439746.51388888893,8152338.925000002,3275340.7555555557,4876998.1694444455,-16.66666666666665,-3.7367951539309274,False
LAWN AND GARDEN,-20.0,-1.0,533928.98,4811628.432,1505584.296,7.209390929857377,1.25,667411.225,4811628.432000001,4132555.17,679073.262000001,2.220446049250313e-14,-54.896363903094205,False
LAWN AND GARDEN,-20.0,-1.5,533928.98,4811628.432,1505584.296,7.209390929857377,1.3975424859373684,746188.4340232034,5379564.128211362,4620337.140444099,759226.9877672633,11.80339887498949,-49.57260182745269,False
LAWN AND GARDEN,-20.0,-2.0,533928.98,4811628.432,1505584.296,7.209390929857377,1.5624999999999998,834264.0312499999,6014535.54,5165693.962499999,848841.5775000006,25.0,-43.6204548788678,False
LAWN AND GARDEN,-15.0,-1.0,533928.98,4811628.432,1505584.296,7.659977862973462,1.1764705882352942,628151.7411764705,4811628.432,3889463.689411764,922164.742588236,0.0,-38.75037451983121,False
LAWN AND GARDEN,-15.0,-1.5,533928.98,4811628.432,1505584.296,7.659977862973462,1.2760615165803304,681326.2239649888,5218943.793035113,4218715.694065668,1000228.0989694456,8.465228909328083,-33.565453516828825,False
LAWN AND GARDEN,-15.0,-2.0,533928.98,4811628.432,1505584.296,7.659977862973462,1.384083044982699,739002.0484429066,5660739.331764706,4575839.634602076,1084899.69716263,17.647058823529417,-27.9416170821544,False
LAWN AND GARDEN,-10.0,-1.0,533928.98,4811628.432,1505584.296,8.110564796089548,1.1111111111111112,593254.4222222222,4811628.432,3673382.373333333,1138246.058666667,0.0,-24.39838395693077,False
LAWN AND GARDEN,-10.0,-1.5,533928.98,4811628.432,1505584.296,8.110564796089548,1.1712139482105108,625345.0687298109,5071901.699848203,3872085.005482767,1199816.6943654362,5.409255338945984,-20.30889950479159,False
LAWN AND GARDEN,-10.0,-2.0,533928.98,4811628.432,1505584.296,8.110564796089548,1.2345679012345678,659171.5802469135,5346253.8133333335,4081535.9703703695,1264717.842962964,11.111111111111116,-15.9982043965897,False
LAWN AND GARDEN,-5.0,-1.0,533928.98,4811628.432,1505584.296,8.561151729205633,1.0526315789473684,562030.5052631579,4811628.432,3480046.4589473684,1331581.9730526316,0.0,-11.557129242756691,False
LAWN AND GARDEN,-5.0,-1.5,533928.98,4811628.432,1505584.296,8.561151729205633,1.0799772127212148,576631.1316114812,4936626.609509434,3570452.3311305963,1366174.2783788373,2.5978352085153977,-9.25952920680323,False
LAWN AND GARDEN,-5.0,-2.0,533928.98,4811628.432,1505584.296,8.561151729205633,1.10803324099723,591611.0581717452,5064872.033684211,3663206.7988919667,1401665.2347922442,5.2631578947368585,-6.902241308164914,False
LAWN AND GARDEN,-2.0,-1.0,533928.98,4811628.432,1505584.296,8.831503889075286,1.0204081632653061,544825.4897959183,4811628.432,3373514.4244897957,1438114.0075102043,0.0,-4.481335828824006,False
LAWN AND GARDEN,-2.0,-1.5,533928.98,4811628.432,1505584.296,8.831503889075286,1.0307679026042966,550356.8548542514,4860478.704024564,3407764.1799819535,1452714.52404261,1.0152544552210596,-3.5115783352584917,False
LAWN AND GARDEN,-2.0,-2.0,533928.98,4811628.432,1505584.296,8.831503889075286,1.0412328196584757,555944.3773427738,4909824.930612246,3442361.6576426486,1467463.272969597,2.0408163265306367,-2.531975335534653,False
LAWN AND GARDEN,2.0,-1.0,533928.98,4811628.432,1505584.296,9.191973435568155,0.9803921568627451,523459.7843137254,4811628.432,3241219.74117647,1570408.6908235298,0.0,4.305597168870157,False
LAWN AND GARDEN,2.0,-1.5,533928.98,4811628.432,1505584.296,9.191973435568155,0.9707328852712493,518302.41928533517,4764222.069661508,3209285.762973374,1554936.306688134,-0.98524570233256,3.2779307554715587,False
LAWN AND GARDEN,2.0,-2.0,533928.98,4811628.432,1505584.296,9.191973435568155,0.9611687812379853,513195.86697424063,4717282.7764705885,3177666.412918108,1539616.3635524805,-1.9607843137254832,2.2603893812452647,False
LAWN AND GARDEN,5.0,-1.0,533928.98,4811628.432,1505584.296,9.462325595437807,0.9523809523809523,508503.79047619045,4811628.432000001,3148613.4628571426,1663014.9691428584,2.220446049250313e-14,10.456450267256123,False
LAWN AND GARDEN,5.0,-1.5,533928.98,4811628.432,1505584.296,9.462325595437807,0.9294286409033649,496248.88622031984,4695668.537790037,3072732.1080890186,1622936.4297010181,-2.4099927051466685,7.794457873451277,False
LAWN AND GARDEN,5.0,-2.0,533928.98,4811628.432,1505584.296,9.462325595437807,0.9070294784580498,484289.3242630385,4582503.268571429,2998679.4884353736,1583823.7801360553,-4.761904761904756,5.196619302148675,False
LAWN AND GARDEN,10.0,-1.0,533928.98,4811628.432,1505584.296,9.912912528553893,0.9090909090909091,485389.9818181818,4811628.432000001,3005494.669090909,1806133.762909092,2.220446049250313e-14,19.962314146579807,False
LAWN AND GARDEN,10.0,-1.5,533928.98,4811628.432,1505584.296,9.912912528553893,0.8667841720414474,462801.1888582345,4587707.703262429,2865626.729155242,1722080.9741071868,-4.653741075440787,14.379578658091074,False
LAWN AND GARDEN,10.0,-2.0,533928.98,4811628.432,1505584.296,9.912912528553893,0.8264462809917354,441263.61983471067,4374207.665454545,2732267.880991735,1641939.78446281,-9.090909090909104,9.056649224163404,False
LAWN AND GARDEN,15.0,-1.0,533928.98,4811628.432,1505584.296,10.363499461669978,0.8695652173913044,464286.0695652174,4811628.432000001,2874820.987826087,1936807.444173914,2.220446049250313e-14,28.64158116683184,False
LAWN AND GARDEN,15.0,-1.5,533928.98,4811628.432,1505584.296,10.363499461669978,0.8108737462959251,432948.9922685621,4486866.648305803,2680784.393977995,1806082.2543278076,-6.749519175968599,19.958892977707276,False
LAWN AND GARDEN,15.0,-2.0,533928.98,4811628.432,1505584.296,10.363499461669978,0.7561436672967865,403727.0170132326,4184024.723478262,2499844.3372400757,1684180.3862381862,-13.043478260869545,11.862244492897256,False
LAWN AND GARDEN,20.0,-1.0,533928.98,4811628.432,1505584.296,10.814086394786065,0.8333333333333334,444940.81666666665,4811628.432000001,2755036.78,2056591.6520000012,2.220446049250313e-14,36.59757593539625,False
LAWN AND GARDEN,20.0,-1.5,533928.98,4811628.432,1505584.296,10.814086394786065,0.7607257743127308,406173.5367385065,4392395.717566021,2514992.9852706627,1877402.732295358,-8.71290708247231,24.69595606723558,False
LAWN AND GARDEN,20.0,-2.0,533928.98,4811628.432,1505584.296,10.814086394786065,0.6944444444444445,370784.01388888893,4009690.3600000013,2295863.9833333334,1713826.3766666679,-16.66666666666664,13.831313279496893,False
LINGERIE,-20.0,-1.0,638776.51,6439421.67,3499617.315,8.064694388965554,1.25,798470.6375,6439421.669999999,3674755.4437499996,2764666.2262499994,-1.1102230246251565e-14,-21.00089874398169,False
LINGERIE,-20.0,-1.5,638776.51,6439421.67,3499617.315,8.064694388965554,1.3975424859373684,892717.3117437963,7199492.294952608,4108501.486456202,3090990.808496406,11.803398874989469,-11.676319715077021,False
LINGERIE,-20.0,-2.0,638776.51,6439421.67,3499617.315,8.064694388965554,1.5624999999999998,998088.2968749999,8049277.087499998,4593444.304687499,3455832.7828124985,24.999999999999957,-1.25112342997713,False
LINGERIE,-15.0,-1.0,638776.51,6439421.67,3499617.315,8.568737788275902,1.1764705882352942,751501.7764705883,6439421.67,3458593.3588235294,2980828.3111764705,0.0,-14.824163819281178,False
LINGERIE,-15.0,-1.5,638776.51,6439421.67,3499617.315,8.568737788275902,1.2760615165803304,815118.1221064907,6984533.454802377,3751371.2036907603,3233162.251111617,8.465228909328083,-7.6138343111490485,False
LINGERIE,-15.0,-2.0,638776.51,6439421.67,3499617.315,8.568737788275902,1.384083044982699,884119.7370242216,7575790.2,4068933.3633218,3506856.8366782004,17.647058823529417,0.20686609496332053,False
LINGERIE,-10.0,-1.0,638776.51,6439421.67,3499617.315,9.07278118758625,1.1111111111111112,709751.6777777778,6439421.67,3266449.283333333,3172972.3866666667,0.0,-9.333732775102966,False
LINGERIE,-10.0,-1.5,638776.51,6439421.67,3499617.315,9.07278118758625,1.1712139482105108,748143.9583012309,6787746.43048172,3443139.865586004,3344606.5648957156,5.409255338945984,-4.429362874617171,False
LINGERIE,-10.0,-2.0,638776.51,6439421.67,3499617.315,9.07278118758625,1.2345679012345678,788612.9753086419,7154912.966666666,3629388.0925925924,3525524.8740740735,11.111111111111093,0.7402969165522411,False
LINGERIE,-5.0,-1.0,638776.51,6439421.67,3499617.315,9.576824586896596,1.0526315789473684,672396.3263157895,6439421.669999999,3094530.9,3344890.769999999,-1.1102230246251565e-14,-4.421241840838275,False
LINGERIE,-5.0,-1.5,638776.51,6439421.67,3499617.315,9.576824586896596,1.0799772127212148,689864.0748215852,6606707.23336803,3174921.7132585887,3431785.520109441,2.5978352085153977,-1.9382632095177765,False
LINGERIE,-5.0,-2.0,638776.51,6439421.67,3499617.315,9.576824586896596,1.10803324099723,707785.6066481995,6778338.6,3257400.947368421,3520937.6526315785,5.263157894736836,0.6092191149071002,False
LINGERIE,-2.0,-1.0,638776.51,6439421.67,3499617.315,9.879250626482804,1.0204081632653061,651812.7653061225,6439421.67,2999800.362244898,3439621.307755102,0.0,-1.714359081141359,False
LINGERIE,-2.0,-1.5,638776.51,6439421.67,3499617.315,9.879250626482804,1.0307679026042966,658430.3234455925,6504798.185395146,3030255.969070327,3474542.216324819,1.0152544552210596,-0.7165097328700631,False
LINGERIE,-2.0,-2.0,638776.51,6439421.67,3499617.315,9.879250626482804,1.0412328196584757,665115.0666389005,6570838.4387755105,3061020.7778009167,3509817.660974594,2.0408163265306145,0.2914703253659612,False
LINGERIE,2.0,-1.0,638776.51,6439421.67,3499617.315,10.282485345931082,0.9803921568627451,626251.4803921569,6439421.67,2882161.132352941,3557260.5376470587,0.0,1.6471293132534592,False
LINGERIE,2.0,-1.5,638776.51,6439421.67,3499617.315,10.282485345931082,0.9707328852712493,620081.3645957991,6375977.544741253,2853764.7636621343,3522212.781079119,-0.98524570233256,0.6456553401502196,False
LINGERIE,2.0,-2.0,638776.51,6439421.67,3499617.315,10.282485345931082,0.9611687812379853,613972.0396001538,6313158.5,2825648.1689734715,3487510.3310265285,-1.9607843137254943,-0.3459516536730711,False
LINGERIE,5.0,-1.0,638776.51,6439421.67,3499617.315,10.584911385517291,0.9523809523809523,608358.5809523809,6439421.669999999,2799813.671428571,3639607.998571428,-1.1102230246251565e-14,4.000171189329826,False
LINGERIE,5.0,-1.5,638776.51,6439421.67,3499617.315,10.584911385517291,0.9294286409033649,593697.1835302947,6284232.0774993645,2732338.366189443,3551893.7113099215,-2.4099927051466907,1.4937746503269178,False
LINGERIE,5.0,-2.0,638776.51,6439421.67,3499617.315,10.584911385517291,0.9070294784580498,579389.1247165533,6132782.542857142,2666489.2108843536,3466293.3319727886,-4.761904761904767,-0.9522179149239696,False
LINGERIE,10.0,-1.0,638776.51,6439421.67,3499617.315,11.088954784827639,0.9090909090909091,580705.9181818182,6439421.67,2672549.4136363636,3766872.2563636363,0.0,7.636690452356976,False
LINGERIE,10.0,-1.5,638776.51,6439421.67,3499617.315,11.088954784827639,0.8667841720414474,553681.3683398754,6139747.6587223755,2548175.8838125165,3591571.774909859,-4.6537410754407755,2.6275575765305925,False
LINGERIE,10.0,-2.0,638776.51,6439421.67,3499617.315,11.088954784827639,0.8264462809917354,527914.4710743801,5854019.699999999,2429590.3760330575,3424429.323966942,-9.090909090909104,-2.1484632251300373,False
LINGERIE,15.0,-1.0,638776.51,6439421.67,3499617.315,11.592998184137985,0.8695652173913044,555457.8347826088,6439421.67,2556351.6130434787,3883070.0569565212,0.0,10.956990649033905,False
LINGERIE,15.0,-1.5,638776.51,6439421.67,3499617.315,11.592998184137985,0.8108737462959251,517967.1017095365,6004791.669561871,2383810.1707159257,3620981.4988459456,-6.749519175968621,3.4679272880996592,False
LINGERIE,15.0,-2.0,638776.51,6439421.67,3499617.315,11.592998184137985,0.7561436672967865,483006.8128544424,5599497.104347826,2222914.4461247637,3376582.6582230623,-13.043478260869568,-3.5156603051879065,False
LINGERIE,20.0,-1.0,638776.51,6439421.67,3499617.315,12.097041583448332,0.8333333333333334,532313.7583333334,6439421.670000001,2449836.9625000004,3989584.7075000005,2.220446049250313e-14,14.00059916265446,False
LINGERIE,20.0,-1.5,638776.51,6439421.67,3499617.315,12.097041583448332,0.7607257743127308,485933.7551825338,5878360.843244313,2236384.944285313,3641975.898959,-8.71290708247231,4.067832884150646,False
LINGERIE,20.0,-2.0,638776.51,6439421.67,3499617.315,12.097041583448332,0.6944444444444445,443594.7986111112,5366184.725000001,2041530.8020833335,3324653.922916667,-16.66666666666665,-4.999500697787951,False
"LIQUOR,WINE,BEER",-20.0,-1.0,7617076.19,55929770.78,14502599.944,5.874145867510353,1.25,9521345.2375,55929770.78000001,51783963.54375,4145807.2362500057,2.220446049250313e-14,-71.41335172825198,False
"LIQUOR,WINE,BEER",-20.0,-1.5,7617076.19,55929770.78,14502599.944,5.874145867510353,1.3975424859373684,10645187.594146939,62531384.715030715,57896231.31409795,4635153.4009327665,11.803398874989469,-68.0391556077473,False
"LIQUOR,WINE,BEER",-20.0,-2.0,7617076.19,55929770.78,14502599.944,5.874145867510353,1.5624999999999998,11901681.546874998,69912213.475,64729954.42968749,5182259.0453125015,24.99999999999998,-64.26668966031501,False
"LIQUOR,WINE,BEER",-15.0,-1.0,7617076.19,55929770.78,14502599.944,6.241279984229749,1.1764705882352942,8961266.105882354,55929770.78,48737848.041176476,7191922.738823526,0.0,-50.40942474732636,False
"LIQUOR,WINE,BEER",-15.0,-1.5,7617076.19,55929770.78,14502599.944,6.241279984229749,1.2760615165803304,9719857.794919325,60664353.90498949,52863618.44334253,7800735.461646959,8.465228909328083,-46.2114690347349,False
"LIQUOR,WINE,BEER",-15.0,-2.0,7617076.19,55929770.78,14502599.944,6.241279984229749,1.384083044982699,10542666.006920416,65799730.32941176,57338644.75432526,8461085.575086497,17.64705882352939,-41.658146761560445,False
"LIQUOR,WINE,BEER",-10.0,-1.0,7617076.19,55929770.78,14502599.944,6.608414100949147,1.1111111111111112,8463417.98888889,55929770.78000001,46030189.81666667,9899580.963333338,2.220446049250313e-14,-31.739267430947905,False
"LIQUOR,WINE,BEER",-10.0,-1.5,7617076.19,55929770.78,14502599.944,6.608414100949147,1.1712139482105108,8921225.878310176,58955154.8919774,48520080.316851676,10435074.575125724,5.409255338945984,-28.046870110052847,False
"LIQUOR,WINE,BEER",-10.0,-2.0,7617076.19,55929770.78,14502599.944,6.608414100949147,1.2345679012345678,9403797.765432099,62144189.755555555,51144655.35185185,10999534.403703704,11.111111111111116,-24.15474158994215,False
"LIQUOR,WINE,BEER",-5.0,-1.0,7617076.19,55929770.78,14502599.944,6.975548217668543,1.0526315789473684,8017974.936842105,55929770.779999994,43607548.24736842,12322222.532631576,-1.1102230246251565e-14,-15.034389832083095,False
"LIQUOR,WINE,BEER",-5.0,-1.5,7617076.19,55929770.78,14502599.944,6.975548217668543,1.0799772127212148,8226268.712761331,57382734.0573648,44740400.48930891,12642333.56805589,2.5978352085153977,-12.827123296011056,False
"LIQUOR,WINE,BEER",-5.0,-2.0,7617076.19,55929770.78,14502599.944,6.975548217668543,1.10803324099723,8439973.617728533,58873442.92631579,45902682.365650974,12970760.560664818,5.263157894736836,-10.562515612719036,False
"LIQUOR,WINE,BEER",-2.0,-1.0,7617076.19,55929770.78,14502599.944,7.195828687700182,1.0204081632653061,7772526.724489797,55929770.78000001,42272623.30102041,13657147.478979595,2.220446049250313e-14,-5.829661359239136,False
"LIQUOR,WINE,BEER",-2.0,-1.5,7617076.19,55929770.78,14502599.944,7.195828687700182,1.0307679026042966,7851437.648343427,56497600.26963888,42701797.99242284,13795802.27721604,1.0152544552210596,-4.873592800692094,False
"LIQUOR,WINE,BEER",-2.0,-2.0,7617076.19,55929770.78,14502599.944,7.195828687700182,1.0412328196584757,7931149.71886714,57071194.673469394,43135329.89900042,13935864.774468973,2.0408163265306145,-3.9078177135093317,False
"LIQUOR,WINE,BEER",2.0,-1.0,7617076.19,55929770.78,14502599.944,7.489535981075699,0.9803921568627451,7467721.7549019605,55929770.779999994,40614873.36764706,15314897.412352934,-1.1102230246251565e-14,5.601047201808784,False
"LIQUOR,WINE,BEER",2.0,-1.5,7617076.19,55929770.78,14502599.944,7.489535981075699,0.9707328852712493,7394146.3472496355,55378725.11706559,40214717.07328451,15164008.043781087,-0.9852457023325711,4.560617422634783,False
"LIQUOR,WINE,BEER",2.0,-2.0,7617076.19,55929770.78,14502599.944,7.489535981075699,0.9611687812379853,7321295.838139177,54833108.60784314,39818503.30161476,15014605.306228377,-1.9607843137254943,3.5304384331459326,False
"LIQUOR,WINE,BEER",5.0,-1.0,7617076.19,55929770.78,14502599.944,7.709816451107338,0.9523809523809523,7254358.2761904765,55929770.78000001,39454448.41428571,16475322.365714297,2.220446049250313e-14,13.602543194542505,False
"LIQUOR,WINE,BEER",5.0,-1.5,7617076.19,55929770.78,14502599.944,7.709816451107338,0.9294286409033649,7079528.770929081,54581867.38419674,38503599.08564557,16078268.298551172,-2.4099927051466796,10.86473019069285,False
"LIQUOR,WINE,BEER",5.0,-2.0,7617076.19,55929770.78,14502599.944,7.709816451107338,0.9070294784580498,6908912.643990929,53266448.36190476,37575665.15646258,15690783.205442183,-4.761904761904767,8.192898280516637,False
"LIQUOR,WINE,BEER",10.0,-1.0,7617076.19,55929770.78,14502599.944,8.076950567826735,0.9090909090909091,6924614.718181819,55929770.78000001,37661064.39545455,18268706.38454546,2.220446049250313e-14,25.968491546948936,False
"LIQUOR,WINE,BEER",10.0,-1.5,7617076.19,55929770.78,14502599.944,8.076950567826735,0.8667841720414474,6602361.078725773,53326944.063811265,35908415.972235076,17418528.09157619,-4.653741075440787,20.106244113715377,False
"LIQUOR,WINE,BEER",10.0,-2.0,7617076.19,55929770.78,14502599.944,8.076950567826735,0.8264462809917354,6295104.289256198,50845246.163636364,34237331.26859504,16607914.895041324,-9.090909090909093,14.516810497226285,False
"LIQUOR,WINE,BEER",15.0,-1.0,7617076.19,55929770.78,14502599.944,8.44408468454613,0.8695652173913044,6623544.513043479,55929770.779999994,36023626.81304348,19906143.96695651,-1.1102230246251565e-14,37.259140042624296,False
"LIQUOR,WINE,BEER",15.0,-1.5,7617076.19,55929770.78,14502599.944,8.44408468454613,0.8108737462959251,6176487.106006793,52154780.17612861,33592205.21341774,18562574.962710872,-6.74951917596861,27.994808064677823,False
"LIQUOR,WINE,BEER",15.0,-2.0,7617076.19,55929770.78,14502599.944,8.44408468454613,0.7561436672967865,5759603.924385634,48634583.28695652,31324892.88090738,17309690.40604914,-13.043478260869568,19.35577395010808,False
"LIQUOR,WINE,BEER",20.0,-1.0,7617076.19,55929770.78,14502599.944,8.811218801265529,0.8333333333333334,6347563.491666667,55929770.78000001,34522642.362500004,21407128.417500004,2.220446049250313e-14,47.608901163660235,False
"LIQUOR,WINE,BEER",20.0,-1.5,7617076.19,55929770.78,14502599.944,8.811218801265529,0.7607257743127308,5794506.182636816,51056661.82049886,31514716.61104116,19541945.209457703,-8.712907082472299,34.74787475981211,False
"LIQUOR,WINE,BEER",20.0,-2.0,7617076.19,55929770.78,14502599.944,8.811218801265529,0.6944444444444445,5289636.243055557,46608142.31666668,28768868.635416675,17839273.681250002,-16.66666666666665,23.007417636383522,False
MAGAZINES,-20.0,-1.0,256552.44,877903.698,244461.303,2.737541527182513,1.25,320690.55,877903.698,791802.9937499999,86100.70425000007,0.0,-64.77941367677317,False
MAGAZINES,-20.0,-1.5,256552.44,877903.698,244461.303,2.737541527182513,1.3975424859373684,358542.93477089755,981526.173213223,885262.6594064204,96263.51380680257,11.803398874989469,-60.622187386932744,False
MAGAZINES,-20.0,-2.0,256552.44,877903.698,244461.303,2.737541527182513,1.5624999999999998,400863.18749999994,1097379.6224999998,989753.7421874999,107625.88031249994,24.99999999999998,-55.97426709596653,False
MAGAZINES,-15.0,-1.0,256552.44,877903.698,244461.303,2.9086378726314197,1.1764705882352942,301826.4,877903.698,745226.3470588236,132677.3509411764,0.0,-45.726644948310536,False
MAGAZINES,-15.0,-1.5,256552.44,877903.698,244461.303,2.9086378726314197,1.2760615165803304,327376.6956687842,952220.2556391562,808311.4632299766,143908.79240917962,8.465228909328083,-41.132281206412614,False
MAGAZINES,-15.0,-2.0,256552.44,877903.698,244461.303,2.9086378726314197,1.384083044982699,355089.8823529412,1032827.88,876736.8788927336,156091.0011072664,17.647058823529417,-36.1489940568359,False
MAGAZINES,-10.0,-1.0,256552.44,877903.698,244461.303,3.079734218080327,1.1111111111111112,285058.26666666666,877903.698,703824.8833333333,174078.81466666667,0.0,-28.790850523010313,False
MAGAZINES,-10.0,-1.5,256552.44,877903.698,244461.303,3.079734218080327,1.1712139482105108,300477.7961754402,925391.7506548691,741896.5684118719,183495.18224299722,5.409255338945984,-24.938965803108225,False
MAGAZINES,-10.0,-2.0,256552.44,877903.698,244461.303,3.079734218080327,1.2345679012345678,316731.4074074074,975448.5533333333,782027.6481481481,193420.90518518526,11.111111111111116,-20.878722803344772,False
MAGAZINES,-5.0,-1.0,256552.44,877903.698,244461.303,3.2508305635292336,1.0526315789473684,270055.2,877903.698,666781.4684210527,211122.2295789473,0.0,-13.637771300373336,False
MAGAZINES,-5.0,-1.5,256552.44,877903.698,244461.303,3.2508305635292336,1.0799772127212148,277070.7890680267,900710.1893635027,684103.3521715507,216606.83719195193,2.5978352085153977,-11.394222916355845,False
MAGAZINES,-5.0,-2.0,256552.44,877903.698,244461.303,3.2508305635292336,1.10803324099723,284268.6315789474,924109.1557894737,701875.2299168976,222233.92587257607,5.263157894736836,-9.092390842498265,False
MAGAZINES,-2.0,-1.0,256552.44,877903.698,244461.303,3.353488370798578,1.0204081632653061,261788.20408163266,877903.698,646369.7908163265,231533.90718367347,0.0,-5.2881154021855785,False
MAGAZINES,-2.0,-1.5,256552.44,877903.698,244461.303,3.353488370798578,1.0307679026042966,264446.02048681467,886816.6544064955,652932.0889147924,233884.5654917031,1.0152544552210818,-4.326548774182437,False
MAGAZINES,-2.0,-2.0,256552.44,877903.698,244461.303,3.353488370798578,1.0412328196584757,267130.8204914619,895820.1,659561.0110370679,236259.08896293212,2.0408163265306145,-3.3552197981485454,False
MAGAZINES,2.0,-1.0,256552.44,877903.698,244461.303,3.4903654471577035,0.9803921568627451,251522.0,877903.6979999999,621021.9558823529,256881.74211764697,-1.1102230246251565e-14,5.0807383275900175,False
MAGAZINES,2.0,-1.5,256552.44,877903.698,244461.303,3.4903654471577035,0.9707328852712493,249043.89030457908,869254.1895448362,614903.3637514804,254350.82579335582,-0.9852457023325822,4.045434869238096,False
MAGAZINES,2.0,-2.0,256552.44,877903.698,244461.303,3.4903654471577035,0.9611687812379853,246590.19607843136,860689.8999999998,608845.0547866204,251844.84521337936,-1.9607843137255165,3.0203316937156943,False
MAGAZINES,5.0,-1.0,256552.44,877903.698,244461.303,3.593023254427048,0.9523809523809523,244335.65714285712,877903.6979999999,603278.4714285714,274625.2265714285,-1.1102230246251565e-14,12.338935938432938,False
MAGAZINES,5.0,-1.5,256552.44,877903.698,244461.303,3.593023254427048,0.9294286409033649,238447.18562964207,856746.282919987,588739.5042754224,268006.77864456456,-2.4099927051466907,9.631575777277334,False
MAGAZINES,5.0,-2.0,256552.44,877903.698,244461.303,3.593023254427048,0.9070294784580498,232700.62585034012,836098.7599999999,574550.9251700679,261547.83482993196,-4.761904761904767,6.989462798507606,False
MAGAZINES,10.0,-1.0,256552.44,877903.698,244461.303,3.764119599875955,0.9090909090909091,233229.4909090909,877903.698,575856.7227272727,302046.9752727273,0.0,23.556150427917544,False
MAGAZINES,10.0,-1.5,256552.44,877903.698,244461.303,3.764119599875955,0.8667841720414474,222375.5942906131,837048.3330033603,549057.8418860264,287990.4911173339,-4.653741075440787,17.806167104220116,False
MAGAZINES,10.0,-2.0,256552.44,877903.698,244461.303,3.764119599875955,0.8264462809917354,212026.80991735536,798094.2709090909,523506.1115702479,274588.15933884296,-9.090909090909093,12.323773116288649,False
MAGAZINES,15.0,-1.0,256552.44,877903.698,244461.303,3.9352159453248614,0.8695652173913044,223089.0782608696,877903.698,550819.4739130435,327084.22408695647,0.0,33.797954961794694,False
MAGAZINES,15.0,-1.5,256552.44,877903.698,244461.303,3.9352159453248614,0.8108737462959251,208031.63814416056,818649.4195569523,513641.8078963132,305007.6116606391,-6.749519175968621,24.76723633459448,False
MAGAZINES,15.0,-2.0,256552.44,877903.698,244461.303,3.9352159453248614,0.7561436672967865,193990.5028355388,763394.52,478973.45557655965,284421.0644234404,-13.043478260869556,16.346047792864926,False
MAGAZINES,20.0,-1.0,256552.44,877903.698,244461.303,4.106312290773769,0.8333333333333334,213793.7,877903.6979999999,527868.6625,350035.0354999999,-1.1102230246251565e-14,43.186275784515416,False
MAGAZINES,20.0,-1.5,256552.44,877903.698,244461.303,4.106312290773769,0.7607257743127308,195166.05357082043,801412.7645196717,481875.9564188857,319536.808100786,-8.71290708247231,30.710588620558067,False
MAGAZINES,20.0,-2.0,256552.44,877903.698,244461.303,4.106312290773769,0.6944444444444445,178161.4166666667,731586.4149999999,439890.5520833334,291695.86291666655,-16.666666666666675,19.32189648709617,False
MEATS,-20.0,-1.0,30705830.389,171755826.042,34847868.12,4.474872006158921,1.25,38382287.98625,171755826.04199997,171134947.40125,620878.6407499611,-2.220446049250313e-14,-98.2183167170745,False
MEATS,-20.0,-1.5,30705830.389,171755826.042,34847868.12,4.474872006158921,1.3975424859373684,42912702.53461425,192028851.28077027,191334687.85752296,694163.4232473075,11.803398874989469,-98.00801753250177,False
MEATS,-20.0,-2.0,30705830.389,171755826.042,34847868.12,4.474872006158921,1.5624999999999998,47977859.982812494,214694782.55249995,213918684.25156248,776098.3009374738,24.99999999999998,-97.77289589634307,False
MEATS,-15.0,-1.0,30705830.389,171755826.042,34847868.12,4.754551506543853,1.1764705882352942,36124506.339999996,171755826.04199997,161068185.78941175,10687640.252588212,-2.220446049250313e-14,-69.33057650532622,False
MEATS,-15.0,-1.5,30705830.389,171755826.042,34847868.12,4.754551506543853,1.2760615165803304,39182528.494045734,186295349.8815626,174702976.41658732,11592373.464975268,8.46522890932806,-66.73433960133092,False
MEATS,-15.0,-2.0,30705830.389,171755826.042,34847868.12,4.754551506543853,1.384083044982699,42499419.22352941,202065677.69647056,189491983.2816609,12573694.414809644,17.64705882352939,-63.91832530038384,False
MEATS,-10.0,-1.0,30705830.389,171755826.042,34847868.12,5.034231006928787,1.1111111111111112,34117589.32111111,171755826.04200003,152119953.24555558,19635872.796444446,2.220446049250313e-14,-43.652585205994384,False
MEATS,-10.0,-1.5,30705830.389,171755826.042,34847868.12,5.034231006928787,1.1712139482105108,35963096.84298298,181046537.23212767,160348509.93809292,20698027.29403475,5.409255338945984,-40.60460966289162,False
MEATS,-10.0,-2.0,30705830.389,171755826.042,34847868.12,5.034231006928787,1.2345679012345678,37908432.57901234,190839806.7133333,169022170.2728395,21817636.440493822,11.111111111111093,-37.39176133999378,False
MEATS,-5.0,-1.0,30705830.389,171755826.042,34847868.12,5.313910507313719,1.0526315789473684,32321926.725263156,171755826.042,144113639.9168421,27642186.125157893,0.0,-20.677540359223855,False
MEATS,-5.0,-1.5,30705830.389,171755826.042,34847868.12,5.313910507313719,1.0799772127212148,33161597.117802594,176217759.36359555,147857474.79487494,28360284.56872061,2.5978352085153977,-18.616873574415337,False
MEATS,-5.0,-2.0,30705830.389,171755826.042,34847868.12,5.313910507313719,1.10803324099723,34023080.7634349,180795606.35999998,151698568.333518,29097038.026481986,5.263157894736836,-16.502674062340926,False
MEATS,-2.0,-1.0,30705830.389,171755826.042,34847868.12,5.481718207544678,1.0204081632653061,31332479.98877551,171755826.042,139701997.87857142,32053828.163428575,0.0,-8.017821770187016,False
MEATS,-2.0,-1.5,30705830.389,171755826.042,34847868.12,5.481718207544678,1.0307679026042966,31650584.387792803,173499584.71799314,141120328.63606647,32379256.081926674,1.0152544552210596,-7.083968607699509,False
MEATS,-2.0,-2.0,30705830.389,171755826.042,34847868.12,5.481718207544678,1.0412328196584757,31971918.355893377,175261046.98163265,142553059.05976677,32707987.92186588,2.0408163265306145,-6.140634459374549,False
MEATS,2.0,-1.0,30705830.389,171755826.042,34847868.12,5.7054618078526245,0.9803921568627451,30103755.28333333,171755826.042,134223488.15784314,37532337.88415685,0.0,7.70339739266912,False
MEATS,2.0,-1.5,30705830.389,171755826.042,34847868.12,5.7054618078526245,0.9707328852712493,29807159.32816358,170063609.1474154,132901057.00924712,37162552.138168275,-0.98524570233256,6.642254298591732,False
MEATS,2.0,-2.0,30705830.389,171755826.042,34847868.12,5.7054618078526245,0.9611687812379853,29513485.57189542,168388064.7470588,131591655.05670895,36796409.69034986,-1.9607843137254943,5.591566071244269,False
MEATS,5.0,-1.0,30705830.389,171755826.042,34847868.12,5.873269508083584,0.9523809523809523,29243647.989523806,171755826.04199997,130388531.35333332,41367294.68866664,-2.220446049250313e-14,18.708250806668403,False
MEATS,5.0,-1.5,30705830.389,171755826.042,34847868.12,5.873269508083584,0.9294286409033649,28538878.206257507,167616523.16372335,127246177.25937009,40370345.90435326,-2.4099927051466907,15.847390621820523,False
MEATS,5.0,-2.0,30705830.389,171755826.042,34847868.12,5.873269508083584,0.9070294784580498,27851093.323356006,163576977.18285713,124179553.66984126,39397423.51301587,-4.761904761904767,13.055476958731882,False
MEATS,10.0,-1.0,30705830.389,171755826.042,34847868.12,6.152949008468517,0.9090909090909091,27914391.26272727,171755826.042,124461779.92818181,47294046.11381818,0.0,35.71575153739472,False
MEATS,10.0,-1.5,30705830.389,171755826.042,34847868.12,6.152949008468517,0.8667841720414474,26615327.77057448,163762754.61602083,118669650.95243931,45093103.66358152,-4.6537410754407755,29.39989186225582,False
MEATS,10.0,-2.0,30705830.389,171755826.042,34847868.12,6.152949008468517,0.8264462809917354,25376719.32975206,156141660.03818178,113147072.66198346,42994587.37619832,-9.090909090909104,23.37795594308605,False
MEATS,15.0,-1.0,30705830.389,171755826.042,34847868.12,6.4326285088534485,0.8695652173913044,26700722.077391304,171755826.04199997,119050398.19217391,52705427.84982605,-2.220446049250313e-14,51.24433916110118,False
MEATS,15.0,-1.5,30705830.389,171755826.042,34847868.12,6.4326285088534485,0.8108737462959251,24898551.72065569,160163133.62745187,111015068.73712614,49148064.890325725,-6.7495191759686435,41.03607348685561,False
MEATS,15.0,-2.0,30705830.389,171755826.042,34847868.12,6.4326285088534485,0.7561436672967865,23218019.197731573,149352892.2104348,103522085.38449907,45830806.82593572,-13.043478260869556,31.516816661827196,False
MEATS,20.0,-1.0,30705830.389,171755826.042,34847868.12,6.712308009238382,0.8333333333333334,25588191.990833335,171755826.042,114089964.93416667,57665861.107833326,0.0,65.47887781616562,False
MEATS,20.0,-1.5,30705830.389,171755826.042,34847868.12,6.712308009238382,0.7607257743127308,23358716.598587405,156790900.51022777,104149412.29902749,52641488.21120028,-8.712907082472299,51.060856950925256,False
MEATS,20.0,-2.0,30705830.389,171755826.042,34847868.12,6.712308009238382,0.6944444444444445,21323493.325694446,143129855.035,95074970.77847223,48054884.25652777,-16.666666666666664,37.89906484680468,False
PERSONAL CARE,-20.0,-1.0,24280827.358,95214925.917,30328735.412,3.1371229493340564,1.25,30351034.197499998,95214925.917,81107738.13125001,14107187.785749987,0.0,-53.48573689568252,False
PERSONAL CARE,-20.0,-1.5,24280827.358,95214925.917,30328735.412,3.1371229493340564,1.3975424859373684,33933487.826515384,106453523.41150925,90681207.98136339,15772315.43014586,11.80339887498949,-47.99547288771784,False
PERSONAL CARE,-20.0,-2.0,24280827.358,95214925.917,30328735.412,3.1371229493340564,1.5624999999999998,37938792.746874996,119018657.39625,101384672.6640625,17633984.732187495,25.0,-41.85717111960311,False
PERSONAL CARE,-15.0,-1.0,24280827.358,95214925.917,30328735.412,3.3331931336674345,1.1764705882352942,28565679.244705882,95214925.917,76336694.71176471,18878231.205235288,0.0,-37.754637808717064,False
PERSONAL CARE,-15.0,-1.5,24280827.358,95214925.917,30328735.412,3.3331931336674345,1.2760615165803304,30983829.382274657,103275087.3517212,82798770.66093054,20476316.690790653,8.465228909328083,-32.48542541378463,False
PERSONAL CARE,-15.0,-2.0,24280827.358,95214925.917,30328735.412,3.3331931336674345,1.384083044982699,33606681.464359865,112017559.90235294,89807876.1314879,22209683.770865038,17.647058823529417,-26.770162127902452,False
PERSONAL CARE,-10.0,-1.0,24280827.358,95214925.917,30328735.412,3.529263318000813,1.1111111111111112,26978697.064444445,95214925.917,72095767.2277778,23119158.6892222,0.0,-23.771438620303385,False
PERSONAL CARE,-10.0,-1.5,24280827.358,95214925.917,30328735.412,3.529263318000813,1.1712139482105108,28438043.675780967,100365344.38063878,75995611.36570042,24369733.014938354,5.409255338945984,-19.64804109407041,False
PERSONAL CARE,-10.0,-2.0,24280827.358,95214925.917,30328735.412,3.529263318000813,1.2345679012345678,29976330.071604937,105794362.13,80106408.03086421,25687954.099135786,11.111111111111116,-15.30159846700374,False
PERSONAL CARE,-5.0,-1.0,24280827.358,95214925.917,30328735.412,3.7253335023341916,1.0526315789473684,25558765.639999997,95214925.91699998,68301253.1631579,26913672.753842086,-1.1102230246251565e-14,-11.260155135933214,False
PERSONAL CARE,-5.0,-1.5,24280827.358,95214925.917,30328735.412,3.7253335023341916,1.0799772127212148,26222740.252657857,97688452.78623368,70075607.16568767,27612845.620546013,2.5978352085153977,-8.954840202072544,False
PERSONAL CARE,-5.0,-2.0,24280827.358,95214925.917,30328735.412,3.7253335023341916,1.10803324099723,26903963.831578948,100226237.80736841,71896055.96121885,28330181.846149564,5.263157894736836,-6.589636985192859,False
PERSONAL CARE,-2.0,-1.0,24280827.358,95214925.917,30328735.412,3.8429756129342185,1.0204081632653061,24776354.446938775,95214925.917,66210398.4744898,29004527.442510195,0.0,-4.366182603729207,False
PERSONAL CARE,-2.0,-1.5,24280827.358,95214925.917,30328735.412,3.8429756129342185,1.0307679026042966,25027897.489302684,96181599.69440778,66882602.49482168,29298997.199586093,1.0152544552210596,-3.395256011915604,False
PERSONAL CARE,-2.0,-2.0,24280827.358,95214925.917,30328735.412,3.8429756129342185,1.0412328196584757,25281994.333610997,97158087.67040816,67561631.09641817,29596456.573989987,2.0408163265306145,-2.414472044621674,False
PERSONAL CARE,2.0,-1.0,24280827.358,95214925.917,30328735.412,3.9998317604009217,0.9803921568627451,23804732.703921568,95214925.917,63613912.25980393,31601013.657196067,0.0,4.194959756524086,False
PERSONAL CARE,2.0,-1.5,24280827.358,95214925.917,30328735.412,3.9998317604009217,0.9707328852712493,23570197.598004427,94276824.95142362,62987158.923178606,31289666.02824501,-0.9852457023325711,3.16838339347576,False
PERSONAL CARE,2.0,-2.0,24280827.358,95214925.917,30328735.412,3.9998317604009217,0.9611687812379853,23337973.23913879,93347966.5852941,62366580.64686659,30981385.938427508,-1.9607843137255054,2.1519213299255435,False
PERSONAL CARE,5.0,-1.0,24280827.358,95214925.917,30328735.412,4.117473871000949,0.9523809523809523,23124597.483809523,95214925.91700001,61796371.909523815,33418554.007476196,2.220446049250313e-14,10.187759408701446,False
PERSONAL CARE,5.0,-1.5,24280827.358,95214925.917,30328735.412,4.117473871000949,0.9294286409033649,22567296.37135518,92920253.14818949,60307083.85445897,32613169.293730512,-2.4099927051466796,7.532242444987158,False
PERSONAL CARE,5.0,-2.0,24280827.358,95214925.917,30328735.412,4.117473871000949,0.9070294784580498,22023426.17505669,90680881.82571429,58853687.53287982,31827194.29283447,-4.761904761904756,4.940723246382306,False
PERSONAL CARE,10.0,-1.0,24280827.358,95214925.917,30328735.412,4.313544055334328,0.9090909090909091,22073479.416363634,95214925.917,58987445.913636364,36227480.00336363,0.0,19.44935887115724,False
PERSONAL CARE,10.0,-1.5,24280827.358,95214925.917,30328735.412,4.313544055334328,0.8667841720414474,21046236.837985355,90783869.79965007,56242322.91380006,34541546.88585001,-4.653741075440765,13.890494993019576,False
PERSONAL CARE,10.0,-2.0,24280827.358,95214925.917,30328735.412,4.313544055334328,0.8264462809917354,20066799.469421484,86559023.56090908,53624950.830578506,32934072.73033057,-9.090909090909104,8.590326246506574,False
PERSONAL CARE,15.0,-1.0,24280827.358,95214925.917,30328735.412,4.509614239667705,0.8695652173913044,21113762.92,95214925.917,56422774.352173924,38792151.56482607,0.0,27.90560185861688,False
PERSONAL CARE,15.0,-1.5,24280827.358,95214925.917,30328735.412,4.509614239667705,0.8108737462959251,19688685.44294605,88788376.23384777,52614508.377660446,36173867.85618732,-6.749519175968621,19.27258873403146,False
PERSONAL CARE,15.0,-2.0,24280827.358,95214925.917,30328735.412,4.509614239667705,0.7561436672967865,18359793.843478262,82795587.75391304,49063282.04536863,33732305.70854442,-13.043478260869556,11.222262485753841,False
PERSONAL CARE,20.0,-1.0,24280827.358,95214925.917,30328735.412,4.705684424001084,0.8333333333333334,20234022.798333332,95214925.91699998,54071825.420833334,41143100.49616665,-1.1102230246251565e-14,35.65715793045492,False
PERSONAL CARE,20.0,-1.5,24280827.358,95214925.917,30328735.412,4.705684424001084,0.7607257743127308,18471051.19286829,86918937.89320694,49360597.5141195,37558340.37908744,-8.71290708247231,23.837475809251664,False
PERSONAL CARE,20.0,-2.0,24280827.358,95214925.917,30328735.412,4.705684424001084,0.6944444444444445,16861685.66527778,79345771.5975,45059854.51736112,34285917.08013888,-16.666666666666664,13.04763160871245,False
PET SUPPLIES,-20.0,-1.0,348174.65,2431918.332,688221.06,5.58781251191033,1.25,435218.3125,2431918.332,2179621.59,252296.7420000001,0.0,-63.340740836963036,False
PET SUPPLIES,-20.0,-1.5,348174.65,2431918.332,688221.06,5.58781251191033,1.3975424859373684,486588.8659013732,2718967.3530399506,2436891.0202330877,282076.3328068629,11.803398874989469,-59.01370225333371,False
PET SUPPLIES,-20.0,-2.0,348174.65,2431918.332,688221.06,5.58781251191033,1.5624999999999998,544022.890625,3039897.9149999996,2724526.9875,315370.92749999976,24.99999999999998,-54.17592604620385,False
PET SUPPLIES,-15.0,-1.0,348174.65,2431918.332,688221.06,5.937050793904725,1.1764705882352942,409617.2352941177,2431918.3320000004,2051408.555294118,380509.7767058825,2.220446049250313e-14,-44.71111117903273,False
PET SUPPLIES,-15.0,-1.5,348174.65,2431918.332,688221.06,5.937050793904725,1.2760615165803304,444292.27191382577,2637785.7856917134,2225064.985365305,412720.80032640835,8.465228909328083,-40.030780178913986,False
PET SUPPLIES,-15.0,-2.0,348174.65,2431918.332,688221.06,5.937050793904725,1.384083044982699,481902.62975778553,2861080.3905882356,2413421.829757786,447658.5608304497,17.647058823529417,-34.954248445920896,False
PET SUPPLIES,-10.0,-1.0,348174.65,2431918.332,688221.06,6.286289075899121,1.1111111111111112,386860.72222222225,2431918.332,1937441.4133333333,494476.9186666666,0.0,-28.151440371983593,False
PET SUPPLIES,-10.0,-1.5,348174.65,2431918.332,688221.06,6.286289075899121,1.1712139482105108,407787.0064933128,2563467.004212516,2042242.566423017,521224.4377894988,5.409255338945984,-24.264968324349333,False
PET SUPPLIES,-10.0,-2.0,348174.65,2431918.332,688221.06,6.286289075899121,1.2345679012345678,429845.2469135802,2702131.4799999995,2152712.6814814815,549418.798518518,11.111111111111093,-20.168267079981838,False
PET SUPPLIES,-5.0,-1.0,348174.65,2431918.332,688221.06,6.635527357893516,1.0526315789473684,366499.63157894736,2431918.332,1835470.8126315789,596447.519368421,0.0,-13.334892807781706,False
PET SUPPLIES,-5.0,-1.5,348174.65,2431918.332,688221.06,6.635527357893516,1.0799772127212148,376020.68804718455,2495095.5626710365,1883153.3196441461,611942.2430268903,2.5978352085153977,-11.083476139644688,False
PET SUPPLIES,-5.0,-2.0,348174.65,2431918.332,688221.06,6.635527357893516,1.10803324099723,385789.0858725762,2559914.0336842104,1932074.5396121885,627839.4940720219,5.263157894736836,-8.773571376612354,False
PET SUPPLIES,-2.0,-1.0,348174.65,2431918.332,688221.06,6.845070327090154,1.0204081632653061,355280.2551020408,2431918.332,1779282.9306122449,652635.4013877551,0.0,-5.170672721384751,False
PET SUPPLIES,-2.0,-1.5,348174.65,2431918.332,688221.06,6.845070327090154,1.0307679026042966,358887.2537204851,2456608.491212968,1797347.1798362737,659261.3113766941,1.0152544552210596,-4.207913751332448,False
PET SUPPLIES,-2.0,-2.0,348174.65,2431918.332,688221.06,6.845070327090154,1.0412328196584757,362530.8725531029,2481549.318367347,1815594.827155352,665954.491211995,2.0408163265306145,-3.2353803279436155,False
PET SUPPLIES,2.0,-1.0,348174.65,2431918.332,688221.06,7.12446095268567,0.9803921568627451,341347.6960784314,2431918.332,1709507.1294117647,722411.2025882353,0.0,4.967901242114725,False
PET SUPPLIES,2.0,-1.5,348174.65,2431918.332,688221.06,7.12446095268567,0.9707328852712493,337984.58257280744,2407957.961149732,1692664.2838881668,715293.6772615653,-0.9852457023325711,3.9337095062980554,False
PET SUPPLIES,2.0,-2.0,348174.65,2431918.332,688221.06,7.12446095268567,0.9611687812379853,334654.60399846215,2384233.6588235293,1675987.38177624,708246.2770472893,-1.9607843137254943,2.9097071001124686,False
PET SUPPLIES,5.0,-1.0,348174.65,2431918.332,688221.06,7.334003921882307,0.9523809523809523,331594.9047619048,2431918.332,1660664.0685714288,771254.2634285712,0.0,12.064903016564354,False
PET SUPPLIES,5.0,-1.5,348174.65,2431918.332,688221.06,7.334003921882307,0.9294286409033649,323603.4917465048,2373309.277603675,1620642.1856618652,752667.09194181,-2.4099927051466796,9.364147028835458,False
PET SUPPLIES,5.0,-2.0,348174.65,2431918.332,688221.06,7.334003921882307,0.9070294784580498,315804.6712018141,2316112.697142857,1581584.8272108845,734527.8699319726,-4.761904761904756,6.728479063394621,False
PET SUPPLIES,10.0,-1.0,348174.65,2431918.332,688221.06,7.683242203876704,0.9090909090909091,316522.4090909091,2431918.3320000004,1585179.3381818184,846738.993818182,2.220446049250313e-14,23.032996667986595,False
PET SUPPLIES,10.0,-1.5,348174.65,2431918.332,688221.06,7.683242203876704,0.8667841720414474,301792.27572607074,2318743.1496625417,1511409.1962014504,807333.9534610913,-4.6537410754407755,17.307359565702797,False
PET SUPPLIES,10.0,-2.0,348174.65,2431918.332,688221.06,7.683242203876704,0.8264462809917354,287747.64462809917,2210834.847272727,1441072.1256198348,769762.7216528924,-9.090909090909093,11.848178789078666,False
PET SUPPLIES,15.0,-1.0,348174.65,2431918.332,688221.06,8.032480485871098,0.8695652173913044,302760.56521739135,2431918.332,1516258.4973913045,915659.8346086955,0.0,33.04734304537198,False
PET SUPPLIES,15.0,-1.5,348174.65,2431918.332,688221.06,8.032480485871098,0.8108737462959251,282325.68281077256,2267775.537837764,1413918.339352625,853857.1984851388,-6.749519175968621,24.067287113407822,False
PET SUPPLIES,15.0,-2.0,348174.65,2431918.332,688221.06,8.032480485871098,0.7561436672967865,263270.0567107751,2114711.593043478,1318485.6499054823,796225.9431379959,-13.043478260869568,15.693341778584324,False
PET SUPPLIES,20.0,-1.0,348174.65,2431918.332,688221.06,8.381718767865493,0.8333333333333334,290145.5416666667,2431918.3319999995,1453081.06,978837.2719999994,-2.220446049250313e-14,42.22716055797526,False
PET SUPPLIES,20.0,-1.5,348174.65,2431918.332,688221.06,8.381718767865493,0.7607257743127308,264865.43021731405,2220027.5474112295,1326475.4574091963,893552.0900020332,-8.71290708247231,29.835040212520237,False
PET SUPPLIES,20.0,-2.0,348174.65,2431918.332,688221.06,8.381718767865493,0.6944444444444445,241787.95138888893,2026598.6099999999,1210900.8833333335,815697.7266666663,-16.666666666666675,18.52263379831276,False
PLAYERS AND ELECTRONICS,-20.0,-1.0,545240.47,18582662.332,4646291.462,27.265272267115463,1.25,681550.5874999999,18582662.332,17420463.5875,1162198.7445,0.0,-74.9865294933579,False
PLAYERS AND ELECTRONICS,-20.0,-1.5,545240.47,18582662.332,4646291.462,27.265272267115463,1.3975424859373684,761996.7218774591,20776048.08863838,19476670.390604924,1299377.6980334558,11.80339887498949,-72.03408979698108,False
PLAYERS AND ELECTRONICS,-20.0,-2.0,545240.47,18582662.332,4646291.462,27.265272267115463,1.5624999999999998,851938.2343749999,23228327.915,21775579.484375,1452748.430624999,25.0,-68.7331618666974,False
PLAYERS AND ELECTRONICS,-15.0,-1.0,545240.47,18582662.332,4646291.462,28.969351783810176,1.1764705882352942,641459.3764705883,18582662.332,16395730.43529412,2186931.896705879,0.0,-52.93166787766448,False
PLAYERS AND ELECTRONICS,-15.0,-1.5,545240.47,18582662.332,4646291.462,28.969351783810176,1.2760615165803304,695760.3810491721,20155727.235851284,17783666.547998138,2372060.6878531463,8.465228909328083,-48.94722581970588,False
PLAYERS AND ELECTRONICS,-15.0,-2.0,545240.47,18582662.332,4646291.462,28.969351783810176,1.384083044982699,754658.089965398,21861955.68470588,19289094.629757788,2572861.0549480915,17.647058823529417,-44.625491620781766,False
PLAYERS AND ELECTRONICS,-10.0,-1.0,545240.47,18582662.332,4646291.462,30.673431300504895,1.1111111111111112,605822.7444444444,18582662.332,15484856.522222223,3097805.809777776,0.0,-33.327346441492445,False
PLAYERS AND ELECTRONICS,-10.0,-1.5,545240.47,18582662.332,4646291.462,30.673431300504895,1.1712139482105108,638593.2435928546,19587845.986312013,16322471.950378653,3265374.0359333605,5.409255338945984,-29.720852369261884,False
PLAYERS AND ELECTRONICS,-10.0,-2.0,545240.47,18582662.332,4646291.462,30.673431300504895,1.2345679012345678,673136.3827160493,20647402.59111111,17205396.13580247,3442006.4553086385,11.111111111111116,-25.91927382388053,False
PLAYERS AND ELECTRONICS,-5.0,-1.0,545240.47,18582662.332,4646291.462,32.37751081719961,1.0526315789473684,573937.3368421053,18582662.332,14669864.073684212,3912798.2583157867,0.0,-15.786637788075408,False
PLAYERS AND ELECTRONICS,-5.0,-1.5,545240.47,18582662.332,4646291.462,32.37751081719961,1.0799772127212148,588847.2830534051,19065409.276740223,15050962.967631731,4014446.309108492,2.5978352085153977,-13.598913414259428,False
PLAYERS AND ELECTRONICS,-5.0,-2.0,545240.47,18582662.332,4646291.462,32.37751081719961,1.10803324099723,604144.565096953,19560697.191578947,15441962.182825487,4118735.00875346,5.2631578947368585,-11.354355566395169,False
PLAYERS AND ELECTRONICS,-2.0,-1.0,545240.47,18582662.332,4646291.462,33.39995852721644,1.0204081632653061,556367.8265306122,18582662.332,14220786.602040816,4361875.729959182,0.0,-6.121349346396599,False
PLAYERS AND ELECTRONICS,-2.0,-1.5,545240.47,18582662.332,4646291.462,33.39995852721644,1.0307679026042966,562016.3756768809,18771323.639224317,14365163.771585518,4406159.867638798,1.0152544552210818,-5.168242163134485,False
PLAYERS AND ELECTRONICS,-2.0,-2.0,545240.47,18582662.332,4646291.462,33.39995852721644,1.0412328196584757,567722.2719700125,18961900.338775508,14511006.736776343,4450893.6019991655,2.0408163265306145,-4.20545851673123,False
PLAYERS AND ELECTRONICS,2.0,-1.0,545240.47,18582662.332,4646291.462,34.76322214057221,0.9803921568627451,534549.4803921569,18582662.332,13663108.696078433,4919553.635921566,0.0,5.881296430851535,False
PLAYERS AND ELECTRONICS,2.0,-1.5,545240.47,18582662.332,4646291.462,34.76322214057221,0.9707328852712493,529282.8546097521,18399577.449994996,13528493.504845291,4871083.945149705,-0.98524570233256,4.838105508192592,False
PLAYERS AND ELECTRONICS,2.0,-2.0,545240.47,18582662.332,4646291.462,34.76322214057221,0.9611687812379853,524068.1180315263,18218296.403921563,13395204.603998462,4823091.799923101,-1.9607843137255165,3.80519257926617,False
PLAYERS AND ELECTRONICS,5.0,-1.0,545240.47,18582662.332,4646291.462,35.785669850589045,0.9523809523809523,519276.638095238,18582662.332,13272734.16190476,5309928.170095239,0.0,14.283148474925333,False
PLAYERS AND ELECTRONICS,5.0,-1.5,545240.47,18582662.332,4646291.462,35.785669850589045,0.9294286409033649,506762.10899761185,18134821.52537676,12952862.236829344,5181959.288547415,-2.4099927051466796,11.528932933467683,False
PLAYERS AND ELECTRONICS,5.0,-2.0,545240.47,18582662.332,4646291.462,35.785669850589045,0.9070294784580498,494549.17913832195,17697773.64952381,12640699.20181406,5057074.44770975,-4.761904761904756,8.84109378564315,False
PLAYERS AND ELECTRONICS,10.0,-1.0,545240.47,18582662.332,4646291.462,37.489749367283764,0.9090909090909091,495673.1545454545,18582662.332,12669428.063636363,5913234.268363636,0.0,27.267828906675582,False
PLAYERS AND ELECTRONICS,10.0,-1.5,545240.47,18582662.332,4646291.462,37.489749367283764,0.8667841720414474,472605.80935243965,17717873.342145257,12079825.685815496,5638047.65632976,-4.653741075440765,21.345113677023985,False
PLAYERS AND ELECTRONICS,10.0,-2.0,545240.47,18582662.332,4646291.462,37.489749367283764,0.8264462809917354,450611.9586776859,16893329.39272727,11517661.876033057,5375667.516694214,-9.090909090909093,15.698026278795973,False
PLAYERS AND ELECTRONICS,15.0,-1.0,545240.47,18582662.332,4646291.462,39.19382888397847,0.8695652173913044,474122.14782608696,18582662.331999995,12118583.365217391,6464078.966782603,-2.220446049250313e-14,39.12340669218661,False
PLAYERS AND ELECTRONICS,15.0,-1.5,545240.47,18582662.332,4646291.462,39.19382888397847,0.8108737462959251,442121.18254105095,17328421.97449616,11300637.257126302,6027784.717369858,-6.749519175968633,29.733245679236674,False
PLAYERS AND ELECTRONICS,15.0,-2.0,545240.47,18582662.332,4646291.462,39.19382888397847,0.7561436672967865,412280.1285444235,16158836.810434781,10537898.578449907,5620938.231984874,-13.043478260869568,20.97687538451014,False
PLAYERS AND ELECTRONICS,20.0,-1.0,545240.47,18582662.332,4646291.462,40.89790840067319,0.8333333333333334,454367.05833333335,18582662.332,11613642.391666668,6969019.940333331,0.0,49.991019662238536,False
PLAYERS AND ELECTRONICS,20.0,-1.5,545240.47,18582662.332,4646291.462,40.89790840067319,0.7607257743127308,414778.47872738726,16963572.22956326,10601756.521190137,6361815.708373122,-8.712907082472299,36.92244148701496,False
PLAYERS AND ELECTRONICS,20.0,-2.0,545240.47,18582662.332,4646291.462,40.89790840067319,0.6944444444444445,378639.2152777778,15485551.943333333,9678035.32638889,5807516.616944443,-16.666666666666664,24.992516385198815,False
POULTRY,-20.0,-1.0,31481758.61,133136235.52,26175227.383,3.3831969088972063,1.25,39352198.2625,133136235.52000003,133701260.17125,-565024.651249975,2.220446049250313e-14,-102.15862365962461,True
POULTRY,-20.0,-1.5,31481758.61,133136235.52,26175227.383,3.3831969088972063,1.3975424859373684,43997095.18949955,148850836.445571,149482553.21015006,-631716.7645790577,11.803398874989469,-102.4134146203801,True
POULTRY,-20.0,-2.0,31481758.61,133136235.52,26175227.383,3.3831969088972063,1.5624999999999998,49190247.82812499,166420294.39999998,167126575.21406245,-706280.8140624762,24.99999999999998,-102.69827957453077,True
POULTRY,-15.0,-1.0,31481758.61,133136235.52,26175227.383,3.594646715703281,1.1764705882352942,37037363.07058824,133136235.52,125836480.16117647,7299755.358823523,0.0,-72.11196964208804,False
POULTRY,-15.0,-1.5,31481758.61,133136235.52,26175227.383,3.594646715703281,1.2760615165803304,40172660.636492476,144406522.61803016,136488826.25826126,7917696.359768897,8.465228909328083,-69.75118403398781,False
POULTRY,-15.0,-2.0,31481758.61,133136235.52,26175227.383,3.594646715703281,1.384083044982699,43573368.3183391,156630865.31764704,148042917.8366782,8587947.480968833,17.64705882352939,-67.19055252010365,False
POULTRY,-10.0,-1.0,31481758.61,133136235.52,26175227.383,3.806096522509357,1.1111111111111112,34979731.78888889,133136235.52,118845564.59666665,14290670.923333347,0.0,-45.40383273761093,False
POULTRY,-10.0,-1.5,31481758.61,133136235.52,26175227.383,3.806096522509357,1.1712139482105108,36871874.798228346,140337914.4479373,125274224.64471234,15063689.803224966,5.409255338945984,-42.450586645110235,False
POULTRY,-10.0,-2.0,31481758.61,133136235.52,26175227.383,3.806096522509357,1.2345679012345678,38866368.654320985,147929150.57777777,132050627.32962961,15878523.248148158,11.111111111111116,-39.337591930678826,False
POULTRY,-5.0,-1.0,31481758.61,133136235.52,26175227.383,4.017546329315432,1.0526315789473684,33138693.273684207,133136235.51999998,112590534.88105261,20545700.638947368,-1.1102230246251565e-14,-21.507078665184153,False
POULTRY,-5.0,-1.5,31481758.61,133136235.52,26175227.383,4.017546329315432,1.0799772127212148,33999581.91518991,136594895.52163056,115515451.43764843,21079444.083982125,2.59783520851542,-19.467961918555975,False
POULTRY,-5.0,-2.0,31481758.61,133136235.52,26175227.383,4.017546329315432,1.10803324099723,34882835.02493075,140143405.81052634,118516352.5063712,21627053.30415514,5.2631578947368585,-17.37587227914115,False
POULTRY,-2.0,-1.0,31481758.61,133136235.52,26175227.383,4.144416213399077,1.0204081632653061,32124243.479591835,133136235.51999998,109143885.85408162,23992349.665918365,-1.1102230246251565e-14,-8.339479482418355,False
POULTRY,-2.0,-1.5,31481758.61,133136235.52,26175227.383,4.144416213399077,1.0307679026042966,32450386.292724457,134487907.0826304,110251974.01781659,24235933.064813808,1.0152544552210596,-7.408891964184827,False
POULTRY,-2.0,-2.0,31481758.61,133136235.52,26175227.383,4.144416213399077,1.0412328196584757,32779840.285297792,135853301.55102038,111371312.09600165,24481989.45501873,2.0408163265305923,-6.468856614712648,False
POULTRY,2.0,-1.0,31481758.61,133136235.52,26175227.383,4.313576058843938,0.9803921568627451,30864469.225490194,133136235.52,104863733.46764705,28272502.05235295,0.0,8.012441071343135,False
POULTRY,2.0,-1.5,31481758.61,133136235.52,26175227.383,4.313576058843938,0.9707328852712493,30560378.368898295,131824516.48129185,103830568.04035157,27993948.440940276,-0.98524570233256,6.9482531377033085,False
POULTRY,2.0,-2.0,31481758.61,133136235.52,26175227.383,4.313576058843938,0.9611687812379853,30259283.55440215,130525721.09803921,102807581.83102651,27718139.2670127,-1.9607843137254943,5.894550069944282,False
POULTRY,5.0,-1.0,31481758.61,133136235.52,26175227.383,4.440445942927583,0.9523809523809523,29982627.247619044,133136235.51999998,101867626.79714283,31268608.722857147,-1.1102230246251565e-14,19.458785458976145,False
POULTRY,5.0,-1.5,31481758.61,133136235.52,26175227.383,4.440445942927583,0.9294286409033649,29260048.118140105,129927661.95606108,99412624.42242566,30515037.533635423,-2.4099927051466907,16.579837443757974,False
POULTRY,5.0,-2.0,31481758.61,133136235.52,26175227.383,4.440445942927583,0.9070294784580498,28554883.09297052,126796414.78095236,97016787.42585033,29779627.355102032,-4.761904761904767,13.770271865691509,False
POULTRY,10.0,-1.0,31481758.61,133136235.52,26175227.383,4.651895749733659,0.9090909090909091,28619780.554545455,133136235.52000001,97237280.12454544,35898955.39545457,2.220446049250313e-14,37.148590421681796,False
POULTRY,10.0,-1.5,31481758.61,133136235.52,26175227.383,4.651895749733659,0.8667841720414474,27287890.071177557,126940419.84131019,92712108.87874804,34228310.962562144,-4.6537410754407755,30.766050134839972,False
POULTRY,10.0,-2.0,31481758.61,133136235.52,26175227.383,4.651895749733659,0.8264462809917354,26017982.322314046,121032941.38181818,88397527.38595039,32635413.99586779,-9.090909090909093,24.68053674698345,False
POULTRY,15.0,-1.0,31481758.61,133136235.52,26175227.383,4.863345556539733,0.8695652173913044,27375442.26956522,133136235.52000001,93009572.29304348,40126663.22695653,2.220446049250313e-14,53.30015147458682,False
POULTRY,15.0,-1.5,31481758.61,133136235.52,26175227.383,4.863345556539733,0.8108737462959251,25527731.544074696,124150179.77341485,86731873.37563811,37418306.39777674,-6.749519175968621,42.953128354020585,False
POULTRY,15.0,-2.0,31481758.61,133136235.52,26175227.383,4.863345556539733,0.7561436672967865,23804732.408317585,115770639.5826087,80877888.9504726,34892750.63213611,-13.043478260869556,33.304479543118944,False
POULTRY,20.0,-1.0,31481758.61,133136235.52,26175227.383,5.0747953633458085,0.8333333333333334,26234798.84166667,133136235.52,89134173.4475,44002062.07249999,0.0,68.10574910641643,False
POULTRY,20.0,-1.5,31481758.61,133136235.52,26175227.383,5.0747953633458085,0.7607257743127308,23948985.19531873,121536199.0260409,81367995.73628962,40168203.28975128,-8.71290708247231,53.45885138648032,False
POULTRY,20.0,-2.0,31481758.61,133136235.52,26175227.383,5.0747953633458085,0.6944444444444445,21862332.36805556,110946862.93333334,74278477.87291667,36668385.06041667,-16.666666666666664,40.08812425534705,False
PREPARED FOODS,-20.0,-1.0,8727482.572,45573847.437,12914397.622,4.1775022349021995,1.25,10909353.215,45573847.43699999,40824312.26875,4749535.1682499945,-1.1102230246251565e-14,-63.22294459821307,False
PREPARED FOODS,-20.0,-1.5,8727482.572,45573847.437,12914397.622,4.1775022349021995,1.3975424859373684,12197027.689647939,50953110.432668276,45642968.68380183,5310141.748866446,11.803398874989469,-58.88200205466427,False
PREPARED FOODS,-20.0,-2.0,8727482.572,45573847.437,12914397.622,4.1775022349021995,1.5624999999999998,13636691.518749999,56967309.29624999,51030390.3359375,5936918.960312493,24.99999999999998,-54.02868074776632,False
PREPARED FOODS,-15.0,-1.0,8727482.572,45573847.437,12914397.622,4.4385961245835865,1.1764705882352942,10267626.555294119,45573847.437,38422882.135294124,7150965.3017058745,0.0,-44.62796089285631,False
PREPARED FOODS,-15.0,-1.5,8727482.572,45573847.437,12914397.622,4.4385961245835865,1.2760615165803304,11136804.646754723,49431777.945329994,41675467.06160809,7756310.883721903,8.465228909328083,-39.940591030673914,False
PREPARED FOODS,-15.0,-2.0,8727482.572,45573847.437,12914397.622,4.4385961245835865,1.384083044982699,12079560.653287198,53616291.10235293,45203390.74740485,8412900.354948081,17.64705882352939,-34.856424579831,False
PREPARED FOODS,-10.0,-1.0,8727482.572,45573847.437,12914397.622,4.6996900142649745,1.1111111111111112,9697202.857777778,45573847.437,36288277.572222225,9285569.864777774,0.0,-28.099086488094706,False
PREPARED FOODS,-10.0,-1.5,8727482.572,45573847.437,12914397.622,4.6996900142649745,1.1712139482105108,10221749.321090546,48039053.21264902,38251203.164209194,9787850.048439823,5.409255338945984,-24.209782485201046,False
PREPARED FOODS,-10.0,-2.0,8727482.572,45573847.437,12914397.622,4.6996900142649745,1.2345679012345678,10774669.841975309,50637608.26333333,40320308.413580246,10317299.849753082,11.111111111111093,-20.110096097883,False
PREPARED FOODS,-5.0,-1.0,8727482.572,45573847.437,12914397.622,4.9607839039463615,1.0526315789473684,9186823.76,45573847.43699999,34378368.22631579,11195479.210684203,-1.1102230246251565e-14,-13.310093599623851,False
PREPARED FOODS,-5.0,-1.5,8727482.572,45573847.437,12914397.622,4.9607839039463615,1.0799772127212148,9425482.30218154,46757780.89159348,35271461.5802121,11486319.311381377,2.5978352085153977,-11.058032688925845,False
PREPARED FOODS,-5.0,-2.0,8727482.572,45573847.437,12914397.622,4.9607839039463615,1.10803324099723,9670340.8,47972470.98631579,36187756.027700834,11784714.958614953,5.263157894736836,-8.747466946972459,False
PREPARED FOODS,-2.0,-1.0,8727482.572,45573847.437,12914397.622,5.117440237755194,1.0204081632653061,8905594.46122449,45573847.437,33325969.198979598,12247878.238020401,0.0,-5.161056701894983,False
PREPARED FOODS,-2.0,-1.5,8727482.572,45573847.437,12914397.622,5.117440237755194,1.0307679026042966,8996008.905755993,46036537.95351979,33664312.58601784,12372225.367501952,1.0152544552210596,-4.198200104776417,False
PREPARED FOODS,-2.0,-2.0,8727482.572,45573847.437,12914397.622,5.117440237755194,1.0412328196584757,9087341.286963766,46503925.95612245,34006091.019366935,12497834.936755516,2.0408163265306145,-3.225568063158124,False
PREPARED FOODS,2.0,-1.0,8727482.572,45573847.437,12914397.622,5.326315349500304,0.9803921568627451,8556355.462745098,45573847.437,32019068.446078435,13554778.990921564,0.0,4.958662321428453,False
PREPARED FOODS,2.0,-1.5,8727482.572,45573847.437,12914397.622,5.326315349500304,0.9707328852712493,8472054.338272104,45124833.06373935,31703601.950286523,13421231.11345283,-0.9852457023325711,3.924561611680799,False
PREPARED FOODS,2.0,-2.0,8727482.572,45573847.437,12914397.622,5.326315349500304,0.9611687812379853,8388583.787004998,44680242.58529411,31391243.574586697,13288999.010707416,-1.9607843137254943,2.9006493347337736,False
PREPARED FOODS,5.0,-1.0,8727482.572,45573847.437,12914397.622,5.482971683309137,0.9523809523809523,8311888.163809524,45573847.437,31104237.91904762,14469609.517952379,0.0,12.042465637754841,False
PREPARED FOODS,5.0,-1.5,8727482.572,45573847.437,12914397.622,5.482971683309137,0.9294286409033649,8111572.265401764,44475521.03831362,30354628.054207105,14120892.984106515,-2.4099927051466796,9.342250389218453,False
PREPARED FOODS,5.0,-2.0,8727482.572,45573847.437,12914397.622,5.482971683309137,0.9070294784580498,7916083.965532879,43403664.22571428,29623083.732426304,13780580.493287977,-4.761904761904767,6.707110131195071,False
PREPARED FOODS,10.0,-1.0,8727482.572,45573847.437,12914397.622,5.744065572990525,0.9090909090909091,7934075.065454545,45573847.437,29690408.922727272,15883438.514272727,0.0,22.99016167207746,False
PREPARED FOODS,10.0,-1.5,8727482.572,45573847.437,12914397.622,5.744065572990525,0.8667841720414474,7564843.755177182,43452958.579165615,28308694.16722398,15144264.411941636,-4.6537410754407755,17.266517999592978,False
PREPARED FOODS,10.0,-2.0,8727482.572,45573847.437,12914397.622,5.744065572990525,0.8264462809917354,7212795.514049587,41430770.39727273,26991280.838842977,14439489.558429752,-9.090909090909083,11.80923788370678,False
PREPARED FOODS,15.0,-1.0,8727482.572,45573847.437,12914397.622,6.005159462671911,0.8695652173913044,7589115.280000001,45573847.437,28399521.578260876,17174325.858739123,0.0,32.98588413819805,False
PREPARED FOODS,15.0,-1.5,8727482.572,45573847.437,12914397.622,6.005159462671911,0.8108737462959251,7076886.488890037,42497831.865013,26482690.423452813,16015141.44156019,-6.74951917596861,24.009976386958964,False
PREPARED FOODS,15.0,-2.0,8727482.572,45573847.437,12914397.622,6.005159462671911,0.7561436672967865,6599230.678260871,39629432.55391305,24695236.15500946,14934196.39890359,-13.043478260869545,15.639899250607026,False
PREPARED FOODS,20.0,-1.0,8727482.572,45573847.437,12914397.622,6.266253352353299,0.8333333333333334,7272902.1433333345,45573847.437,27216208.17916667,18357639.257833328,0.0,42.14862973214197,False
PREPARED FOODS,20.0,-1.5,8727482.572,45573847.437,12914397.622,6.266253352353299,0.7607257743127308,6639220.937385564,41603040.4559065,24844885.24914365,16758155.206762854,-8.71290708247231,29.76335170457287,False
PREPARED FOODS,20.0,-2.0,8727482.572,45573847.437,12914397.622,6.266253352353299,0.6944444444444445,6060751.786111113,37978206.197500005,22680173.482638896,15298032.71486111,-16.66666666666665,18.45719144345168,False
PRODUCE,-20.0,-1.0,120807039.421,166519617.807,33348122.773,1.1027146669935113,1.25,151008799.27625,166519617.807,166464368.7925,55249.014500021935,0.0,-99.8343264630633,False
PRODUCE,-20.0,-1.5,120807039.421,166519617.807,33348122.773,1.1027146669935113,1.3975424859373684,168832970.191158,186174592.50186822,186112822.22581226,61770.27605596185,11.803398874989469,-99.81477135466835,False
PRODUCE,-20.0,-2.0,120807039.421,166519617.807,33348122.773,1.1027146669935113,1.5624999999999998,188760999.09531248,208149522.25875,208080460.99062496,69061.26812502742,24.99999999999998,-99.79290807882913,False
PRODUCE,-15.0,-1.0,120807039.421,166519617.807,33348122.773,1.1716343336806057,1.1764705882352942,142125928.73058826,166519617.807,156672347.09882355,9847270.708176464,0.0,-70.47128926804474,False
PRODUCE,-15.0,-1.5,120807039.421,166519617.807,33348122.773,1.1716343336806057,1.2760615165803304,154157213.93714103,180615884.6333008,169935019.91835597,10680864.71494484,8.465228909328083,-67.97161631061132,False
PRODUCE,-15.0,-2.0,120807039.421,166519617.807,33348122.773,1.1716343336806057,1.384083044982699,167206974.97716266,195905432.71411768,184320408.3515571,11585024.36256057,17.647058823529417,-65.26034031534668,False
PRODUCE,-10.0,-1.0,120807039.421,166519617.807,33348122.773,1.2405540003677,1.1111111111111112,134230043.80111113,166519617.807,147968327.81555557,18551289.99144444,0.0,-44.37081176136151,False
PRODUCE,-10.0,-1.5,120807039.421,166519617.807,33348122.773,1.2405540003677,1.1712139482105108,141490889.61189225,175527089.1236176,155972312.4878676,19554776.635749996,5.409255338945984,-41.361686926550654,False
PRODUCE,-10.0,-2.0,120807039.421,166519617.807,33348122.773,1.2405540003677,1.2345679012345678,149144493.11234567,185021797.5633333,164409253.12839502,20612544.43493828,11.111111111111093,-38.189790845957184,False
PRODUCE,-5.0,-1.0,120807039.421,166519617.807,33348122.773,1.3094736670547944,1.0526315789473684,127165304.65368421,166519617.80699998,140180521.08842105,26339096.718578935,-2.220446049250313e-14,-21.017752939592327,False
PRODUCE,-5.0,-1.5,120807039.421,166519617.807,33348122.773,1.3094736670547944,1.0799772127212148,130468849.71099351,170845523.06747553,143822180.02073643,27023343.0467391,2.5978352085153977,-18.96592431698043,False
PRODUCE,-5.0,-2.0,120807039.421,166519617.807,33348122.773,1.3094736670547944,1.10803324099723,133858215.42493077,175283808.21789473,147558443.25096953,27725364.966925204,5.263157894736836,-16.86079256799189,False
PRODUCE,-2.0,-1.0,120807039.421,166519617.807,33348122.773,1.3508254670670512,1.0204081632653061,123272489.20510204,166519617.80699998,135889280.64693877,30630337.16006121,-2.220446049250313e-14,-8.149740935760308,False
PRODUCE,-2.0,-1.5,120807039.421,166519617.807,33348122.773,1.3508254670670512,1.0307679026042966,124524018.64381875,168210215.64560264,137268902.62287468,30941313.022727966,1.0152544552210596,-7.217227088478529,False
PRODUCE,-2.0,-2.0,120807039.421,166519617.807,33348122.773,1.3508254670670512,1.0412328196584757,125788254.29092047,169917977.35408166,138662531.27238652,31255446.08169514,2.0408163265306145,-6.275245852816569,False
PRODUCE,2.0,-1.0,120807039.421,166519617.807,33348122.773,1.4059612004167268,0.9803921568627451,118438273.94215687,166519617.807,130560289.2490196,35959328.55798042,0.0,7.830143252005062,False
PRODUCE,2.0,-1.5,120807039.421,166519617.807,33348122.773,1.4059612004167268,0.9707328852712493,117271365.9382249,164878990.42901593,129273949.61024067,35605040.81877527,-0.98524570233256,6.7677513997956185,False
PRODUCE,2.0,-2.0,120807039.421,166519617.807,33348122.773,1.4059612004167268,0.9611687812379853,116115954.84525183,163254527.2617647,128000283.5774702,35254243.68429451,-1.9607843137254943,5.715826717651962,False
PRODUCE,5.0,-1.0,120807039.421,166519617.807,33348122.773,1.4473130004289836,0.9523809523809523,115054323.25809523,166519617.807,126829995.27047618,39689622.536523834,0.0,19.016062183440717,False
PRODUCE,5.0,-1.5,120807039.421,166519617.807,33348122.773,1.4473130004289836,0.9294286409033649,112281522.46061926,162506507.16521317,123773401.63651982,38733105.52869335,-2.4099927051466907,16.14778376686694,False
PRODUCE,5.0,-2.0,120807039.421,166519617.807,33348122.773,1.4473130004289836,0.9070294784580498,109575545.9600907,158590112.19714287,120790471.68616778,37799640.51097509,-4.761904761904756,13.348630650895954,False
PRODUCE,10.0,-1.0,120807039.421,166519617.807,33348122.773,1.516232667116078,0.9090909090909091,109824581.29181819,166519617.807,121064995.48545454,45454622.32154547,0.0,36.30339144111399,False
PRODUCE,10.0,-1.5,120807039.421,166519617.807,33348122.773,1.516232667116078,0.8667841720414474,104713629.64130999,158770225.95444864,115430944.06256741,43339281.89188123,-4.653741075440787,29.960184526400035,False
PRODUCE,10.0,-2.0,120807039.421,166519617.807,33348122.773,1.516232667116078,0.8264462809917354,99840528.44710743,151381470.73363635,110059086.80495866,41322383.92867769,-9.090909090909104,23.912174037376353,False
PRODUCE,15.0,-1.0,120807039.421,166519617.807,33348122.773,1.585152333803172,0.8695652173913044,105049599.49652176,166519617.80699998,115801300.02956523,50718317.77743475,-2.220446049250313e-14,52.08747467638079,False
PRODUCE,15.0,-1.5,120807039.421,166519617.807,33348122.773,1.585152333803172,0.8108737462959251,97959256.63422579,155280344.27136686,107985269.07804877,47295075.1933181,-6.749519175968633,41.822301408852084,False
PRODUCE,15.0,-2.0,120807039.421,166519617.807,33348122.773,1.585152333803172,0.7561436672967865,91347477.8230624,144799667.65826088,100696782.63440455,44102885.02385633,-13.043478260869568,32.24997797946163,False
PRODUCE,20.0,-1.0,120807039.421,166519617.807,33348122.773,1.6540720004902667,0.8333333333333334,100672532.85083334,166519617.807,110976245.86166666,55543371.94533335,0.0,66.5562176420423,False
PRODUCE,20.0,-1.5,120807039.421,166519617.807,33348122.773,1.6540720004902667,0.7607257743127308,91901028.60596882,152010918.23338807,101306988.67612362,50703929.55726445,-8.71290708247232,52.04432915881077,False
PRODUCE,20.0,-2.0,120807039.421,166519617.807,33348122.773,1.6540720004902667,0.6944444444444445,83893777.37569445,138766348.1725,92480204.88472222,46286143.2877778,-16.666666666666664,38.79684803503527,False
SCHOOL AND OFFICE SUPPLIES,-20.0,-1.0,259252.66,699764.634,232032.432,2.1593286919409045,1.25,324065.825,699764.6340000001,584665.2525000001,115099.38150000002,2.220446049250313e-14,-50.39513204774752,False
SCHOOL AND OFFICE SUPPLIES,-20.0,-1.5,259252.66,699764.634,232032.432,2.1593286919409045,1.3975424859373684,362316.60694227536,782360.6449371303,653675.6243360394,128685.02060109086,11.80339887498949,-44.54007162193135,False
SCHOOL AND OFFICE SUPPLIES,-20.0,-2.0,259252.66,699764.634,232032.432,2.1593286919409045,1.5624999999999998,405082.28124999994,874705.7925,730831.5656249999,143874.22687500005,25.0,-37.99391505968439,False
SCHOOL AND OFFICE SUPPLIES,-15.0,-1.0,259252.66,699764.634,232032.432,2.2942867351872107,1.1764705882352942,305003.12941176473,699764.6340000001,550273.1788235295,149491.45517647057,2.220446049250313e-14,-35.57303438664533,False
SCHOOL AND OFFICE SUPPLIES,-15.0,-1.5,259252.66,699764.634,232032.432,2.2942867351872107,1.2760615165803304,330822.34249708476,759001.3120946218,596855.0630375774,162146.2490570444,8.465228909328083,-30.11914426814076,False
SCHOOL AND OFFICE SUPPLIES,-15.0,-2.0,259252.66,699764.634,232032.432,2.2942867351872107,1.384083044982699,358827.2110726644,823252.5105882353,647380.2103806229,175872.30020761245,17.647058823529417,-24.20356986664155,False
SCHOOL AND OFFICE SUPPLIES,-10.0,-1.0,259252.66,699764.634,232032.432,2.4292447784335174,1.1111111111111112,288058.51111111115,699764.6340000001,519702.4466666667,180062.18733333336,2.220446049250313e-14,-22.397836465665556,False
SCHOOL AND OFFICE SUPPLIES,-10.0,-1.5,259252.66,699764.634,232032.432,2.4292447784335174,1.1712139482105108,303640.3315026772,737616.6898247008,547814.4790096162,189802.21081508463,5.409255338945984,-18.20013729154697,False
SCHOOL AND OFFICE SUPPLIES,-10.0,-2.0,259252.66,699764.634,232032.432,2.4292447784335174,1.2345679012345678,320065.012345679,777516.26,577447.1629629629,200069.09703703714,11.111111111111116,-13.77537385073948,False
SCHOOL AND OFFICE SUPPLIES,-5.0,-1.0,259252.66,699764.634,232032.432,2.5642028216798236,1.0526315789473684,272897.53684210527,699764.634,492349.68631578947,207414.9476842105,0.0,-10.609501483736338,False
SCHOOL AND OFFICE SUPPLIES,-5.0,-1.5,259252.66,699764.634,232032.432,2.5642028216798236,1.0799772127212148,279986.9651373608,717943.3660387909,505140.11981591623,212803.24622287467,2.5978352085153977,-8.287283640213417,False
SCHOOL AND OFFICE SUPPLIES,-5.0,-2.0,259252.66,699764.634,232032.432,2.5642028216798236,1.10803324099723,287260.56509695295,736594.3515789474,518262.8277008311,218331.52387811628,5.2631578947368585,-5.904738403932996,False
SCHOOL AND OFFICE SUPPLIES,-2.0,-1.0,259252.66,699764.634,232032.432,2.6451776476276074,1.0204081632653061,264543.5306122449,699764.634,477277.7571428572,222486.87685714278,0.0,-4.113888330428406,False
SCHOOL AND OFFICE SUPPLIES,-2.0,-1.5,259252.66,699764.634,232032.432,2.6451776476276074,1.0307679026042966,267229.32059278485,706869.0256227463,482123.3408360292,224745.68478671712,1.0152544552210596,-3.1404003097648348,False
SCHOOL AND OFFICE SUPPLIES,-2.0,-2.0,259252.66,699764.634,232032.432,2.6451776476276074,1.0412328196584757,269942.3781757601,714045.5448979591,487018.1195335277,227027.4253644314,2.0408163265306145,-2.1570289086004113,False
SCHOOL AND OFFICE SUPPLIES,2.0,-1.0,259252.66,699764.634,232032.432,2.753144082224653,0.9803921568627451,254169.27450980392,699764.6340000001,458560.9823529412,241203.6516470589,2.220446049250313e-14,3.9525593762939515,False
SCHOOL AND OFFICE SUPPLIES,2.0,-1.5,259252.66,699764.634,232032.432,2.753144082224653,0.9707328852712493,251665.08265604623,692870.2330170718,454043.0299817349,238827.20303533698,-0.9852457023325489,2.92837125257428,False
SCHOOL AND OFFICE SUPPLIES,2.0,-2.0,259252.66,699764.634,232032.432,2.753144082224653,0.9611687812379853,249185.5632449058,686043.7588235294,449569.59054209915,236474.1682814302,-1.9607843137254943,1.9142738983273677,False
SCHOOL AND OFFICE SUPPLIES,5.0,-1.0,259252.66,699764.634,232032.432,2.834118908172437,0.9523809523809523,246907.29523809522,699764.634,445459.23999999993,254305.39400000003,0.0,9.59907277099954,False
SCHOOL AND OFFICE SUPPLIES,5.0,-1.5,259252.66,699764.634,232032.432,2.834118908172437,0.9294286409033649,240956.84743438216,682900.3573674036,434723.7048115981,248176.65255580546,-2.4099927051466796,6.957743112310033,False
SCHOOL AND OFFICE SUPPLIES,5.0,-2.0,259252.66,699764.634,232032.432,2.834118908172437,0.9070294784580498,235149.80498866213,666442.5085714286,424246.89523809525,242195.61333333334,-4.761904761904756,4.380069305713841,False
SCHOOL AND OFFICE SUPPLIES,10.0,-1.0,259252.66,699764.634,232032.432,2.9690769514187436,0.9090909090909091,235684.23636363636,699764.6340000001,425211.0927272727,274553.54127272737,2.220446049250313e-14,18.32550256281733,False
SCHOOL AND OFFICE SUPPLIES,10.0,-1.5,259252.66,699764.634,232032.432,2.9690769514187436,0.8667841720414474,224716.10224764288,667199.3997961342,405422.86944769305,261776.53034844116,-4.653741075440765,12.818940047329752,False
SCHOOL AND OFFICE SUPPLIES,10.0,-2.0,259252.66,699764.634,232032.432,2.9690769514187436,0.8264462809917354,214258.39669421487,636149.6672727274,386555.53884297516,249594.1284297522,-9.090909090909072,7.568638693470309,False
SCHOOL AND OFFICE SUPPLIES,15.0,-1.0,259252.66,699764.634,232032.432,3.1040349946650494,0.8695652173913044,225437.09565217394,699764.634,406723.6539130435,293040.98008695646,0.0,26.293112372737816,False
SCHOOL AND OFFICE SUPPLIES,15.0,-1.5,259252.66,699764.634,232032.432,3.1040349946650494,0.8108737462959251,210221.17565138373,652533.8858415233,379271.7628989824,273262.1229425409,-6.749519175968621,17.768934535212267,False
SCHOOL AND OFFICE SUPPLIES,15.0,-2.0,259252.66,699764.634,232032.432,3.1040349946650494,0.7561436672967865,196032.2570888469,608490.9860869565,353672.7425330813,254818.24355387513,-13.043478260869568,9.820097715424158,False
SCHOOL AND OFFICE SUPPLIES,20.0,-1.0,259252.66,699764.634,232032.432,3.238993037911356,0.8333333333333334,216043.88333333333,699764.634,389776.83499999996,309987.799,0.0,33.596754698498344,False
SCHOOL AND OFFICE SUPPLIES,20.0,-1.5,259252.66,699764.634,232032.432,3.238993037911356,0.7607257743127308,197220.18052113513,638794.7916435775,355815.9415374486,282978.8501061289,-8.71290708247231,21.956593596419705,False
SCHOOL AND OFFICE SUPPLIES,20.0,-2.0,259252.66,699764.634,232032.432,3.238993037911356,0.6944444444444445,180036.56944444447,583137.195,324814.0291666667,258323.16583333327,-16.666666666666675,11.330628915415275,False
SEAFOOD,-20.0,-1.0,1998282.598,17189923.599,3868111.203,6.881878915906968,1.25,2497853.2475,17189923.599,16652265.495000001,537658.1039999984,0.0,-86.1002418032086,False
SEAFOOD,-20.0,-1.5,1998282.598,17189923.599,3868111.203,6.881878915906968,1.3975424859373684,2792684.829614303,19218918.847695917,18617798.81309709,601120.0345988274,11.80339887498949,-84.4595979005822,False
SEAFOOD,-20.0,-2.0,1998282.598,17189923.599,3868111.203,6.881878915906968,1.5624999999999998,3122316.5593749997,21487404.498749997,20815331.86875,672072.629999999,25.0,-82.62530225401075,False
SEAFOOD,-15.0,-1.0,1998282.598,17189923.599,3868111.203,7.311996348151153,1.1764705882352942,2350920.703529412,17189923.599,15672720.465882353,1517203.133117646,0.0,-60.77664127285314,False
SEAFOOD,-15.0,-1.5,1998282.598,17189923.599,3868111.203,7.311996348151153,1.2760615165803304,2549931.5225599627,18645089.980993956,16999452.129638404,1645637.8513555527,8.465228909328083,-57.45629417067324,False
SEAFOOD,-15.0,-2.0,1998282.598,17189923.599,3868111.203,7.311996348151153,1.384083044982699,2765789.0629757787,20223439.528235294,18438494.665743947,1784944.862491347,17.647058823529417,-53.8548720857096,False
SEAFOOD,-10.0,-1.0,1998282.598,17189923.599,3868111.203,7.742113780395339,1.1111111111111112,2220313.9977777777,17189923.599,14802013.773333333,2387909.825666666,0.0,-38.26677413475939,False
SEAFOOD,-10.0,-1.5,1998282.598,17189923.599,3868111.203,7.742113780395339,1.1712139482105108,2340416.451243937,18119770.45903964,15602692.493638886,2517077.9654007535,5.409255338945962,-34.92746631874033,False
SEAFOOD,-10.0,-2.0,1998282.598,17189923.599,3868111.203,7.742113780395339,1.2345679012345678,2467015.5530864196,19099915.11,16446681.970370369,2653233.1396296304,11.111111111111116,-31.40752681639928,False
SEAFOOD,-5.0,-1.0,1998282.598,17189923.599,3868111.203,8.172231212639524,1.0526315789473684,2103455.3663157895,17189923.599,14022960.416842105,3166963.1821578946,0.0,-18.126366695412344,False
SEAFOOD,-5.0,-1.5,1998282.598,17189923.599,3868111.203,8.172231212639524,1.0799772127212148,2158099.670417348,17636489.486571718,14387253.819827009,3249235.666744709,2.5978352085153977,-15.999424622935054,False
SEAFOOD,-5.0,-2.0,1998282.598,17189923.599,3868111.203,8.172231212639524,1.10803324099723,2214163.543490305,18094656.42,14761010.965096956,3333645.4549030457,5.2631578947368585,-13.817228100434075,False
SEAFOOD,-2.0,-1.0,1998282.598,17189923.599,3868111.203,8.430301671986035,1.0204081632653061,2039063.8755102041,17189923.599,13593686.118367348,3596237.4806326516,0.0,-7.02859116760891,False
SEAFOOD,-2.0,-1.5,1998282.598,17189923.599,3868111.203,8.430301671986035,1.0307679026042966,2059765.5623511248,17364445.064187944,13731696.62231284,3632748.441875104,1.0152544552210596,-6.084694797356283,False
SEAFOOD,-2.0,-2.0,1998282.598,17189923.599,3868111.203,8.430301671986035,1.0412328196584757,2080677.4239900042,17540738.36632653,13871108.284048313,3669630.0822782163,2.0408163265306145,-5.13121547715194,False
SEAFOOD,2.0,-1.0,1998282.598,17189923.599,3868111.203,8.774395617781385,0.9803921568627451,1959100.5862745098,17189923.599000003,13060600.388235293,4129323.21076471,2.220446049250313e-14,6.75296014142821,False
SEAFOOD,2.0,-1.5,1998282.598,17189923.599,3868111.203,8.774395617781385,0.9707328852712493,1939798.631943868,17020560.6155066,12931921.384211374,4088639.231295226,-0.98524570233256,5.70118118952192,False
SEAFOOD,2.0,-2.0,1998282.598,17189923.599,3868111.203,8.774395617781385,0.9611687812379853,1920686.849288735,16852866.273529414,12804510.184544407,4048356.0889850073,-1.9607843137254721,4.659764844537406,False
SEAFOOD,5.0,-1.0,1998282.598,17189923.599,3868111.203,9.032466077127896,0.9523809523809523,1903126.2838095238,17189923.599,12687440.377142858,4502483.221857142,0.0,16.400046057753983,False
SEAFOOD,5.0,-1.5,1998282.598,17189923.599,3868111.203,9.032466077127896,0.9294286409033649,1857261.079199985,16775647.694243811,12381673.989583878,4393973.704659933,-2.4099927051466796,13.594813438974773,False
SEAFOOD,5.0,-2.0,1998282.598,17189923.599,3868111.203,9.032466077127896,0.9070294784580498,1812501.2226757368,16371355.808571428,12083276.549659863,4288079.258911565,-4.761904761904767,10.857186721670487,False
SEAFOOD,10.0,-1.0,1998282.598,17189923.599,3868111.203,9.462583509372083,0.9090909090909091,1816620.5436363635,17189923.599,12110738.541818181,5079185.057181818,0.0,31.309178837530393,False
SEAFOOD,10.0,-1.5,1998282.598,17189923.599,3868111.203,9.462583509372083,0.8667841720414474,1732079.7272122626,16389949.063636452,11547136.127758352,4842812.9358781,-4.653741075440765,25.198389646144292,False
SEAFOOD,10.0,-2.0,1998282.598,17189923.599,3868111.203,9.462583509372083,0.8264462809917354,1651473.2214876032,15627203.271818183,11009762.310743801,4617440.961074382,-9.090909090909083,19.371980761391306,False
SEAFOOD,15.0,-1.0,1998282.598,17189923.599,3868111.203,9.892700941616265,0.8695652173913044,1737637.0417391306,17189923.599,11584184.692173915,5605738.9068260845,0.0,44.92186528863049,False
SEAFOOD,15.0,-1.5,1998282.598,17189923.599,3868111.203,9.892700941616265,0.8108737462959251,1620354.8963982142,16029686.40935114,10802307.924996015,5227378.484355126,-6.74951917596861,35.14033620080299,False
SEAFOOD,15.0,-2.0,1998282.598,17189923.599,3868111.203,9.892700941616265,0.7561436672967865,1510988.7319470702,14947759.65130435,10073204.08015123,4874555.571153119,-13.043478260869556,26.019013294461345,False
SEAFOOD,20.0,-1.0,1998282.598,17189923.599,3868111.203,10.322818373860452,0.8333333333333334,1665235.4983333333,17189923.599,11101510.33,6088413.268999999,0.0,57.400161202139024,False
SEAFOOD,20.0,-1.5,1998282.598,17189923.599,3868111.203,10.322818373860452,0.7607257743127308,1520145.0766592054,15692181.52827115,10134246.050196035,5557935.478075115,-8.71290708247231,43.68603140893504,False
SEAFOOD,20.0,-2.0,1998282.598,17189923.599,3868111.203,10.322818373860452,0.6944444444444445,1387696.2486111112,14324936.3325,9251258.608333334,5073677.724166665,-16.666666666666664,31.166801001782485,False
