id,sales
3000888,3.277094471665519
3000889,0.16745421255225162
3000890,5.40187357233601
3000891,1902.2158063476243
3000892,0.19225689906527083
3000893,397.41836898838085
3000894,11.349700812573719
3000895,716.5998871186067
3000896,744.975829449415
3000897,148.5028166810432
3000898,125.84568218698378
3000899,93.17489707931168
3000900,2802.8807160994807
3000901,20.38856244562396
3000902,1.1458344281763424
3000903,21.885616054907693
3000904,31.72019400298514
3000905,0.38408320432562615
3000906,185.36482104966166
3000907,11.77140932292424
3000908,29.858756476662116
3000909,10.572995790888747
3000910,121.33142023926197
3000911,6.99357646185237
3000912,266.37542724562195
3000913,157.74711983260806
3000914,7.012673407342934
3000915,8.795144934875045
3000916,272.12482623791
3000917,90.27963134921492
3000918,3239.2134167852287
3000919,28.460349170754593
3000920,19.85633598820754
3000921,2.253870666428558
3000922,0.02399647117039676
3000923,1.9882055277824346
3000924,1213.7360680418597
3000925,0.0
3000926,126.7801116690565
3000927,2.667570293828608
3000928,631.6136616373426
3000929,315.2134193561619
3000930,214.03981172428064
3000931,39.333372411030375
3000932,27.582881989074572
3000933,2257.974989415652
3000934,2.0784091072635418
3000935,0.28046683804731887
3000936,9.19905598862967
3000937,11.768430744876817
3000938,0.010435672328695694
3000939,157.45333259837923
3000940,1.3845233461772268
3000941,3.0592967305780494
3000942,3.323062338224068
3000943,22.756840440554768
3000944,0.5733768393014276
3000945,124.06680264717944
3000946,174.9442620921941
3000947,0.6839021142833669
3000948,2.4999132303798035
3000949,104.13829075940068
3000950,17.953251091035142
3000951,434.58097251404286
3000952,22.13366597038929
3000953,1.8208999685815284
3000954,6.144521325556306
3000955,0.24247790571086592
3000956,5.376732949851858
3000957,3762.433758943359
3000958,0.16402339652325673
3000959,573.5515737857305
3000960,11.49634711520718
3000961,1610.8502355297771
3000962,915.208246854268
3000963,425.11521188998665
3000964,108.60756455523219
3000965,66.59604059168635
3000966,5871.0596600807785
3000967,13.899060103286002
3000968,0.8522275477748188
3000969,29.118314925849845
3000970,35.670190899200406
3000971,0.43634146584641187
3000972,355.0030637905977
3000973,7.811845110729268
3000974,8.48910318717446
3000975,8.678327426300823
3000976,60.64370925991004
3000977,2.291655250045806
3000978,478.12190618332437
3000979,378.84781957764756
3000980,2.4062970292673596
3000981,11.442516709987537
3000982,383.3175782815556
3000983,54.99914365372298
3000984,2114.241843204884
3000985,45.851349480546354
3000986,7.634267185711773
3000987,4.093016762052819
3000988,0.1711190785017292
3000989,2.1248612890704903
3000990,1797.2900257239203
3000991,0.13145751451622933
3000992,196.30296058035316
3000993,6.153491696592803
3000994,708.9947153686468
3000995,442.9548099711662
3000996,207.8491115600667
3000997,60.548994192708136
3000998,38.94867109535729
3000999,2572.935049565325
3001000,4.507445060965522
3001001,0.6114529419415493
3001002,13.86628364643965
3001003,21.323732570466213
3001004,0.22655488850154568
3001005,177.02065918888172
3001006,1.1974507307368047
3001007,4.334678195005716
3001008,7.998308961968846
3001009,42.649312642899545
3001010,1.225431644583119
3001011,123.34631096630295
3001012,181.48478935778598
3001013,1.2100724237829286
3001014,4.3119636786867215
3001015,128.92454236494265
3001016,27.50408308917267
3001017,751.8272396066034
3001018,26.2819123971438
3001019,2.517905357055006
3001020,3.4401425221193787
3001021,0.0
3001022,2.080999236696841
3001023,1541.036081936188
3001024,0.0
3001025,145.28308715074326
3001026,3.7634949444920416
3001027,654.6671342624926
3001028,322.6890003263038
3001029,166.12936341381814
3001030,43.26167338774678
3001031,27.689737318040855
3001032,2579.967289201899
3001033,3.99253758520105
3001034,0.29736220153609255
3001035,11.19664272472319
3001036,14.8666104546791
3001037,0.04523899733247146
3001038,153.28595179264073
3001039,1.9190140533158666
3001040,3.1607754065560507
3001041,3.9688794108908496
3001042,32.78810223071477
3001043,0.6655622275418821
3001044,111.22060905841784
3001045,169.69554363439414
3001046,0.6375878638524293
3001047,2.894037299614631
3001048,89.37039447082991
3001049,22.76435657006419
3001050,445.00166630942385
3001051,18.090518406760943
3001052,1.6017621306557408
3001053,3.1017317505234736
3001054,0.03039853422184416
3001055,2.0368185711418634
3001056,1610.7031126321572
3001057,0.0
3001058,192.50880960349704
3001059,4.909344299205297
3001060,921.7367943742858
3001061,463.4189856396604
3001062,232.36795293727596
3001063,45.45888306843989
3001064,39.823202529199605
3001065,2861.6497521803826
3001066,4.277841453485152
3001067,0.3465452860265975
3001068,14.491358523810918
3001069,24.159680409973717
3001070,0.09639393961854477
3001071,215.0144753185732
3001072,0.7296216769572612
3001073,3.67033919720929
3001074,5.822988682340956
3001075,38.29039285939197
3001076,1.0320304146106887
3001077,178.6081550734982
3001078,221.42326407070465
3001079,0.903009097982808
3001080,3.637151349259671
3001081,76.81292367648201
3001082,40.804382014908214
3001083,732.5818564911526
3001084,23.954865182034005
3001085,2.8757846862101912
3001086,2.7752930754937712
3001087,0.31843421312849285
3001088,2.955449012774733
3001089,1754.775626720776
3001090,0.12052517275232821
3001091,188.21709356968842
3001092,4.356866434843749
3001093,841.7960908147395
3001094,423.90067913203603
3001095,252.65626294178008
3001096,80.58198127468674
3001097,50.304948952365116
3001098,3151.5145570189047
3001099,5.472776060865526
3001100,0.7665187253028118
3001101,17.66565584647558
3001102,23.877242405924484
3001103,0.2354820694773834
3001104,222.0302642253228
3001105,5.019558882864794
3001106,4.545505336448426
3001107,6.311749522702074
3001108,37.077204989805885
3001109,1.469197006180301
3001110,121.33543540497621
3001111,195.80695544286934
3001112,1.1908572225180019
3001113,3.9292271840747484
3001114,121.18537844573028
3001115,31.40129746141415
3001116,1047.006173885308
3001117,25.832609745631743
3001118,4.014066606262687
3001119,3.0888326661996954
3001120,0.0
3001121,1.8062913140779804
3001122,1290.4044497619225
3001123,0.0
3001124,163.12057669113253
3001125,3.287833893323442
3001126,664.7431883235508
3001127,275.33489648761673
3001128,154.37685847661848
3001129,93.82681363956847
3001130,27.170708215732493
3001131,2216.688795199708
3001132,2.856923628989467
3001133,0.31682151358082444
3001134,12.932143127212528
3001135,15.287621815361168
3001136,0.006304584269601961
3001137,156.12777876513653
3001138,0.08059889914573894
3001139,3.3357739599856155
3001140,4.349786369265134
3001141,32.09059739722582
3001142,0.6626979673699882
3001143,65.67155295170016
3001144,155.20946955240305
3001145,0.6169720220132471
3001146,2.4549193758539127
3001147,68.29389338605336
3001148,31.316383459850265
3001149,809.9519361396427
3001150,20.864962783972715
3001151,1.0966930464962878
3001152,5.150237075754742
3001153,0.20771111058628036
3001154,2.9744206222463494
3001155,3031.692481337336
3001156,0.10049039989947446
3001157,344.5374479515489
3001158,7.5504925616309615
3001159,1052.3274681869923
3001160,721.5626275167416
3001161,345.51784101953314
3001162,138.73568924888804
3001163,78.68927337435564
3001164,4230.4040375232435
3001165,6.85298437935986
3001166,0.5969988478749539
3001167,20.36686463044184
3001168,32.456381100493225
3001169,0.2137741579754723
3001170,268.63394178137884
3001171,1.608037113834311
3001172,4.387271200071941
3001173,9.94024003687204
3001174,61.02473580696819
3001175,1.4799763081796735
3001176,230.68492304028217
3001177,256.6770819063782
3001178,1.6085101690769361
3001179,5.874339487210213
3001180,258.97826076761186
3001181,65.98413482307032
3001182,2082.0955901352677
3001183,27.533105684955924
3001184,9.357049712317567
3001185,1.8402019014684872
3001186,0.0
3001187,4.582456576181921
3001188,2107.70600498323
3001189,0.0
3001190,441.9349688184169
3001191,2.9784472182071084
3001192,716.8191081605175
3001193,691.1062433509533
3001194,181.69351584268657
3001195,120.99085022059512
3001196,42.61679687530335
3001197,2871.939280073182
3001198,5.405681272401004
3001199,0.31746639050352315
3001200,18.732462064888697
3001201,22.729403077420912
3001202,0.0
3001203,193.14395218741453
3001204,3.83631466951395
3001205,12.855992938492589
3001206,8.58196280736031
3001207,66.8076784983163
3001208,1.350441884684248
3001209,31.480306147449625
3001210,175.63262651025263
3001211,1.9700087864306535
3001212,3.741230433552555
3001213,123.96190134472155
3001214,50.08437708245076
3001215,1709.108859494761
3001216,34.97219267085726
3001217,2.9078732831757645
3001218,4.454288191492673
3001219,0.0689510033019453
3001220,2.882446992112945
3001221,2176.069479598343
3001222,0.011248665119830192
3001223,175.514790734559
3001224,5.2237147235110015
3001225,746.0837566999843
3001226,367.9624507659709
3001227,218.52892307391184
3001228,50.60329662366239
3001229,38.29991076052769
3001230,3122.899376794979
3001231,5.695022736054014
3001232,0.6193063995746397
3001233,14.77131724748596
3001234,19.26468435900535
3001235,0.12373312354967841
3001236,168.23825458915545
3001237,4.250117022001097
3001238,3.9000600910882195
3001239,5.683191865390086
3001240,33.46722055191457
3001241,1.2735263468156948
3001242,115.62076579887975
3001243,175.07288170818913
3001244,1.057358349139583
3001245,4.122819528419592
3001246,97.43513578955226
3001247,29.172387471745946
3001248,737.4403627364267
3001249,22.55583382626572
3001250,3.7821873387085687
3001251,4.495212228960747
3001252,0.13466334857733928
3001253,6.8276330678176835
3001254,2436.8896254712618
3001255,0.12211269621387848
3001256,565.0950304654691
3001257,11.58410671831943
3001258,822.9466805394695
3001259,959.1364855496648
3001260,246.54295936702607
3001261,140.52086205680556
3001262,88.4331447552488
3001263,3773.901182224446
3001264,22.24748704558689
3001265,1.0645711108312033
3001266,21.495999600620394
3001267,34.521265872830696
3001268,0.4029719941449311
3001269,240.00933688193052
3001270,18.99403602902146
3001271,25.498866894990158
3001272,13.78662984003215
3001273,95.28203264184503
3001274,7.333883156729735
3001275,332.88768325372473
3001276,269.62719436554823
3001277,8.5873398406643
3001278,10.178560774698582
3001279,413.04512777100285
3001280,102.80854505770924
3001281,3505.1599833101855
3001282,29.63538552947186
3001283,23.573178122680197
3001284,6.128702716152894
3001285,0.16692981404187338
3001286,6.40539610863842
3001287,2542.041957803672
3001288,0.11489852826486609
3001289,434.71836224688604
3001290,8.465603642575076
3001291,928.434549329164
3001292,879.292737795175
3001293,377.45367046463537
3001294,85.36081757616512
3001295,50.020443641181835
3001296,3807.4608133226466
3001297,10.471959457892389
3001298,0.9553512472445485
3001299,20.114579512746143
3001300,28.281347533619545
3001301,0.4053497236524015
3001302,312.48458829736467
3001303,5.807216771767548
3001304,12.282302606131983
3001305,7.419135750219638
3001306,50.39536458775034
3001307,2.2733871849724268
3001308,236.7029157559806
3001309,325.8528729404005
3001310,4.612936041409899
3001311,8.498650823199501
3001312,261.9903498355413
3001313,52.76867878577178
3001314,3436.9457298933153
3001315,33.58175974470347
3001316,9.316764339411945
3001317,6.875113722783188
3001318,0.2697751672495046
3001319,4.668099779175201
3001320,2387.888998104946
3001321,0.13138813778614256
3001322,380.37998711247513
3001323,5.087609290214543
3001324,960.698320941769
3001325,731.8711673871862
3001326,267.6699834622463
3001327,131.3275758960922
3001328,57.33918084647814
3001329,3389.160687191967
3001330,11.90983611662051
3001331,0.9700855960541354
3001332,23.708268487341932
3001333,30.121485972006106
3001334,0.3960914812856158
3001335,295.5241721016416
3001336,1.9556226831992123
3001337,7.805859934525482
3001338,10.871353993061438
3001339,67.03230380472604
3001340,1.4418798337587295
3001341,139.35907282210718
3001342,247.49795408726192
3001343,2.4400315008867803
3001344,4.205408992137257
3001345,151.3116510602145
3001346,62.555267909463105
3001347,2361.2989117476573
3001348,30.90139622378342
3001349,6.392588393920442
3001350,3.6698598352295746
3001351,0.06464154807455644
3001352,2.3341191677184465
3001353,1289.6268483162276
3001354,0.05321216599674552
3001355,170.76029476020258
3001356,5.440642954526437
3001357,638.4011821649225
3001358,348.2475472264993
3001359,152.8912611846761
3001360,59.22661869697835
3001361,42.851998115491696
3001362,1822.5047980869579
3001363,5.775713231538285
3001364,0.7363434428881664
3001365,18.93442195741866
3001366,21.09788829296308
3001367,0.2739954535842639
3001368,185.1761166086782
3001369,1.110849748739983
3001370,4.172418416076315
3001371,6.503678051964197
3001372,48.58143124808154
3001373,1.2819383234061184
3001374,85.51111688029602
3001375,149.63420045603306
3001376,1.3805524659381263
3001377,2.836708326964402
3001378,101.0080478090587
3001379,40.5530848636897
3001380,493.19127469523426
3001381,23.923116770027228
3001382,3.5539526984175516
3001383,2.5105385891175875
3001384,0.012358447348597463
3001385,3.630508625996069
3001386,1389.59808312428
3001387,0.03457020881795449
3001388,271.55240846317133
3001389,7.859851936260808
3001390,539.8116655782105
3001391,504.79356007535137
3001392,129.96066753411947
3001393,57.23702592913232
3001394,53.33377223558947
3001395,2025.0748664775497
3001396,13.026190036522113
3001397,0.4911515482940669
3001398,13.495274694618155
3001399,22.935557561291567
3001400,0.17784852947805302
3001401,140.54741567229124
3001402,7.0301753113183
3001403,7.997143065203027
3001404,7.422424564225454
3001405,60.616532870916174
3001406,3.08005212536331
3001407,374.55375647641915
3001408,152.67813596800926
3001409,2.9303348724482596
3001410,4.956551838284723
3001411,266.02828724815015
3001412,43.010694915498625
3001413,1343.1580069241159
3001414,20.421038730569457
3001415,10.29253463125479
3001416,3.9262692963877397
3001417,0.22186342756734648
3001418,7.5270403982328835
3001419,3243.8090273397047
3001420,0.2617495652091384
3001421,740.3311170191486
3001422,15.080374351398264
3001423,1158.3679203216336
3001424,1339.2902229958183
3001425,260.5408801034715
3001426,177.25957638777138
3001427,141.591351540081
3001428,4052.554233492094
3001429,23.188783468070106
3001430,1.21520366510338
3001431,25.844129283254496
3001432,46.531809056936595
3001433,0.47857303496288833
3001434,300.89486705912475
3001435,13.073505127486897
3001436,47.91978642287211
3001437,11.536351469849128
3001438,124.1163861364928
3001439,11.653322280718648
3001440,316.58003531742924
3001441,266.103184479265
3001442,14.94339813163609
3001443,13.486338721641681
3001444,378.42841233947604
3001445,105.72717695756435
3001446,5549.012792284688
3001447,41.65557139786442
3001448,26.255978561871444
3001449,1.5976375653046293
3001450,0.0
3001451,3.650492472005049
3001452,1405.5247991883352
3001453,0.0
3001454,240.5813290714201
3001455,4.108231020968346
3001456,459.68476432116046
3001457,403.39596921161035
3001458,108.79775499859775
3001459,88.09693592525537
3001460,71.12403733127398
3001461,1934.5460063283224
3001462,5.664627030714329
3001463,0.3635976209697995
3001464,17.183593314470322
3001465,23.265903859531146
3001466,0.0
3001467,124.58319388315051
3001468,0.2867386124571749
3001469,26.471450103852362
3001470,7.086405155637415
3001471,103.91479047777379
3001472,2.747462508137148
3001473,65.18683835688836
3001474,112.93017624307456
3001475,3.3313444096409954
3001476,3.3280777032196154
3001477,51.32820098639976
3001478,23.5051857086891
3001479,1740.971400434033
3001480,27.175393104068753
3001481,1.6940065357751195
3001482,2.6939784293445723
3001483,0.007939912401529836
3001484,2.0850735120561037
3001485,894.6488627778122
3001486,0.02955874636526295
3001487,169.42676697790162
3001488,4.30876876238304
3001489,371.99267189671315
3001490,269.76727529739674
3001491,99.51058450902494
3001492,39.22058383416664
3001493,33.18374663844879
3001494,1473.1963238608037
3001495,2.99985910560184
3001496,0.4324107573422498
3001497,10.25109808296265
3001498,11.961193762330522
3001499,0.11801451946136145
3001500,93.05385529608688
3001501,0.5585233830672164
3001502,6.89031798649468
3001503,4.180190538251495
3001504,32.8778742754471
3001505,0.8773738924712869
3001506,170.28458570362014
3001507,125.43605081204089
3001508,1.3693888417705538
3001509,2.566322774457714
3001510,92.41021903890402
3001511,18.222693464601427
3001512,661.043591281133
3001513,18.183984709716178
3001514,1.959561514440625
3001515,4.966014696247123
3001516,0.12882920370343784
3001517,6.7064616154932395
3001518,2294.0669569204497
3001519,0.1534246245571133
3001520,561.6399381362351
3001521,11.375382008955315
3001522,767.0631661264893
3001523,827.4333906926691
3001524,235.57353277929707
3001525,162.06696046892898
3001526,96.83561141360144
3001527,3456.4116929610136
3001528,17.417020617377645
3001529,1.0946098887275761
3001530,20.10570723757015
3001531,32.22280815300495
3001532,0.38845287880624974
3001533,236.2411716984765
3001534,6.570873543541679
3001535,40.338281221115395
3001536,9.6996076184634
3001537,129.13220834450175
3001538,6.404573223269091
3001539,275.37097015800043
3001540,242.56982627273385
3001541,10.30919119779297
3001542,9.355308078587043
3001543,325.8187576091874
3001544,83.30964713914537
3001545,3614.2209921122862
3001546,35.496958007601535
3001547,16.29525915825707
3001548,5.229378513465895
3001549,0.10068151731857614
3001550,3.357078731007369
3001551,2777.6958682400095
3001552,0.08275679983968047
3001553,531.6917760963381
3001554,7.475733103753368
3001555,975.6734493332873
3001556,878.9255615287308
3001557,305.31227530128
3001558,165.2334817450067
3001559,59.56575694537262
3001560,3818.398953832861
3001561,6.573519058909543
3001562,0.8534557020762138
3001563,19.53896200072262
3001564,24.688488859998046
3001565,0.3007513584685673
3001566,267.286881243885
3001567,0.334517669122372
3001568,11.79758554350339
3001569,6.873022249943321
3001570,86.9729388068422
3001571,1.554290112036314
3001572,187.2915248906242
3001573,273.292342386195
3001574,3.1483834050084925
3001575,4.87899388025066
3001576,190.65659319042072
3001577,57.2026325882859
3001578,2845.5210807651238
3001579,43.946859511655646
3001580,3.8910452398771573
3001581,5.518143869090472
3001582,0.1681076627682694
3001583,3.758518586221634
3001584,2578.5308614590494
3001585,0.12861321956442415
3001586,462.10834886003147
3001587,9.538492467021364
3001588,907.2516772882935
3001589,880.0328676627147
3001590,251.4570634938102
3001591,136.8577969064886
3001592,62.26586955143359
3001593,3194.5665212277845
3001594,10.574628111769119
3001595,0.9564256024777457
3001596,22.417906194456144
3001597,27.969980635700214
3001598,0.37345610573294297
3001599,298.098694077598
3001600,1.188337549568844
3001601,10.405190474908068
3001602,7.140169095898181
3001603,75.14068667233565
3001604,1.5438757798934502
3001605,162.62757678248346
3001606,260.3110950616249
3001607,3.1817927195354914
3001608,7.127165143693668
3001609,176.27141236905192
3001610,61.14801053896662
3001611,3966.757925548
3001612,31.101656866108364
3001613,5.466431269709472
3001614,8.937144137628238
3001615,0.7724578872159846
3001616,12.85918363433681
3001617,7067.135701498674
3001618,0.7910735256847927
3001619,1199.0814823742526
3001620,31.21297810598177
3001621,2036.4067223164639
3001622,2221.838845157355
3001623,390.2004584662385
3001624,391.2300808136267
3001625,277.1828900962597
3001626,6813.447612823573
3001627,75.11134781087313
3001628,2.82124497519218
3001629,52.52053418489254
3001630,69.99962253626447
3001631,1.3289872064175257
3001632,462.8613495198227
3001633,33.95619320800449
3001634,75.7808182873416
3001635,26.50144528065897
3001636,260.886869436944
3001637,19.631537085420856
3001638,830.1151103950814
3001639,452.76319803382637
3001640,21.658007393857424
3001641,26.085671274011613
3001642,1044.5270025078814
3001643,347.9550763097414
3001644,9997.773268860885
3001645,50.69173079037866
3001646,82.56582001952614
3001647,2.3272693467923737
3001648,0.013939113025687674
3001649,1.996082958802058
3001650,1308.4789293386598
3001651,0.0
3001652,155.9662528786228
3001653,3.3325403449463766
3001654,467.56050097959303
3001655,309.52638224752
3001656,119.7042663165675
3001657,89.13090021820523
3001658,42.241821304063386
3001659,1781.235919889773
3001660,2.22023688415615
3001661,0.4268249262738996
3001662,13.947786146252355
3001663,13.721346882459935
3001664,0.08802207499980744
3001665,127.31282464161153
3001666,0.4823887837443388
3001667,4.250614895362126
3001668,4.680164311793239
3001669,47.42422874037489
3001670,0.7963743031078672
3001671,58.41241717846736
3001672,119.11680348635507
3001673,0.9190007562203597
3001674,2.599332358415777
3001675,69.69779037030146
3001676,22.67751158022077
3001677,826.3280562364828
3001678,23.047622885921477
3001679,1.8643508759223915
3001680,7.06944161267832
3001681,0.3513360088234193
3001682,3.2650557656939077
3001683,2357.1443313167956
3001684,0.2188283744848711
3001685,429.4074637171292
3001686,8.395318168107845
3001687,1039.2670023878502
3001688,771.713810097562
3001689,256.4047535611596
3001690,173.58453524591323
3001691,52.77959937225845
3001692,3700.8598877842264
3001693,6.903996782336672
3001694,0.8188453907910478
3001695,18.387092742442803
3001696,27.48332655198198
3001697,0.36351868374755125
3001698,239.57478037012294
3001699,1.6684479703098969
3001700,6.029187806266217
3001701,11.145911223346415
3001702,42.9177526979699
3001703,1.1743229009671237
3001704,235.2559729987085
3001705,269.71468911496333
3001706,1.696414731871242
3001707,6.789460224343281
3001708,160.7244777821524
3001709,61.07407485177561
3001710,2360.974242491727
3001711,31.821373169351787
3001712,4.645867980936504
3001713,1.470014617146373
3001714,0.0
3001715,1.3149133458316493
3001716,889.7924301630484
3001717,0.0
3001718,109.32621175561806
3001719,2.258401767102572
3001720,450.9826219235226
3001721,208.02752802779617
3001722,110.00976103240941
3001723,86.06580815751663
3001724,22.488990330674735
3001725,1555.3587968224588
3001726,1.3663783564754293
3001727,0.21362081872351127
3001728,9.46573308713957
3001729,8.841753080861933
3001730,0.0
3001731,92.8681775648832
3001732,0.0
3001733,2.750000883310265
3001734,2.5855803115031977
3001735,25.100108096859366
3001736,0.21348946124374138
3001737,47.550979673269296
3001738,112.96655328342983
3001739,0.418615312621266
3001740,1.5470559211146562
3001741,47.62689801702509
3001742,13.173714894104851
3001743,393.38682656499196
3001744,18.297742433683652
3001745,0.6427462723659428
3001746,5.136855113108732
3001747,0.17245788462319145
3001748,2.6479000860032613
3001749,1701.1526949349227
3001750,0.08696119219356187
3001751,246.46607541621873
3001752,5.513403904020333
3001753,739.1858580749538
3001754,505.42839635303153
3001755,191.1280602048443
3001756,107.67400280133117
3001757,45.31889800918006
3001758,2774.5346847423484
3001759,2.851191219021131
3001760,0.5343566714526393
3001761,22.374661592975496
3001762,23.092924644140584
3001763,0.17445033566180698
3001764,205.78464259681206
3001765,0.4339519761987074
3001766,3.860783533196999
3001767,10.519151780808901
3001768,52.453524182819095
3001769,0.9865941597256935
3001770,172.18266398132735
3001771,196.35521113480414
3001772,1.118072145870379
3001773,3.988402352373222
3001774,154.3144670016444
3001775,38.53213075908149
3001776,1915.5331116465443
3001777,28.132719414044217
3001778,1.6531905172570198
3001779,3.6012164545011327
3001780,0.3368170055914679
3001781,4.567055179661932
3001782,2365.4442448683953
3001783,0.2383678197944021
3001784,501.90331994059363
3001785,6.414086839161319
3001786,865.2019936461528
3001787,763.5891320714841
3001788,228.11857466546581
3001789,96.19924091292879
3001790,61.3374827967775
3001791,3848.3196669638946
3001792,4.825243620414273
3001793,1.1273345888551383
3001794,24.784207997744648
3001795,33.72875131442384
3001796,0.45423135201423964
3001797,218.37175086834202
3001798,3.3849622952742178
3001799,9.557333282381661
3001800,8.341011579428582
3001801,49.0137527813534
3001802,2.745127071411555
3001803,167.87702815834808
3001804,246.23155370136462
3001805,3.390152986782136
3001806,5.607658250475829
3001807,146.7474325898644
3001808,38.98240822399226
3001809,1561.7241724666887
3001810,43.78676262334783
3001811,2.3605453981744926
3001812,2.4105157772626518
3001813,0.0
3001814,1.3864846662848072
3001815,1192.0900654839168
3001816,0.0
3001817,121.88415897944951
3001818,2.277478189449565
3001819,430.13529191436254
3001820,234.39365134511525
3001821,102.59740803724834
3001822,111.5939561242389
3001823,35.42695938682104
3001824,1760.6373779896455
3001825,1.8889850781929538
3001826,0.21489888441361474
3001827,10.874050019032941
3001828,11.898982066185177
3001829,0.0
3001830,105.07758247717821
3001831,0.0
3001832,3.2530149200962155
3001833,2.779103316729844
3001834,38.753696701209286
3001835,0.30727307634839196
3001836,83.70132595542003
3001837,115.07195276023558
3001838,0.46202724663086747
3001839,1.6817062079433873
3001840,50.246387050873395
3001841,17.434083961109028
3001842,570.6900955616424
3001843,23.304484259273707
3001844,0.3325569631488726
3001845,3.3236298416378403
3001846,0.013703060067067296
3001847,2.873769741307547
3001848,2463.119549930402
3001849,0.0399686114726396
3001850,418.2032490792957
3001851,5.345417077870414
3001852,838.8540494411154
3001853,724.1409113749944
3001854,196.08328518400413
3001855,105.38819202642088
3001856,65.515612401178
3001857,3486.1331348324525
3001858,5.695435622158197
3001859,0.5263922177352419
3001860,18.15515089579537
3001861,23.424117664182532
3001862,0.17981897519212994
3001863,224.97502217353065
3001864,0.2852274614413775
3001865,16.800798414060232
3001866,5.155388055629291
3001867,78.34715108109462
3001868,1.475604294687662
3001869,162.06205096244298
3001870,213.71374396040625
3001871,2.5786051969409964
3001872,3.9382141254993384
3001873,132.2319900220962
3001874,56.367506476740665
3001875,2540.476870791026
3001876,38.40918337502683
3001877,1.0968986901676814
3001878,3.509293741854186
3001879,0.1380073957000044
3001880,6.362665357806771
3001881,2376.7471033608304
3001882,0.15570819179736223
3001883,530.1860578013685
3001884,10.595152580041105
3001885,859.8423058391922
3001886,1014.7611148794867
3001887,177.97711922197635
3001888,126.97034865813193
3001889,103.72808171470734
3001890,3574.707435735235
3001891,31.792296489105652
3001892,1.1882349056624317
3001893,25.417029013259445
3001894,32.64576179262493
3001895,0.39395757321741554
3001896,278.0739266836961
3001897,16.121623739631147
3001898,44.901386046428826
3001899,9.054918233971861
3001900,142.98577939531185
3001901,10.010638501640091
3001902,250.11342966863117
3001903,223.69348284768267
3001904,12.240651458797135
3001905,11.352619601734991
3001906,269.8994035379082
3001907,111.43011001999764
3001908,4141.613194757476
3001909,34.062661943220135
3001910,13.645193198346806
3001911,4.903817435138754
3001912,0.05953575882504846
3001913,6.8395457825026345
3001914,1833.111857042021
3001915,0.050773684253072236
3001916,435.1915520193364
3001917,10.910800816462245
3001918,854.9944356409484
3001919,727.7019225184395
3001920,170.75731057955542
3001921,85.9971120201671
3001922,85.40513992338626
3001923,2942.791797845469
3001924,18.609497994743606
3001925,1.030080306721045
3001926,23.047234701036437
3001927,34.85248024767458
3001928,0.26196597699836116
3001929,275.49053570399656
3001930,15.544118735649876
3001931,26.832699474308672
3001932,12.501587012083911
3001933,99.18543863130756
3001934,7.350260997485788
3001935,156.11272727033628
3001936,236.7860682251993
3001937,8.063077710001636
3001938,12.313492230619817
3001939,137.58425046685716
3001940,85.9526264446936
3001941,2494.5657449028035
3001942,30.21774545199042
3001943,13.365089752581696
3001944,6.462752464502808
3001945,0.24599914430750666
3001946,5.9116196795623175
3001947,3168.3704536992636
3001948,0.1629780645120899
3001949,620.8106543772307
3001950,9.01072790391896
3001951,1077.0239806973905
3001952,885.695444643006
3001953,232.7067866293844
3001954,199.09413208381397
3001955,62.00555497283433
3001956,4147.002268567157
3001957,18.820515185404098
3001958,1.1800816882731722
3001959,22.363274628678298
3001960,33.15260612927553
3001961,0.3867801542416874
3001962,310.18088047851035
3001963,5.941052829116789
3001964,27.89586727526688
3001965,8.818173767003373
3001966,82.17566858600648
3001967,3.35153006216364
3001968,158.07124502340483
3001969,266.68618462735344
3001970,5.444433047590394
3001971,8.782463103634178
3001972,165.4030101996157
3001973,73.4477048254315
3001974,2393.5516562678995
3001975,42.81636152916395
3001976,8.58224369346049
3001977,3.21767398111273
3001978,0.0480438668208135
3001979,6.065624990811749
3001980,2119.816152217615
3001981,0.05264642515126808
3001982,411.02324882169944
3001983,8.346032713369983
3001984,731.8284710352527
3001985,752.2581176290828
3001986,211.6251597475702
3001987,119.3590697319909
3001988,71.52104467935274
3001989,3160.360593727453
3001990,13.500674045115305
3001991,0.835557946178665
3001992,15.602053339749196
3001993,22.083011726110414
3001994,0.2513235438252016
3001995,222.9976790608504
3001996,15.020530132345415
3001997,25.74362104666521
3001998,6.1126501955613195
3001999,87.0050313409816
3002000,6.218265549672795
3002001,313.70182839293534
3002002,236.2890841442989
3002003,8.144348082020887
3002004,8.763488340633781
3002005,349.8639554660988
3002006,80.32619629592978
3002007,3033.4262658265384
3002008,26.948287079707967
3002009,17.33549339313551
3002010,3.941948245989801
3002011,0.24768521485033967
3002012,2.6045536255426036
3002013,3587.972407597635
3002014,0.15655204520692695
3002015,380.4542923057589
3002016,7.060941125389854
3002017,1531.2177431434397
3002018,795.739392554286
3002019,263.70903725681
3002020,129.3536536091855
3002021,62.423071770352415
3002022,4832.515122544363
3002023,7.996054047837696
3002024,0.6923772011221365
3002025,23.42734932740202
3002026,30.173711196622826
3002027,0.2472396395640118
3002028,313.8466670131464
3002029,0.7928157322295196
3002030,5.652904322059969
3002031,8.413705145003291
3002032,62.0174208706676
3002033,1.3447251814104386
3002034,120.25163551961371
3002035,259.19843427354675
3002036,1.666201336120372
3002037,5.283911518033153
3002038,142.26114475961086
3002039,55.69603425007553
3002040,2153.3181008408787
3002041,36.202994214132424
3002042,2.8374602873749186
3002043,4.072567917751474
3002044,0.12046914086132207
3002045,7.057255138555453
3002046,1789.6658026317662
3002047,0.12635498651663027
3002048,413.7740028185902
3002049,10.204325754849389
3002050,860.2300394679612
3002051,637.8973677897159
3002052,206.7643299985918
3002053,96.49280250882435
3002054,93.94736481219947
3002055,3054.760730523567
3002056,19.43506240565494
3002057,0.8612000959021459
3002058,21.92111156789398
3002059,37.99584835608718
3002060,0.2932387717982055
3002061,239.80029930449493
3002062,9.53574810104907
3002063,34.08266849391857
3002064,9.685821247950956
3002065,76.13321374951445
3002066,8.269450062731403
3002067,158.58293016418943
3002068,232.44464185754873
3002069,9.40110505575677
3002070,11.272263954773525
3002071,151.81758405091418
3002072,62.18030649701118
3002073,2524.629466675718
3002074,33.279785961773925
3002075,7.162473931634915
3002076,4.742360224291322
3002077,0.2184306177810763
3002078,6.787171260745385
3002079,2020.5001524869813
3002080,0.21238925980913076
3002081,456.3717818693737
3002082,9.719584544118831
3002083,769.8435490613407
3002084,711.3086599182974
3002085,196.4159154045689
3002086,118.54473097404176
3002087,95.60103219347005
3002088,3097.942313946575
3002089,24.68938663670083
3002090,1.073685996229791
3002091,24.278434791615204
3002092,28.312311734063194
3002093,0.48699300331233697
3002094,257.0690902040862
3002095,8.350703651830166
3002096,44.056560921348556
3002097,11.75186017685741
3002098,121.12613091395758
3002099,4.797170146000534
3002100,184.81305900326328
3002101,230.78734003956387
3002102,7.184554172760293
3002103,7.054556931612572
3002104,235.6362199991472
3002105,81.82818692653537
3002106,4160.220475882352
3002107,33.83145834108912
3002108,12.51683231912563
3002109,4.384658244125925
3002110,0.13415619675883797
3002111,2.6906745722171532
3002112,3238.3105302203844
3002113,0.11768985606111906
3002114,357.328716663384
3002115,5.450033282398011
3002116,939.9831830456349
3002117,648.8607510066611
3002118,247.9413998803298
3002119,128.85025363925726
3002120,46.073209825854434
3002121,4163.1688501651715
3002122,3.9539481668248877
3002123,0.6845140938175038
3002124,17.761415656462137
3002125,21.692138873054592
3002126,0.2305076536283604
3002127,226.27511544613895
3002128,0.23444697349233598
3002129,8.196733794967557
3002130,5.890807514240866
3002131,68.50495077319778
3002132,1.6648752198708991
3002133,144.97471071813828
3002134,241.0483668298891
3002135,1.8641263100271814
3002136,3.9599714296255337
3002137,146.65424511208752
3002138,49.27320183201871
3002139,1791.273650282723
3002140,39.46165553213316
3002141,0.9446898269160074
3002142,13.068348330689814
3002143,0.7206631522767266
3002144,15.992748369822841
3002145,7866.208850942701
3002146,0.8083388516225183
3002147,1519.5212148757541
3002148,31.962095635624156
3002149,2410.192839838828
3002150,2505.3520764786613
3002151,562.1547055485293
3002152,485.7084795439408
3002153,349.2453983911105
3002154,7730.188544537038
3002155,75.4966441493403
3002156,2.740902250268441
3002157,78.22786984885133
3002158,104.0814678896793
3002159,1.2827089728528205
3002160,616.0882725730801
3002161,48.73258297543755
3002162,56.598046872745414
3002163,26.7071308921902
3002164,382.1140455733672
3002165,21.06011267009405
3002166,933.7206304951224
3002167,602.1160836739313
3002168,29.41027267336034
3002169,32.29228418289865
3002170,1155.1857188800318
3002171,389.9459437958893
3002172,11085.790779439449
3002173,97.3397115445383
3002174,84.69602368453437
3002175,10.202395451208542
3002176,0.31022101107013955
3002177,12.119613637154522
3002178,6947.149032934123
3002179,0.4152977562258891
3002180,1220.3097551003377
3002181,26.98447943962149
3002182,2339.541475644442
3002183,2094.520181736275
3002184,582.5690300806482
3002185,297.85972576611334
3002186,272.30670895566277
3002187,7699.385085720186
3002188,63.26001613361048
3002189,1.3239218490230602
3002190,50.37589824137531
3002191,83.16061798078799
3002192,0.8702244660362756
3002193,578.1538594341166
3002194,48.60972021194981
3002195,54.02087757745266
3002196,11.616483724040188
3002197,225.71681768449156
3002198,14.717120785784584
3002199,902.1516020228912
3002200,628.9863255091519
3002201,23.863762581277825
3002202,25.719371689711807
3002203,962.9495363206643
3002204,290.659997390494
3002205,8731.750367185763
3002206,80.87225435331412
3002207,66.4482122876509
3002208,9.992953393911307
3002209,0.22654677452871777
3002210,12.948935135797019
3002211,4062.454182912123
3002212,0.29091793057813187
3002213,844.1137285037153
3002214,18.09434209132125
3002215,1950.3652416123925
3002216,1342.6541348710125
3002217,543.1720901143343
3002218,137.3986073908068
3002219,160.79054423547237
3002220,6178.9147691880335
3002221,35.83090080862535
3002222,1.1572655875945463
3002223,31.24714325721126
3002224,51.138753691916115
3002225,0.670177451268355
3002226,486.4366053420747
3002227,33.28015218639655
3002228,35.49624228950798
3002229,9.775784611530616
3002230,130.0983913860088
3002231,9.996729500553403
3002232,807.8692329127954
3002233,541.7269228195922
3002234,18.382018585494514
3002235,21.953215365413676
3002236,740.2445423827867
3002237,136.00477803998737
3002238,3780.3187052170088
3002239,77.9697605574963
3002240,34.660285472222945
3002241,10.427194934080367
3002242,0.2929896815763584
3002243,14.491336654296553
3002244,6568.016894908912
3002245,0.3913282384699469
3002246,1210.3702092868564
3002247,23.89239847646604
3002248,2116.189776906172
3002249,2037.8748774623673
3002250,567.9217862032882
3002251,273.70634001074063
3002252,230.17529241174347
3002253,7464.986558348512
3002254,55.422293345775614
3002255,1.4882759098473013
3002256,50.09656046479036
3002257,78.88607348790754
3002258,0.84784860925249
3002259,566.2853998877732
3002260,51.35802566278276
3002261,52.02845432885222
3002262,11.670087579066033
3002263,202.1533910231275
3002264,13.061766924538809
3002265,768.0543979601232
3002266,648.5529189915479
3002267,22.74157139209313
3002268,23.97619841255913
3002269,832.2275873644925
3002270,236.21476471584015
3002271,7046.498668467229
3002272,78.31241906656747
3002273,58.80255205790234
3002274,7.58247295567422
3002275,0.02093003958249958
3002276,10.576074328178429
3002277,3493.1665377545473
3002278,0.06535082380690199
3002279,728.1324674361647
3002280,16.074215613609304
3002281,1717.6571203784388
3002282,1066.6177578301326
3002283,464.12542282884544
3002284,92.00820047371496
3002285,107.74241623163095
3002286,5346.610832830503
3002287,29.19674538886897
3002288,0.8187892388088581
3002289,29.680622525910053
3002290,48.120091361468596
3002291,0.345590426705295
3002292,418.29036002808334
3002293,31.211148578828478
3002294,23.452876427264737
3002295,8.017602620943089
3002296,119.79240935964722
3002297,6.028019219877362
3002298,640.2456935993027
3002299,471.8697279141098
3002300,13.081377842600412
3002301,20.321633682466004
3002302,480.2172132774993
3002303,97.36176958354912
3002304,3179.1624596260367
3002305,74.89062881383818
3002306,21.74274101548002
3002307,9.325391903416497
3002308,0.2591807723413453
3002309,11.012964816925058
3002310,6514.281558376985
3002311,0.350992725740127
3002312,1199.18327654714
3002313,27.310972993410353
3002314,1900.9897941344084
3002315,2152.8560252419347
3002316,407.3430521912367
3002317,361.10938082314397
3002318,291.8439687855563
3002319,6710.332719749687
3002320,57.1153608901758
3002321,1.4568994572730047
3002322,49.31047094735168
3002323,68.55518846732537
3002324,0.7774600444541622
3002325,477.86018780603524
3002326,22.283329294592615
3002327,63.465642140483546
3002328,13.383429678714466
3002329,282.4831974502636
3002330,15.801584080286371
3002331,668.1104294066752
3002332,482.2930668668155
3002333,23.298578041951238
3002334,26.474241208090707
3002335,807.0979871674999
3002336,274.86487163342747
3002337,9952.073773973747
3002338,66.20521594684142
3002339,63.745080467821744
3002340,4.7750570225668305
3002341,0.20161262600935223
3002342,6.272772647623774
3002343,1464.4868133390455
3002344,0.173015260999379
3002345,324.80738140948654
3002346,13.719137049044999
3002347,760.1718446318398
3002348,531.0992490403399
3002349,216.02652159890138
3002350,86.68230238535816
3002351,72.87863147956207
3002352,2702.0713206820346
3002353,16.27978140330246
3002354,0.940922450321084
3002355,20.764881535098866
3002356,34.45386707031127
3002357,0.3992651905269198
3002358,192.47108750923104
3002359,9.83955437890361
3002360,14.867169475190291
3002361,13.758181669432975
3002362,71.25488185834207
3002363,5.560086496643905
3002364,243.19585529693862
3002365,228.0420560208362
3002366,4.629775797445939
3002367,9.553082332885769
3002368,222.71395370256477
3002369,71.5353348718564
3002370,2045.4241523263113
3002371,25.51799023802027
3002372,11.160139889978048
3002373,7.688774873151301
3002374,0.13535053483396703
3002375,9.15884397729329
3002376,3324.6129612305663
3002377,0.1375867895069966
3002378,600.3429741964576
3002379,19.34785664200506
3002380,1316.5603151643272
3002381,969.3275870626934
3002382,392.6188055071569
3002383,88.89556144641811
3002384,113.08567163002877
3002385,4968.084224376359
3002386,33.494960169133044
3002387,0.9679177636727392
3002388,36.240416579542035
3002389,59.07282537126014
3002390,0.3908277675432015
3002391,383.8559674620613
3002392,19.869986473706284
3002393,22.99278029059201
3002394,9.40655623570294
3002395,128.42794267334048
3002396,7.743061291695433
3002397,454.3041882125988
3002398,431.09897526963005
3002399,11.781411581169111
3002400,16.37744451891905
3002401,347.9847536824101
3002402,102.96492526248845
3002403,3415.4573845024297
3002404,70.80067485531887
3002405,21.203146999229286
3002406,6.585972586401769
3002407,0.17159649361409013
3002408,7.265344487311092
3002409,4381.435454298773
3002410,0.26224695117348223
3002411,826.921771100303
3002412,14.409140356444382
3002413,1340.466532794895
3002414,1548.9231623753215
3002415,256.2434121545287
3002416,224.5036008903341
3002417,184.47180246085384
3002418,4906.43785723416
3002419,21.08823716407549
3002420,1.2622593280976924
3002421,26.425849150074512
3002422,44.15146720403047
3002423,0.6388971760175939
3002424,313.00702348521753
3002425,4.202324186434852
3002426,47.21305896597853
3002427,9.337965696313695
3002428,190.99477043824263
3002429,10.747231522798577
3002430,591.1062104241694
3002431,276.64922581131873
3002432,15.047697488981225
3002433,11.664002788775614
3002434,663.6900706436502
3002435,153.86790714392595
3002436,6682.93764295595
3002437,54.96799164096796
3002438,25.49782344478865
3002439,7.201329903708089
3002440,0.8516033810959146
3002441,6.732457857772535
3002442,3161.748897260552
3002443,0.8742542283974233
3002444,772.3985266714677
3002445,14.13995734550711
3002446,1189.972589620785
3002447,1101.5100130045437
3002448,410.8946617358771
3002449,260.65662837811357
3002450,223.7099163399288
3002451,4543.045231251358
3002452,11.153019393409041
3002453,2.0613552308429766
3002454,28.956339313989876
3002455,45.37326152997982
3002456,1.2924092438182453
3002457,209.75381141382016
3002458,4.959045213036697
3002459,21.46734340146351
3002460,11.677326593216648
3002461,236.3468626820192
3002462,4.6433572766475555
3002463,330.2988187715983
3002464,409.04634368820797
3002465,5.784929434746
3002466,8.40555627184537
3002467,308.84230411772637
3002468,139.5113319683564
3002469,4383.821581054761
3002470,38.91993783023332
3002471,8.193577711204142
3002472,5.539674411482916
3002473,0.12463575287178251
3002474,5.766196020400995
3002475,1805.4565190496787
3002476,0.09408769896391059
3002477,393.6794147288522
3002478,9.058072083105346
3002479,852.1014083959983
3002480,570.5880169784255
3002481,220.8927088017374
3002482,98.66188118376189
3002483,96.65582453620436
3002484,2805.598472250729
3002485,15.592084768506371
3002486,0.9891278982495896
3002487,24.597795320409475
3002488,36.39097083141619
3002489,0.284179492334494
3002490,287.64720626735493
3002491,3.8630495532005673
3002492,15.695588214529707
3002493,8.448570940898772
3002494,91.96748207133719
3002495,4.5300090386408245
3002496,184.8017065704876
3002497,233.74608100709685
3002498,5.616080306436578
3002499,7.463248788288979
3002500,192.15381206765326
3002501,74.47384625271917
3002502,3576.1914255394167
3002503,34.01664886726072
3002504,5.864273074856024
3002505,3.7605843524905045
3002506,0.04496593932998272
3002507,1.9895583495312656
3002508,1687.2617628532323
3002509,0.0
3002510,194.19774915048583
3002511,3.351241920851379
3002512,840.9836447780838
3002513,296.81405112991473
3002514,182.52952792332366
3002515,64.28088711812411
3002516,31.822944534520612
3002517,2906.571975185483
3002518,4.590245902153558
3002519,0.42061635928774554
3002520,16.335188276656922
3002521,18.972891229978256
3002522,0.08320922205872683
3002523,196.4405176978878
3002524,0.2853555952250787
3002525,3.2868879453229045
3002526,4.949273652412849
3002527,29.35006626886263
3002528,0.6175151596653805
3002529,57.64404828828317
3002530,170.3858953268763
3002531,0.5476139396335638
3002532,2.670297268556801
3002533,51.35948954575917
3002534,32.60582526356941
3002535,774.9154760544612
3002536,25.1606640441823
3002537,0.9089650341774782
3002538,4.70629000513072
3002539,0.04101178096825603
3002540,7.030959556272708
3002541,2877.3298020395623
3002542,0.06634125292939823
3002543,538.7315952213204
3002544,13.340247725078196
3002545,1075.6528329132173
3002546,1014.3572343610278
3002547,282.7195967575193
3002548,152.20937750962352
3002549,114.82500043670402
3002550,3980.902330911893
3002551,27.619514797933636
3002552,0.8241214211018244
3002553,26.864264089110552
3002554,46.47883629711505
3002555,0.28710311284781564
3002556,289.5032439771158
3002557,18.734578133822982
3002558,21.77912877291108
3002559,9.419286958095244
3002560,101.76419280536345
3002561,6.268945126044747
3002562,426.2882078061823
3002563,287.8872182640201
3002564,8.207921550815364
3002565,11.469997139883013
3002566,493.09322210536
3002567,109.3215585704137
3002568,3537.5549784356535
3002569,28.276377738261196
3002570,30.39572295426665
3002571,4.144034957961212
3002572,0.1780392083345762
3002573,6.916050742934426
3002574,3884.4523397817466
3002575,0.2487824313041235
3002576,716.4915838519061
3002577,14.832479395248956
3002578,1106.5516746240762
3002579,1315.748669587615
3002580,218.8343018934806
3002581,249.32715434524337
3002582,186.62712855304164
3002583,4363.059271458208
3002584,30.499022268286115
3002585,1.4121905471459109
3002586,24.893897350933035
3002587,37.11131356474951
3002588,0.5376071457481358
3002589,264.777103549371
3002590,11.376813281242772
3002591,51.26572564358558
3002592,13.017301212825583
3002593,219.47132136580763
3002594,10.9034214796764
3002595,513.6587549495019
3002596,259.10456280642865
3002597,11.950839504625488
3002598,11.97111382696258
3002599,575.4110907746676
3002600,173.0421078524507
3002601,7346.473229066247
3002602,31.420813335934376
3002603,37.309752077613844
3002604,5.477085164683595
3002605,0.3650125790943709
3002606,9.773009847179313
3002607,4126.928355280282
3002608,0.39047114640508973
3002609,759.0176646336896
3002610,19.67524817544893
3002611,1299.5939403471982
3002612,1410.9713461690517
3002613,291.3128847607446
3002614,235.1497239437611
3002615,148.20796730313185
3002616,4504.140722154714
3002617,37.58994708057452
3002618,1.7935282943814048
3002619,35.59454213046024
3002620,48.68767506311117
3002621,0.7388691943653931
3002622,347.3650919079708
3002623,26.652304075262936
3002624,54.90206563303312
3002625,17.998466179161248
3002626,180.60590598175048
3002627,14.038224637299479
3002628,455.25445475532683
3002629,311.56177232186303
3002630,16.029157631004164
3002631,18.695156145457943
3002632,549.5696182863942
3002633,177.74704893110925
3002634,6785.725056121155
3002635,39.024606218271636
3002636,43.15098100838999
3002637,8.159963789506161
3002638,0.29001289734702823
3002639,8.161775090532412
3002640,3343.7977565433193
3002641,0.1688961486878752
3002642,543.0913447123833
3002643,11.537432113683947
3002644,1475.839093168413
3002645,1051.699820494035
3002646,439.81968074329137
3002647,139.3943893819106
3002648,63.07132545412451
3002649,5301.863808655265
3002650,9.97649778582063
3002651,1.1619095812080091
3002652,29.638225900132788
3002653,38.75143639348136
3002654,0.4097985555615837
3002655,375.82926173665
3002656,10.691454309056606
3002657,12.374453195028655
3002658,10.383806544547724
3002659,59.420029150814614
3002660,3.473366358484483
3002661,350.8422216693006
3002662,373.18334556638695
3002663,5.175537112077953
3002664,11.113916548454267
3002665,361.9755157748974
3002666,72.460389345886
3002667,2447.6482904001377
3002668,50.6111600084411
3002669,12.16899461853786
3002670,3.2510115011894807
3002671,0.13748843215983006
3002672,4.083199328308678
3002673,1780.1262637561697
3002674,0.1707558302853223
3002675,371.2299348130384
3002676,11.57975251506446
3002677,582.3215673611021
3002678,634.0869592999927
3002679,127.17317705540039
3002680,133.9162503270523
3002681,114.64130859720555
3002682,2345.830796157493
3002683,20.2581287489895
3002684,1.107136615929022
3002685,16.056058482214524
3002686,23.784927581076325
3002687,0.35214697487162205
3002688,179.21670059813516
3002689,11.561426287191491
3002690,11.566489243232082
3002691,4.9581482560138115
3002692,110.02340910862348
3002693,6.943440976203258
3002694,261.77621161958837
3002695,137.75631282838302
3002696,6.911575036369447
3002697,8.67155657103913
3002698,211.36268703303614
3002699,88.77884364390906
3002700,1747.6767199737299
3002701,0.4802319983635758
3002702,19.03989842490322
3002703,2.259163506691043
3002704,0.01092063530537486
3002705,1.5232277315354479
3002706,977.106654056699
3002707,0.0
3002708,101.43268829123602
3002709,2.7231806465741273
3002710,576.1313132109445
3002711,186.86397908412124
3002712,151.87068855078726
3002713,37.39248697861861
3002714,22.893727645113774
3002715,2171.9605393467978
3002716,2.100173904133243
3002717,0.2740201296312141
3002718,5.943429088020156
3002719,5.858529885009591
3002720,0.00018846560590660488
3002721,127.34263345889939
3002722,1.3643799757664723
3002723,0.21404946445246778
3002724,1.3322987209155932
3002725,12.525107128857663
3002726,0.5726505357063001
3002727,165.48186722313355
3002728,137.87853943709615
3002729,0.6761694311936695
3002730,2.4838412036138755
3002731,101.76230948355274
3002732,17.793142632534696
3002733,189.58634311139497
3002734,0.14838426885123332
3002735,1.720289956890679
3002736,6.141644065753858
3002737,0.211549179281596
3002738,4.397596713841067
3002739,3657.763635408974
3002740,0.14394049881882376
3002741,505.863431963371
3002742,11.777617360650627
3002743,1427.8544033090184
3002744,644.8081387547657
3002745,392.54450619279055
3002746,101.00310164647667
3002747,77.54638275450267
3002748,5471.987725795481
3002749,13.973998859654017
3002750,0.820271062640243
3002751,24.12970030403674
3002752,24.77382970529596
3002753,0.4043153454102113
3002754,346.48953423501865
3002755,7.685846453876466
3002756,2.275792811682172
3002757,6.091649495976683
3002758,31.13234190196913
3002759,2.28346975442893
3002760,619.4488992255491
3002761,347.688059410512
3002762,2.3539714692699976
3002763,10.16102655613517
3002764,330.8799609285534
3002765,54.11688638925868
3002766,838.0878168107936
3002767,13.528966438380888
3002768,7.364563677597436
3002769,4.119618638064203
3002770,0.16043666369286083
3002771,0.7542402606741079
3002772,1536.1876893201913
3002773,0.129920764488357
3002774,155.53595617364033
3002775,6.296632943655023
3002776,628.3242713966267
3002777,321.3948201173757
3002778,176.25810003982343
3002779,58.47576904448677
3002780,31.122479220027138
3002781,2442.862808574202
3002782,4.566299093301932
3002783,0.609264260244117
3002784,9.61022076451473
3002785,13.80724218137244
3002786,0.21860215993905563
3002787,149.6510782089872
3002788,1.1785121888495866
3002789,0.5801208780791679
3002790,6.456643237733168
3002791,29.90397369594918
3002792,1.2323915882879166
3002793,217.76113504335584
3002794,155.31729453456435
3002795,1.2080523391302491
3002796,4.286659317553449
3002797,122.22702870304776
3002798,27.36772793851922
3002799,312.08243373899285
3002800,4.29918464321679
3002801,2.3918514019904222
3002802,3.454807338357252
3002803,0.0
3002804,0.6014894289338237
3002805,1296.8566299487838
3002806,0.0
3002807,125.19244972576381
3002808,3.830487214991359
3002809,588.8173447688243
3002810,194.47362036557502
3002811,123.08962445313027
3002812,41.42858351330585
3002813,22.76560674533062
3002814,2292.9683627971062
3002815,4.009026841093832
3002816,0.289190671759869
3002817,9.683514504017106
3002818,7.999778500169466
3002819,0.033324521596674136
3002820,126.83087954354085
3002821,1.8938567794144119
3002822,0.22442417164047465
3002823,1.7959579784944117
3002824,21.526312416825174
3002825,0.6707712032337418
3002826,163.61608296954333
3002827,136.7789632426619
3002828,0.6279971645758167
3002829,2.8563150741302383
3002830,87.69632249746181
3002831,22.650674877158785
3002832,176.09285945567197
3002833,2.8194671897513337
3002834,1.5369946086195632
3002835,3.108403746180545
3002836,0.018180582160813155
3002837,1.5136731631814975
3002838,1354.266712972007
3002839,0.0
3002840,173.3005295411676
3002841,5.089325668706333
3002842,781.4712653848892
3002843,308.9327901509155
3002844,190.28297477021226
3002845,44.33968946040775
3002846,40.12399002732619
3002847,2729.7372829725205
3002848,4.31515655461143
3002849,0.34100344897267854
3002850,10.938539764592857
3002851,15.637440658821792
3002852,0.08627747595584916
3002853,190.99572166078337
3002854,0.7165947888367636
3002855,0.3812201656940905
3002856,2.3333225184395197
3002857,16.349318147684876
3002858,1.0310923869502615
3002859,224.84137547244083
3002860,193.49812654574185
3002861,0.896020003081491
3002862,3.620120694552819
3002863,76.90588795203212
3002864,40.48952645157323
3002865,299.24956470531583
3002866,6.254072307369302
3002867,2.828536213662305
3002868,2.7950122091611114
3002869,0.30627227682503516
3002870,2.3081335635528992
3002871,1546.1784647839895
3002872,0.11888696882673938
3002873,168.157323891704
3002874,4.425801859001974
3002875,705.8750150224458
3002876,269.7884570941863
3002877,225.25573252409055
3002878,72.64194729056192
3002879,50.56617087061215
3002880,2964.7424146273506
3002881,5.541945878698576
3002882,2.7369398781448924
3002883,15.599070828492362
3002884,11.539694183312523
3002885,0.22734388316067794
3002886,189.83127554514104
3002887,4.990140440786437
3002888,0.6816022641831117
3002889,3.0034780865554906
3002890,24.419340185513484
3002891,1.4769193157829799
3002892,165.3659574948043
3002893,171.3129964256965
3002894,1.188627205284118
3002895,3.924209850467961
3002896,119.97175708990767
3002897,37.94515999482431
3002898,384.03982221394693
3002899,10.25974571219501
3002900,3.8978944033957283
3002901,3.095483679832631
3002902,0.0
3002903,0.3606636545039017
3002904,1092.4550328148723
3002905,0.0
3002906,137.30277266802324
3002907,3.3274735384584417
3002908,550.1525873912293
3002909,177.89553907327098
3002910,119.70695534083922
3002911,89.18835743306681
3002912,26.540699640526398
3002913,1947.1359292824627
3002914,2.884192635934917
3002915,0.30147475790287087
3002916,9.206384070518645
3002917,6.994150780742982
3002918,0.0
3002919,130.9447185529104
3002920,0.05377163645991387
3002921,0.2232110791862657
3002922,1.5829001229606674
3002923,16.076915736578368
3002924,0.6586668365149229
3002925,93.0134733146075
3002926,119.92971215788955
3002927,0.598837997335707
3002928,2.382246696127015
3002929,65.8651716902636
3002930,29.255994975646875
3002931,275.8802703413211
3002932,0.10886527342244308
3002933,1.0007214050795896
3002934,5.160241229501304
3002935,0.19228934625506158
3002936,2.515220906623204
3002937,2464.1191741618195
3002938,0.0949498107080405
3002939,309.49529132772193
3002940,7.629539115043459
3002941,928.3291246110489
3002942,537.6036747972923
3002943,305.1266208619834
3002944,134.13267404389345
3002945,70.8936868230306
3002946,3864.1344616054366
3002947,6.908506112788476
3002948,0.5889585100800244
3002949,15.193020414119466
3002950,22.102678315678162
3002951,0.20146481948696737
3002952,231.96155613035694
3002953,1.5860056006125254
3002954,0.5697927710406133
3002955,3.815514057610366
3002956,33.70314079258485
3002957,1.4788314993433733
3002958,336.7729149736211
3002959,242.41290961185754
3002960,1.5965315734669951
3002961,5.842771685106579
3002962,259.1851861751761
3002963,65.41828326974075
3002964,729.0972418099482
3002965,4.585372432804866
3002966,8.987655935776461
3002967,1.8709617286932327
3002968,0.0
3002969,3.7148717721105906
3002970,1836.7228207562764
3002971,0.0
3002972,380.347158921695
3002973,3.086640385736803
3002974,621.206986382186
3002975,430.7752327206608
3002976,158.5043460814131
3002977,116.15017680176135
3002978,11.394117662342403
3002979,2560.3263608590105
3002980,5.475055794365082
3002981,0.3081571032490308
3002982,7.703052539575179
3002983,15.629198508586702
3002984,0.0
3002985,184.30274523742463
3002986,3.944595361091409
3002987,1.9040343226809788
3002988,6.17351545867838
3002989,53.121574981714325
3002990,1.3972348838923143
3002991,183.69784766644585
3002992,146.0444219184456
3002993,2.0027565157822362
3002994,3.7529052630957853
3002995,46.66584586139574
3002996,13.822752842477419
3002997,482.41460632674165
3002998,34.03400619435056
3002999,2.9009687488016196
3003000,4.472302508294032
3003001,0.0629666572676768
3003002,2.2415560635989293
3003003,1690.6047173744055
3003004,0.005587356116820899
3003005,157.24595142864572
3003006,5.276974412213996
3003007,664.3339038689473
3003008,258.65350889750664
3003009,173.4899272490428
3003010,49.822382062459894
3003011,35.12122399283144
3003012,3036.568781741362
3003013,5.7171349267423786
3003014,0.6151590226334374
3003015,11.677284126016524
3003016,9.81763967668643
3003017,0.11744208884301932
3003018,141.84389210758863
3003019,4.182172404024983
3003020,0.48165276656784217
3003021,2.8729710380772615
3003022,21.105534253594065
3003023,1.2808335611757011
3003024,149.13398239719925
3003025,151.14454638530563
3003026,1.0436533620491883
3003027,4.053283442234621
3003028,101.01096869610862
3003029,29.065396203592456
3003030,319.82841298219273
3003031,8.938247872036499
3003032,3.8911061473081068
3003033,4.472155082459956
3003034,0.09372983361930146
3003035,6.668805346589933
3003036,2141.4765768360376
3003037,0.08634377747851256
3003038,533.689352982765
3003039,11.715640357201018
3003040,724.8063280441924
3003041,807.7764176862017
3003042,204.46949284424
3003043,154.58795364685488
3003044,117.15420138021058
3003045,3151.109845528532
3003046,22.275756248250623
3003047,1.0048646747683123
3003048,16.680162084573936
3003049,19.608628552976423
3003050,0.35127898875238706
3003051,193.12100608073587
3003052,18.4381136798931
3003053,9.986369224946838
3003054,5.408262250781496
3003055,84.91941262152612
3003056,7.2816132771083195
3003057,370.41763816419586
3003058,223.98869180374038
3003059,8.34673553802952
3003060,9.889188295135991
3003061,394.82650344821604
3003062,100.16292519375361
3003063,1837.0141645781403
3003064,0.4748830390597907
3003065,22.422946731203712
3003066,6.1266573095175145
3003067,0.15333490069721448
3003068,5.176363567252053
3003069,2260.755596526312
3003070,0.10190978747046493
3003071,391.52653483991077
3003072,8.613293882575153
3003073,824.4976464223719
3003074,558.7321750241402
3003075,333.82860245189687
3003076,80.85985853256365
3003077,58.727657371243765
3003078,3748.759502306071
3003079,10.46866786011783
3003080,0.9384736146728464
3003081,19.58115512211376
3003082,21.026975137148426
3003083,0.3818481718145039
3003084,297.58385301033513
3003085,5.739713807399489
3003086,4.1942435784085
3003087,4.953502457401735
3003088,28.045363830983963
3003089,2.2721585378956317
3003090,444.1789858164328
3003091,284.3524549587487
3003092,4.553114533447859
3003093,8.398434657397353
3003094,256.52600024711217
3003095,52.362463021887756
3003096,1347.188646529272
3003097,31.663265436608448
3003098,8.899854273063731
3003099,6.872854151791898
3003100,0.2579025887046617
3003101,2.5982460050673892
3003102,2067.110478431876
3003103,0.12569198915267232
3003104,332.5446414150006
3003105,5.14388727998471
3003106,930.7818511359081
3003107,426.5528104841602
3003108,229.2127180641674
3003109,126.20225778768886
3003110,64.22912855510219
3003111,3283.2695245525856
3003112,11.906131955357793
3003113,0.9601668952997316
3003114,19.789343298479526
3003115,23.826021225770546
3003116,0.3819331945144368
3003117,251.6475949299537
3003118,1.9306549249268699
3003119,2.124225125893603
3003120,5.854163773944141
3003121,63.93126239192779
3003122,1.440752611050331
3003123,198.02838409960896
3003124,231.1174173469546
3003125,2.4242344582978452
3003126,4.181505121628972
3003127,149.25925541922516
3003128,62.018381866763036
3003129,420.5793593496669
3003130,0.8204063182381758
3003131,6.2456466893033795
3003132,3.6942514754167646
3003133,0.05415527444201447
3003134,0.9624053843307542
3003135,1133.1319679235698
3003136,0.04283846699379181
3003137,138.18504399790342
3003138,5.564622727552749
3003139,525.1057476211564
3003140,228.99277924918076
3003141,128.7023711810321
3003142,56.01758123442756
3003143,38.57957482596682
3003144,1855.1073612386613
3003145,5.84812031707738
3003146,0.7192411867390197
3003147,19.008852796027966
3003148,9.977043043915108
3003149,0.25497267775580884
3003150,157.03273923084672
3003151,1.0937251632999228
3003152,0.9377016698237354
3003153,4.118772835228437
3003154,36.79218227398406
3003155,1.289272574231404
3003156,138.51813433308055
3003157,125.61046519872185
3003158,1.3594716954560824
3003159,2.791564532351528
3003160,98.76581857091553
3003161,32.96894330944147
3003162,270.51799229354975
3003163,12.164120787620863
3003164,3.3778843407255854
3003165,2.501658846985769
3003166,0.0
3003167,2.900157038597938
3003168,1248.0969917328969
3003169,0.008258356201304965
3003170,236.54829694256694
3003171,8.109217679275464
3003172,434.367455829044
3003173,448.2223527843569
3003174,115.58354844113566
3003175,60.58484429980247
3003176,53.36727459454049
3003177,1723.525110301382
3003178,12.990711448990751
3003179,0.4532276264244917
3003180,9.017803066246458
3003181,13.303901838141746
3003182,0.14200110177246308
3003183,102.42720009409558
3003184,6.85886323149451
3003185,2.005411080512683
3003186,4.934510442802166
3003187,54.97439287844252
3003188,3.069020658187605
3003189,367.4799095864938
3003190,122.86212964374116
3003191,2.8572025406248933
3003192,4.823193008393462
3003193,255.19526894113866
3003194,42.17452391824932
3003195,836.2163133324364
3003196,0.2549209085677672
3003197,9.49242384163142
3003198,3.897571249575351
3003199,0.19266936629640635
3003200,3.9820200351870776
3003201,3582.4674441531743
3003202,0.23696763195743967
3003203,481.5415777499431
3003204,15.129405986943587
3003205,40.56379071166008
3003206,441.2030270869158
3003207,209.94395227687127
3003208,167.57903979843582
3003209,133.39827741870693
3003210,107.55872802466608
3003211,23.178563761554045
3003212,1.171695007853785
3003213,22.112182491183503
3003214,25.12651458772517
3003215,0.44209267405919095
3003216,108.85512852980217
3003217,12.819460609439368
3003218,23.846633157913335
3003219,5.972832503158985
3003220,67.54706757695055
3003221,11.553383476947658
3003222,309.35783079194664
3003223,202.3637445580227
3003224,14.716472896774183
3003225,13.280152073754193
3003226,362.67752142098345
3003227,103.80061680164394
3003228,1747.7225271113223
3003229,1.0148841137335336
3003230,24.494650040053994
3003231,1.653069284987644
3003232,0.0
3003233,0.9545302716807121
3003234,1249.0511878372818
3003235,0.0
3003236,210.55520799280168
3003237,4.283765364159854
3003238,361.59538067063653
3003239,333.69666691573536
3003240,91.14440728326541
3003241,42.62894679915333
3003242,29.150607476005955
3003243,1427.7363867031015
3003244,5.806845384149278
3003245,0.3651699409189537
3003246,8.72061148655601
3003247,14.370288131886952
3003248,0.0
3003249,95.98954709944836
3003250,0.2929209333479181
3003251,8.577421130930984
3003252,2.175048543839362
3003253,81.53629806339131
3003254,2.8542203073558197
3003255,64.92967338485438
3003256,95.04507948879873
3003257,3.3671231189560458
3003258,6.8219200455430995
3003259,52.69684431136397
3003260,24.009901102252375
3003261,630.423565341163
3003262,0.2154176149410213
3003263,1.7845713538339263
3003264,2.6929185327138416
3003265,0.0
3003266,0.5628307125543311
3003267,701.5740731335
3003268,0.0
3003269,143.31851343399308
3003270,4.449470020970825
3003271,271.3741772720331
3003272,191.65858363616962
3003273,72.02421585931047
3003274,37.686180794539055
3003275,25.465009319490502
3003276,1144.6564127834222
3003277,2.9987114440032374
3003278,0.3936002604484883
3003279,8.7170798272482
3003280,6.100438987498583
3003281,0.08441040439242452
3003282,61.01681854665586
3003283,0.5328522386802684
3003284,2.1288444021444173
3003285,1.5502110458536085
3003286,28.591431356158328
3003287,0.889971908742031
3003288,167.1047020975526
3003289,94.83161997545662
3003290,1.3383762572766285
3003291,2.452572101685189
3003292,107.72577076758338
3003293,18.203197703456937
3003294,336.50324004876984
3003295,0.26631300668243707
3003296,1.8715145854639395
3003297,4.91992824249218
3003298,0.08447470756935672
3003299,4.843325042016753
3003300,2081.8900530948918
3003301,0.11293085571313848
3003302,513.4267782832815
3003303,11.354926299831291
3003304,668.1067080730913
3003305,732.6175183507344
3003306,201.27689529275267
3003307,168.88505443856795
3003308,98.86910095110896
3003309,2518.067147730101
3003310,17.274752250268097
3003311,1.0272463478866904
3003312,14.319939348966434
3003313,24.569058622628333
3003314,0.3397078730832099
3003315,178.75346216243173
3003316,6.240874853516866
3003317,17.401870402493344
3003318,3.9027174304683983
3003319,104.7586049201795
3003320,6.331664436418799
3003321,260.3252563789555
3003322,205.369980803371
3003323,10.04526961330917
3003324,8.972817375315746
3003325,305.03720725264725
3003326,80.90202951534498
3003327,1823.9350605610578
3003328,0.7285729796848379
3003329,14.844487314164253
3003330,5.239511400967081
3003331,0.09237610506214619
3003332,2.5890784774269187
3003333,2476.7404681941875
3003334,0.07508754527546961
3003335,468.64787256501876
3003336,7.56530316877154
3003337,874.9096757893205
3003338,630.388539459096
3003339,270.4144256070113
3003340,157.19710538826186
3003341,63.22614645498685
3003342,3730.5793479214153
3003343,6.627064932171498
3003344,0.82364586137801
3003345,17.267056497167385
3003346,15.566399969644632
3003347,0.2849091334809156
3003348,224.16072839237117
3003349,0.340553594696397
3003350,3.469169651905583
3003351,3.9707213293735295
3003352,51.964206401814835
3003353,1.5764900877613095
3003354,306.13879015993757
3003355,245.74672653425438
3003356,3.120832085609831
3003357,4.83994878187764
3003358,195.4382449866265
3003359,57.46587882821489
3003360,1369.2069530728907
3003361,0.9083941182699752
3003362,3.811619803148905
3003363,5.52874647068215
3003364,0.1594139753472177
3003365,2.9922552741375408
3003366,2091.0836159124447
3003367,0.12073564254502084
3003368,388.8782877629017
3003369,9.698284709990283
3003370,803.3252175404559
3003371,536.008989396894
3003372,219.34059382816167
3003373,129.02195297983036
3003374,62.04931939779296
3003375,3270.892082930438
3003376,10.656462403741745
3003377,0.9251597464222752
3003378,19.846417953295138
3003379,18.930041526026855
3003380,0.3568694132890351
3003381,267.1773175240262
3003382,1.1899927433719495
3003383,2.776173236280482
3003384,3.6303081498493497
3003385,69.24156603234455
3003386,1.5659852420469158
3003387,221.40383186714968
3003388,210.72428244612084
3003389,3.154451301390111
3003390,7.042917701703362
3003391,175.50600323049886
3003392,57.75382960611571
3003393,1985.5350025253238
3003394,0.9499411989125555
3003395,5.3967291554361445
3003396,8.876544532247769
3003397,0.7091895247070701
3003398,12.49390043990599
3003399,5794.869323750464
3003400,0.7271406729380709
3003401,1112.3472350681157
3003402,31.2264136977175
3003403,1671.1168142229217
3003404,1973.0459439624776
3003405,359.44644033969035
3003406,464.74149343231574
3003407,368.5760218235239
3003408,6574.00780744019
3003409,74.64719859672931
3003410,2.6960989603575194
3003411,61.68252523394941
3003412,57.80213335752177
3003413,1.245853379703203
3003414,378.92800074675694
3003415,32.66608202942662
3003416,38.333851314450165
3003417,21.673897091155407
3003418,215.07695902553172
3003419,19.46364205441764
3003420,787.2036855958391
3003421,418.45189531985363
3003422,21.0954341125327
3003423,25.06932451737405
3003424,985.1742048942688
3003425,340.3581760596136
3003426,5170.985670318133
3003427,1.8621170104557088
3003428,78.39512024561114
3003429,2.3263146683507827
3003430,0.004252699260572134
3003431,0.48405861501721414
3003432,1122.4466831072834
3003433,0.0
3003434,134.14401489081578
3003435,3.4019945697228335
3003436,422.31490323688257
3003437,208.2461188647751
3003438,93.07402639380646
3003439,85.42197478895136
3003440,30.62571708457517
3003441,1720.3443479400028
3003442,2.2193129160580805
3003443,0.40038420220122906
3003444,11.917004954796457
3003445,9.208752113482625
3003446,0.07209693753138288
3003447,105.3850362524171
3003448,0.500294393923149
3003449,0.3796363666695669
3003450,2.0944811195279662
3003451,34.83749143409762
3003452,0.8119870425277476
3003453,122.31734456127325
3003454,101.12549208422675
3003455,0.9205945354797714
3003456,2.5718088110603494
3003457,69.90208618398547
3003458,22.928111345887043
3003459,288.52906028349963
3003460,0.2056122736032902
3003461,1.8236302431796252
3003462,7.082567600107388
3003463,0.33531254020831847
3003464,1.5836564498092207
3003465,2087.8428146458987
3003466,0.2138121687039134
3003467,374.2060967236498
3003468,8.537776775748993
3003469,929.0448745295474
3003470,538.6163178160392
3003471,217.70943918266562
3003472,169.3787971178432
3003473,59.17112012995165
3003474,3657.132314917743
3003475,6.959879180819848
3003476,0.8113597570833406
3003477,14.14135728132212
3003478,17.521446143167342
3003479,0.3509374511092734
3003480,203.85399618852057
3003481,1.6483501803551888
3003482,1.4419732705141817
3003483,6.419325012514165
3003484,26.10823222293312
3003485,1.1733191881244704
3003486,360.6518024666986
3003487,225.58927864954796
3003488,1.6865117322091099
3003489,6.76085222830391
3003490,160.98936873173506
3003491,58.612081200965854
3003492,947.9360529250905
3003493,0.6173206207575879
3003494,4.577040979463644
3003495,1.4740324144575694
3003496,0.0
3003497,0.10492302417792707
3003498,753.5289945357533
3003499,0.0
3003500,81.78453667597714
3003501,2.3145428345104793
3003502,369.91870488019003
3003503,114.8620275153489
3003504,78.2387767743169
3003505,79.533836084768
3003506,17.212115459756696
3003507,1510.6482966850435
3003508,1.3831089931292846
3003509,0.19289312548858834
3003510,5.131103217832346
3003511,4.094834073201643
3003512,0.0
3003513,76.30672377292159
3003514,0.0
3003515,0.09162248183470684
3003516,1.0753800073442379
3003517,18.015363170525426
3003518,0.22403620237357827
3003519,94.62146235459737
3003520,82.45561137233983
3003521,0.4197935089586099
3003522,1.5275789717026882
3003523,47.767415445438075
3003524,13.344917628814155
3003525,152.76353367704013
3003526,0.02928202081127584
3003527,0.6318573999266147
3003528,5.146837499367295
3003529,0.1512887129915723
3003530,1.9456460889001934
3003531,1413.6737401127618
3003532,0.07569806401381318
3003533,208.4013539028026
3003534,5.581374355045047
3003535,639.28274016749
3003536,319.42745355530974
3003537,165.7010236093545
3003538,103.80302809652072
3003539,44.87381035266687
3003540,2492.1245873974685
3003541,2.8784196970004214
3003542,0.5184576163730847
3003543,15.366271975796774
3003544,11.022966409972828
3003545,0.15631516621910557
3003546,173.892386647555
3003547,0.4163177476224035
3003548,0.4081180834964504
3003549,5.409841614738802
3003550,32.56331232939288
3003551,0.9856771063890569
3003552,240.01527594281086
3003553,174.108291080886
3003554,1.100159211153653
3003555,3.9462144949609783
3003556,153.75328593067948
3003557,37.93968310938309
3003558,909.1665441069536
3003559,0.3603300174201436
3003560,1.588337275178447
3003561,3.6087009264434426
3003562,0.32795529780234567
3003563,3.6855417009088103
3003564,2116.730976293009
3003565,0.23073214867112488
3003566,430.50550206466204
3003567,6.492437612139295
3003568,788.9957966151852
3003569,554.8549780899326
3003570,189.74982800677964
3003571,94.61384234721655
3003572,64.15852583484731
3003573,3439.9001415021303
3003574,4.866428933898336
3003575,1.0950532819164178
3003576,21.292052090642507
3003577,23.280755879418138
3003578,0.43784677604364713
3003579,200.59632922679472
3003580,3.4088639062419426
3003581,2.6008923040018708
3003582,5.03003139060092
3003583,33.923653670982574
3003584,2.77767690969366
3003585,245.4924881390166
3003586,219.04098129756778
3003587,3.365024254854931
3003588,5.5698367728775064
3003589,148.85893811215993
3003590,37.99845481839316
3003591,554.2024510874022
3003592,1.5363786848875671
3003593,2.3864525542900017
3003594,2.4095372132968587
3003595,0.0
3003596,0.16849939332234057
3003597,1126.5837586867158
3003598,0.0
3003599,93.46986300157536
3003600,2.3801886759048485
3003601,418.4629110805525
3003602,138.18510142876144
3003603,79.69192937732093
3003604,95.48259012488853
3003605,24.64414680670213
3003606,1698.4236114395749
3003607,1.8881561546869898
3003608,0.1942734881833164
3003609,9.109370288488233
3003610,4.8230538579029805
3003611,0.0
3003612,92.11931356323352
3003613,0.0
3003614,0.13912771479782987
3003615,0.823732219572156
3003616,28.039171338405623
3003617,0.31863491438868335
3003618,187.65304847509628
3003619,73.25205767991915
3003620,0.4589376654630321
3003621,1.6512211819127862
3003622,51.12523270618378
3003623,17.60187213187483
3003624,217.89218156350222
3003625,0.06000425829696119
3003626,0.33845774746934537
3003627,3.329120994391022
3003628,0.010723762140723452
3003629,2.1233012144475407
3003630,2199.7024318708295
3003631,0.03691211845246647
3003632,355.00589929643894
3003633,5.464798943661556
3003634,717.9686494713955
3003635,514.571566451317
3003636,165.7249598346552
3003637,101.82857176816705
3003638,68.30169894808722
3003639,3378.7901430918423
3003640,5.703939046617966
3003641,0.5265543621797476
3003642,12.777036073963973
3003643,13.98421593720269
3003644,0.17031376340013446
3003645,193.75947587046932
3003646,0.2939404997662055
3003647,6.886731066348375
3003648,1.9867617511723434
3003649,61.72194858832748
3003650,1.5010094210455867
3003651,228.70547626782079
3003652,174.26041916372628
3003653,2.567807930903836
3003654,3.8937228183387695
3003655,139.83048594537442
3003656,56.89418044322328
3003657,1144.948623400372
3003658,0.7098815407753203
3003659,1.1720490732993472
3003660,3.481794752454785
3003661,0.09439003447288646
3003662,6.168609344668919
3003663,2193.467424783174
3003664,0.11141239735416561
3003665,496.0128186537926
3003666,10.599988759287445
3003667,768.8747054996151
3003668,843.1578025420185
3003669,155.73497650145907
3003670,143.8578202784377
3003671,140.55133575037516
3003672,2935.8551964990183
3003673,31.59231949378017
3003674,1.1107918055716286
3003675,21.678945532487788
3003676,22.258813068557288
3003677,0.34053019547273833
3003678,228.8374064220329
3003679,15.474506673931039
3003680,18.255701292793226
3003681,4.071717249406337
3003682,131.01560176329806
3003683,9.921036283204105
3003684,240.3620696606958
3003685,198.67024672895326
3003686,11.899984887598603
3003687,10.839135407983505
3003688,255.3179746314473
3003689,109.04351419461118
3003690,2253.2579742934367
3003691,0.6669062381933907
3003692,13.065104805912181
3003693,4.879246737199376
3003694,0.031122871072534117
3003695,6.647792279494049
3003696,1710.1603017618295
3003697,0.022595763408676972
3003698,412.15190072428567
3003699,10.924914578470062
3003700,812.153359432765
3003701,662.7296895860185
3003702,156.0314592762983
3003703,100.64277579766895
3003704,110.3717015786246
3003705,2573.9709414101153
3003706,18.52788655311874
3003707,0.9816750090868349
3003708,18.743585580927554
3003709,19.196248382360977
3003710,0.22812464851718905
3003711,240.62023100952044
3003712,14.964576970296598
3003713,11.450623851321186
3003714,6.165000088922339
3003715,82.64427332652204
3003716,7.298445123771376
3003717,149.1955406191195
3003718,212.07020403641386
3003719,7.855271046728383
3003720,9.484436799065293
3003721,138.03433076102718
3003722,84.22535600836918
3003723,1279.402835652655
3003724,0.4623302708466906
3003725,13.516544973558076
3003726,6.460611210474287
3003727,0.2311490353538251
3003728,4.747561923087922
3003729,2549.1298399433326
3003730,0.14911742018689284
3003731,550.7380262230902
3003732,9.229510574880718
3003733,952.497740770862
3003734,627.1103796017564
3003735,201.46445161025292
3003736,180.77195689677805
3003737,74.56472292079877
3003738,4055.422328251444
3003739,18.814828174051385
3003740,1.1410925915625407
3003741,21.51884160804333
3003742,20.357779364325857
3003743,0.3632192819344542
3003744,284.04590403068937
3003745,5.9708034384373505
3003746,10.448077841486452
3003747,4.754409444104503
3003748,67.5682590110856
3003749,3.3893503008637804
3003750,236.22445824797308
3003751,231.52093466392165
3003752,5.424879842661286
3003753,8.662333106765525
3003754,164.2949770475589
3003755,74.05600254369686
3003756,1027.4298010085545
3003757,12.476475354735271
3003758,8.483652943914244
3003759,3.1999772074808446
3003760,0.0035248714619623878
3003761,5.876416818123252
3003762,1911.3416124476073
3003763,0.012322693555085733
3003764,368.022835754051
3003765,8.399450539125484
3003766,622.6084652443581
3003767,668.3087387342262
3003768,184.17218543075157
3003769,136.9924006526503
3003770,92.60242587693438
3003771,2659.8542214448194
3003772,13.518307025941931
3003773,0.7706346745002208
3003774,12.25171675476039
3003775,10.573226190348274
3003776,0.20338908690255536
3003777,181.73367369821239
3003778,14.347344638904701
3003779,9.858238354534247
3003780,2.46373115240976
3003781,59.43519595135486
3003782,6.158906918720286
3003783,295.5826331514527
3003784,190.28341991916025
3003785,7.9013322669716715
3003786,8.371677660603204
3003787,326.4639521323485
3003788,78.13327972186211
3003789,1663.531889460568
3003790,0.44383051280567376
3003791,15.741763649446908
3003792,3.949986962132198
3003793,0.22009143158329625
3003794,1.892187938332349
3003795,2774.4012166181674
3003796,0.13983472160601762
3003797,325.7706357598865
3003798,7.097324500206165
3003799,1098.334847529486
3003800,470.74677678616587
3003801,224.9912306596503
3003802,124.7868309981221
3003803,58.320845622581935
3003804,4299.028040308593
3003805,8.059657448866513
3003806,0.6679148196467765
3003807,17.676930539163365
3003808,15.464766065226422
3003809,0.22921147667338934
3003810,276.65720982859483
3003811,0.7574182162143587
3003812,0.7356060611256053
3003813,4.597435151682392
3003814,41.55086650102687
3003815,1.3436428073177829
3003816,169.8142164098028
3003817,223.54763188714045
3003818,1.642393821102452
3003819,5.183792531657576
3003820,138.7205540396829
3003821,54.97213919391791
3003822,923.1886654106173
3003823,0.3712421461913855
3003824,2.7188623080038616
3003825,4.033383189140711
3003826,0.07870547701431034
3003827,5.240012016059195
3003828,1555.2443749043073
3003829,0.08437193735105925
3003830,369.6186567352017
3003831,10.177467039093997
3003832,731.3853837473865
3003833,533.6955926380809
3003834,171.66933403978112
3003835,103.31983324647797
3003836,102.70513830931894
3003837,2486.513436597793
3003838,19.277205007293176
3003839,0.7972995389818481
3003840,18.005278190072612
3003841,16.942787322535985
3003842,0.24503540111208041
3003843,195.89090078716498
3003844,9.130304772980546
3003845,12.145527683191727
3003846,4.695875781333791
3003847,57.15957769123125
3003848,8.178971080528322
3003849,149.91773841082534
3003850,204.3498799964529
3003851,11.795410017493658
3003852,8.26868904762422
3003853,154.2032944857312
3003854,60.70369959298174
3003855,1349.3360189846228
3003856,0.6612256250648292
3003857,6.882041125183757
3003858,4.503312275261164
3003859,0.1754969790423204
3003860,3.1233816533419776
3003861,1184.4433299050547
3003862,0.16966849940490933
3003863,302.7024464241644
3003864,7.466629233660775
3003865,735.5430876854347
3003866,514.697772844528
3003867,153.15705858271582
3003868,113.24895480261506
3003869,104.11548560385444
3003870,1426.2367707702904
3003871,24.253330158539267
3003872,1.0067262017543108
3003873,18.143923209655703
3003874,14.372738768330727
3003875,0.42723292478008
3003876,61.161193552393634
3003877,7.02319375139511
3003878,15.121110596029833
3003879,5.563061795204622
3003880,61.60927089167513
3003881,4.6982638675748705
3003882,179.74500484356182
3003883,147.97150404181966
3003884,6.9441509132113115
3003885,5.183869471955495
3003886,224.11734254389313
3003887,79.64743840966688
3003888,801.8452906512404
3003889,0.9387935087420718
3003890,11.782379036319595
3003891,4.472975044051918
3003892,0.14258877102313638
3003893,2.0266831191642285
3003894,2894.1840553184275
3003895,0.12600000129739514
3003896,313.6620394818355
3003897,5.616346530979416
3003898,898.3558707276262
3003899,454.86074458581606
3003900,221.26867494949215
3003901,124.254250266328
3003902,43.71575439387158
3003903,3677.6956723155045
3003904,4.062565329425391
3003905,0.6816558188523282
3003906,12.734251838215165
3003907,11.657108547083169
3003908,0.23329399873065157
3003909,205.7770159182386
3003910,0.25530564633456754
3003911,2.1817802115705986
3003912,2.1470360608349695
3003913,62.85714260480941
3003914,1.7276873744948986
3003915,229.90933981423566
3003916,219.36910239333417
3003917,1.8769889373074604
3003918,3.951303804679538
3003919,156.16376387042845
3003920,50.244612805995374
3003921,631.4348902356579
3003922,0.791377778099754
3003923,1.034629140322627
3003924,12.959672720963503
3003925,0.6510893039209158
3003926,13.299048179362382
3003927,7000.7959578339505
3003928,0.7352198957872438
3003929,1411.0355988322258
3003930,32.11058956579565
3003931,2007.3618419272038
3003932,2301.2639593305876
3003933,521.2625853479543
3003934,523.4508020991203
3003935,427.9279640039457
3003936,7588.915410113237
3003937,74.90572052067162
3003938,2.60060498651078
3003939,70.70272452816917
3003940,88.31628508708269
3003941,1.190409182677405
3003942,534.6945643902487
3003943,46.81874223421876
3003944,25.000960150043404
3003945,26.24340866341695
3003946,324.16076825615323
3003947,20.844784195571012
3003948,884.009225680995
3003949,514.1672986881366
3003950,28.606687888287766
3003951,30.885569372979777
3003952,1087.7663060319844
3003953,380.80902262981954
3003954,5344.9381329802
3003955,92.73638048961814
3003956,80.28576349873015
3003957,10.153688662334408
3003958,0.26567743665633864
3003959,10.060492293310503
3003960,5544.143861642973
3003961,0.36718188845283106
3003962,1139.3520834801484
3003963,27.434437634339638
3003964,1929.1349725342134
3003965,1835.1738083507098
3003966,541.3568467258234
3003967,326.0210952358989
3003968,328.67618444639925
3003969,7525.821802932813
3003970,62.98062061927605
3003971,1.2517719781725674
3003972,51.412608153329046
3003973,69.45616594355678
3003974,0.8066424581387253
3003975,431.6166153855641
3003976,37.68354523904817
3003977,24.524954573264893
3003978,7.980791030108628
3003979,189.5569404521129
3003980,14.616673038687132
3003981,732.2392861339433
3003982,531.3740142135583
3003983,23.289124213658837
3003984,23.560862916076594
3003985,909.8290318997136
3003986,284.8129073448789
3003987,4082.868237612188
3003988,77.46499855088295
3003989,63.19478608868841
3003990,9.945157236170541
3003991,0.18160330879487363
3003992,12.59930914248847
3003993,3520.065830730798
3003994,0.2441954528177262
3003995,785.4423376525542
3003996,18.674539535035763
3003997,1644.4643507012315
3003998,1180.6292838182821
3003999,473.4689760358507
3004000,154.2709320185078
3004001,175.7171115729317
3004002,5977.297684272387
3004003,35.67076408451638
3004004,1.0855375095035353
3004005,35.967073390843936
3004006,32.25934916699812
3004007,0.6097283499162118
3004008,399.6452279907718
3004009,34.08912224521651
3004010,13.190360394357596
3004011,8.847668018950584
3004012,112.78682778710677
3004013,9.926449662482188
3004014,765.6759029542225
3004015,502.22949225314335
3004016,17.90840051775541
3004017,21.08052453825183
3004018,701.2770270407801
3004019,133.0761297609739
3004020,1760.464528924879
3004021,74.48421586424773
3004022,33.13441738739932
3004023,10.377510741667951
3004024,0.24996573376000786
3004025,14.109598548889792
3004026,5238.922584102408
3004027,0.34503209676031876
3004028,1125.6409715274451
3004029,23.946638070954457
3004030,1862.2547741753415
3004031,1783.5623351446557
3004032,491.58056216192654
3004033,284.38565971915637
3004034,274.2182699824706
3004035,7220.73537692389
3004036,55.17697539197221
3004037,1.4128259567154706
3004038,45.28679458871911
3004039,64.65979456742653
3004040,0.7863618524207803
3004041,491.1174574472995
3004042,43.390173709733574
3004043,22.493705998372604
3004044,11.662100966147893
3004045,163.86150795795237
3004046,12.971898504805283
3004047,742.074135494076
3004048,547.6147925345019
3004049,22.28666601663402
3004050,23.09934628278457
3004051,861.5112297858151
3004052,231.2446458183161
3004053,3412.5037292318248
3004054,75.0413108203456
3004055,55.84867169500734
3004056,7.56151361993343
3004057,0.0
3004058,10.290816265514025
3004059,2855.7461035822275
3004060,0.029132099411475154
3004061,685.4009019423754
3004062,16.209504043769726
3004063,1492.8264929039901
3004064,940.0176828415317
3004065,406.27590080935215
3004066,83.91163954031626
3004067,122.99532320775118
3004068,5083.0291908357
3004069,29.286710371359398
3004070,0.7623220177878542
3004071,29.187300519862934
3004072,26.59642999928693
3004073,0.2998443985191871
3004074,348.4181005986869
3004075,19.66138653475382
3004076,7.408582433777459
3004077,6.313197404428712
3004078,67.9978442009124
3004079,6.046440057694744
3004080,613.7339805013477
3004081,439.7481671613183
3004082,12.755936351158924
3004083,14.818906450071086
3004084,546.5290782471653
3004085,96.2641056560601
3004086,1516.605633175428
3004087,71.70628921854217
3004088,20.84205080816912
3004089,9.280498229945247
3004090,0.21237866008338516
3004091,9.125109910428522
3004092,5726.774767708692
3004093,0.3007780825382562
3004094,1110.7403651165112
3004095,27.37266153243109
3004096,1554.7949817315314
3004097,1942.2699450570994
3004098,341.98704430142647
3004099,362.1870224113321
3004100,321.57625167874664
3004101,6464.621667131343
3004102,56.862681664062926
3004103,1.3728047183869299
3004104,43.650098943637595
3004105,54.93007509776338
3004106,0.7113941654621415
3004107,391.90361793536533
3004108,31.8580093767062
3004109,28.05253876679233
3004110,9.444767844416779
3004111,211.63407370022367
3004112,15.694205553930601
3004113,642.9023879280337
3004114,403.3479722682763
3004115,22.737001925872832
3004116,25.40290935349148
3004117,762.5660162681305
3004118,269.3344363344684
3004119,4802.093090419468
3004120,65.10831666112041
3004121,60.62204230411775
3004122,4.7414143516516685
3004123,0.15097969439843423
3004124,6.0664340236033985
3004125,1313.2676421209326
3004126,0.13239043943408718
3004127,288.1000459734545
3004128,13.898619310247067
3004129,617.6427274778777
3004130,453.47577247449954
3004131,182.70105257702215
3004132,102.66069940673849
3004133,94.85875933365642
3004134,2224.79993229156
3004135,16.27248073459225
3004136,0.8737028404507191
3004137,20.55714927033407
3004138,20.36722801637849
3004139,0.350804696808151
3004140,172.40812734522183
3004141,9.408349503688704
3004142,4.90780893365515
3004143,8.11946163509534
3004144,60.23517416598964
3004145,5.495492909183629
3004146,230.9447491207109
3004147,203.49198074141773
3004148,4.492972680582717
3004149,9.122349310258018
3004150,208.74375443602005
3004151,69.84911090172426
3004152,1010.7103095761684
3004153,0.5346727852676493
3004154,10.561969758444558
3004155,7.708354351278117
3004156,0.10402365007686477
3004157,8.974204161194898
3004158,2740.4914485623835
3004159,0.10619820143423969
3004160,571.7482211840246
3004161,19.812105056747885
3004162,1091.4891989844245
3004163,849.7976664291973
3004164,346.3448344485115
3004165,97.92871108112683
3004166,122.96037566612503
3004167,4594.12734567052
3004168,33.572691877915595
3004169,0.9194630963297644
3004170,33.941769527953035
3004171,32.786074079701955
3004172,0.35245168909516955
3004173,310.2823764198387
3004174,22.029747661626956
3004175,6.599716860911348
3004176,3.858314065009604
3004177,120.19209691572905
3004178,7.744781842371033
3004179,446.1733778409201
3004180,387.39291945640446
3004181,11.568798255049357
3004182,15.865926229539564
3004183,369.43283629321513
3004184,101.55615862642141
3004185,1534.4912814219992
3004186,68.59570750169172
3004187,20.65593043088661
3004188,6.527372232130198
3004189,0.1272266748640532
3004190,5.7452316462344255
3004191,3392.2559311750424
3004192,0.21973447091905818
3004193,778.0706268426281
3004194,14.45361724484904
3004195,980.2068182645666
3004196,1266.141792474934
3004197,214.44489460792636
3004198,250.28045908011114
3004199,207.0271497963909
3004200,4412.251987286952
3004201,20.917609270511846
3004202,1.192743173952086
3004203,18.84240557133575
3004204,31.906839208813295
3004205,0.5836991153134619
3004206,234.45724041422844
3004207,3.9755656549741865
3004208,20.692420122044197
3004209,4.226289235104169
3004210,166.72226526324405
3004211,10.631562952396003
3004212,559.0392494335133
3004213,246.78254000803224
3004214,14.673193806575084
3004215,13.574203238822346
3004216,621.424166827042
3004217,149.66793092373223
3004218,3751.2867816644057
3004219,1.7288734397540455
3004220,23.461969819258677
3004221,7.28148087674235
3004222,0.846373000267873
3004223,3.4927607759777426
3004224,2511.8591777863157
3004225,0.8689598638033795
3004226,748.2048305636563
3004227,14.530910069260214
3004228,921.9636258414961
3004229,908.3024637941045
3004230,359.1710345394264
3004231,190.04929467292814
3004232,168.06020755255906
3004233,4369.810321568953
3004234,11.271789927105718
3004235,2.052707561546895
3004236,14.439676247104847
3004237,35.5455707509839
3004238,1.2742009881910727
3004239,191.11533744991277
3004240,4.964000737486995
3004241,7.098601007897933
3004242,5.983790583178645
3004243,213.22293278897013
3004244,4.698005378173258
3004245,328.9196830138206
3004246,360.09066924996455
3004247,5.819222027040489
3004248,8.39438504425403
3004249,303.28537014330885
3004250,140.17213695275447
3004251,1780.5270461711707
3004252,1.9672660518388079
3004253,8.071695431945026
3004254,5.4997935681376
3004255,0.09174329929647877
3004256,2.95900403287971
3004257,1557.9176030826548
3004258,0.062088690615129956
3004259,340.2295978122801
3004260,9.155626326683981
3004261,721.2815922624576
3004262,486.40943718180944
3004263,188.76736417242896
3004264,101.44681977341392
3004265,96.75465014737762
3004266,2107.3033582359994
3004267,15.49090139273109
3004268,0.9368490308118719
3004269,18.632285561532896
3004270,23.473979727030517
3004271,0.240222473177103
3004272,251.39669480163778
3004273,3.753072358787356
3004274,4.519871599700355
3004275,3.8304809544055947
3004276,79.04021454265796
3004277,4.495799315274234
3004278,178.53409332317872
3004279,200.1419318692621
3004280,5.461616246977612
3004281,7.266555149269065
3004282,187.227045047842
3004283,72.9429615750948
3004284,1778.843928411094
3004285,0.7665692041338428
3004286,5.6493979343178395
3004287,3.7592184194153595
3004288,0.016616700140427307
3004289,0.48244473483179595
3004290,1645.1671287334543
3004291,0.0
3004292,169.93140378979984
3004293,3.3727763615205717
3004294,702.0681680334321
3004295,220.08633620310664
3004296,152.13754398912255
3004297,60.318772467588666
3004298,25.184356630722874
3004299,2626.1029638309246
3004300,4.588641918018302
3004301,0.3737310450131789
3004302,14.57167036386004
3004303,8.866494869578444
3004304,0.05382246774196439
3004305,161.3969961872351
3004306,0.2592982410494641
3004307,0.27701751042273737
3004308,1.9704929254990051
3004309,19.804071061986626
3004310,0.6283694079221387
3004311,79.07687397840317
3004312,141.31084193663094
3004313,0.517660513333954
3004314,2.5407422614540427
3004315,50.65033879492254
3004316,32.49147038060133
3004317,264.2929624858782
3004318,0.20688440620567788
3004319,0.8842893267438027
3004320,4.682347205627746
3004321,0.0
3004322,5.62547897069399
3004323,2652.525349700361
3004324,0.025492913500626706
3004325,501.633960319312
3004326,13.323112264502956
3004327,902.7579448592782
3004328,827.2262159185257
3004329,242.3654241895675
3004330,161.87300862844555
3004331,131.5187031625045
3004332,3461.2500626158903
3004333,27.654316446059042
3004334,0.7596026567428942
3004335,24.411744930305247
3004336,36.421998467936575
3004337,0.23779804780508032
3004338,241.40847461026937
3004339,17.905327690228766
3004340,9.060875963577608
3004341,9.206793891865408
3004342,70.26837205035953
3004343,6.209169737042814
3004344,401.2122018453717
3004345,254.5078628706472
3004346,7.963216237707236
3004347,10.96957373700734
3004348,460.1408972389034
3004349,106.34679785019367
3004350,1749.0960578718411
3004351,0.342273571179852
3004352,27.6667918901288
3004353,4.112665131359284
3004354,0.13311722289938482
3004355,3.74181492170003
3004356,4385.475546134967
3004357,0.20639533366412793
3004358,576.1319605479711
3004359,14.832219051604266
3004360,129.29986630510598
3004361,1063.6315692689413
3004362,186.74468351459646
3004363,251.7604960417502
3004364,213.4478400578562
3004365,344.6971525811769
3004366,30.30693203663689
3004367,1.3303141900759523
3004368,17.925030020214287
3004369,17.372061355166547
3004370,0.48541654586059735
3004371,144.4212132978532
3004372,10.89295059001364
3004373,27.126474443904172
3004374,6.066727213579543
3004375,112.91514737350026
3004376,10.805534972478508
3004377,486.22799209868737
3004378,193.79993004743437
3004379,11.645167823354688
3004380,11.450580514279139
3004381,536.9687793442445
3004382,169.1176816256286
3004383,3463.9847730048446
3004384,0.68664161299548
3004385,34.3567604999685
3004386,5.449908215856553
3004387,0.3148142471561304
3004388,5.721414395963158
3004389,4226.703285321894
3004390,0.3451710190306214
3004391,672.2257899643392
3004392,19.674908199041543
3004393,187.97684998385125
3004394,1144.8397329835934
3004395,240.18556426587176
3004396,266.00725058040297
3004397,183.30833255144194
3004398,466.37568334247084
3004399,37.63687288518575
3004400,1.702518000577875
3004401,33.17333348389716
3004402,30.348541457387924
3004403,0.6822186150305074
3004404,198.21092393292628
3004405,25.8117224950579
3004406,25.220381060427098
3004407,12.156751928835082
3004408,105.1661147686496
3004409,13.943905317394362
3004410,434.20171449662007
3004411,238.65473367998777
3004412,15.67533229430648
3004413,18.07587093200149
3004414,520.2321074723302
3004415,173.9631760785081
3004416,3330.4360325955386
3004417,0.9635012835731099
3004418,41.10042238932116
3004419,8.174863651891046
3004420,0.2735401873481438
3004421,5.704350637211866
3004422,2943.6764793340326
3004423,0.1630111601701013
3004424,499.5056108898815
3004425,11.654994039872728
3004426,1294.1644154149053
3004427,718.1826919586838
3004428,389.96831215094585
3004429,133.03968748078393
3004430,73.18478235409609
3004431,4992.785906235115
3004432,10.054103210026735
3004433,1.1510251129204234
3004434,23.464407769619086
3004435,24.786679921345392
3004436,0.39550126021468124
3004437,342.561163316709
3004438,10.59269021217104
3004439,4.024516318380532
3004440,8.756583715013631
3004441,42.818689924150604
3004442,3.471301359186584
3004443,528.6735431354928
3004444,343.41138334706767
3004445,5.1471782953799385
3004446,11.058287971917853
3004447,353.77276658767715
3004448,72.93835473757757
3004449,1010.1673255886658
3004450,50.45455111944742
3004451,11.699310220904255
3004452,3.5122560647835988
3004453,0.05512645580714463
3004454,4.4582572538372744
3004455,1783.8056747833184
3004456,0.08331579597055329
3004457,361.4672838316727
3004458,12.417839129903506
3004459,566.2517242825908
3004460,663.0484622573988
3004461,175.26950648014946
3004462,180.33958699836762
3004463,117.8297330231655
3004464,2352.972186124109
3004465,19.443081711578635
3004466,1.0550163807861008
3004467,15.487774137064312
3004468,19.84460776618406
3004469,0.28256705342995
3004470,160.7623761233904
3004471,11.023192978589588
3004472,13.496534650835498
3004473,4.560666301456377
3004474,150.88138420683694
3004475,6.750266439431117
3004476,485.3078964038868
3004477,136.3616718883947
3004478,6.4159035710797445
3004479,10.414568929823616
3004480,404.33963268456705
3004481,86.75226238568148
3004482,1774.9697983438198
3004483,0.3749143471464995
3004484,38.31168032188312
3004485,2.4056717864354873
3004486,0.0
3004487,0.6217805574717832
3004488,1009.0905249089101
3004489,0.0
3004490,101.93533330379495
3004491,3.2040344957728033
3004492,568.6374276558821
3004493,202.98177099644732
3004494,235.93188120766303
3004495,37.30369284603939
3004496,26.564540248212758
3004497,2026.2981124382363
3004498,2.5889995550067724
3004499,0.2582189112982851
3004500,6.650917722314672
3004501,8.041461558637273
3004502,0.0
3004503,130.68920427384936
3004504,1.4741864908382192
3004505,0.3083812421018707
3004506,1.5468165313879068
3004507,22.480461381230988
3004508,0.6842390016284532
3004509,122.14858475636971
3004510,140.53181310991238
3004511,0.6857322684019913
3004512,2.497404418778533
3004513,105.04813948480526
3004514,17.78382529510692
3004515,204.46684962613463
3004516,6.673709725826521
3004517,1.735847155678417
3004518,6.5712671785833185
3004519,0.14985493968458888
3004520,4.717800603805275
3004521,3565.618126601857
3004522,0.10351406895445771
3004523,507.6199560534629
3004524,13.513890637176674
3004525,1398.8096674542594
3004526,668.1514282217681
3004527,444.5142189708818
3004528,98.18150338590917
3004529,85.68021653704766
3004530,5284.1026569046035
3004531,15.792379599724384
3004532,0.8073860775114088
3004533,26.150426801301823
3004534,22.103333955596163
3004535,0.3694835042991595
3004536,346.0426388079835
3004537,7.635636200009389
3004538,2.425842777066654
3004539,6.301487165155155
3004540,59.48600697389158
3004541,2.4160912921701763
3004542,480.85344620204137
3004543,354.27487862726764
3004544,2.307193622044236
3004545,10.00362947903636
3004546,490.05490654707444
3004547,61.547855774512485
3004548,952.4202462045863
3004549,8.635390094156422
3004550,7.326354956275876
3004551,4.826701169144098
3004552,0.10908158194118577
3004553,1.762087788848721
3004554,1486.0546110168998
3004555,0.09853124250660336
3004556,156.36895613527275
3004557,7.357173450047937
3004558,655.6171437552374
3004559,298.2399013291535
3004560,216.00572308142705
3004561,57.59304675880777
3004562,34.21959427505624
3004563,2508.0577665141436
3004564,5.241116700151586
3004565,0.5866015079032973
3004566,10.604686590972147
3004567,10.340453091596812
3004568,0.2037452894946203
3004569,150.04330086849333
3004570,1.1648971405605923
3004571,0.5715288993050378
3004572,5.3905487545586706
3004573,53.99172018678068
3004574,1.3064064614008994
3004575,116.20420962305096
3004576,157.50133134492978
3004577,1.2029404076257741
3004578,4.3443478645049085
3004579,162.34219097810436
3004580,26.909624105778413
3004581,315.5209826840379
3004582,12.495079924600212
3004583,2.2384223754557167
3004584,3.803497424598881
3004585,0.0
3004586,0.6602649081568541
3004587,1391.909564893001
3004588,0.0
3004589,119.17251785323917
3004590,4.477941179913354
3004591,646.3706954779726
3004592,224.69203213934853
3004593,186.88823832923316
3004594,42.96110833669712
3004595,25.987103464128793
3004596,2445.5851184385615
3004597,4.593295066930834
3004598,0.31862682137506193
3004599,8.969124953638744
3004600,10.393575727779998
3004601,0.025883503680121624
3004602,122.41531733147124
3004603,1.9977719560637341
3004604,0.31960771966038953
3004605,2.1305560142375506
3004606,42.23439577188018
3004607,0.7884145001943567
3004608,112.51944026728444
3004609,141.4063419444983
3004610,0.6406274045669509
3004611,2.9578006342539265
3004612,110.9841762012496
3004613,22.581965125968747
3004614,189.13339691990313
3004615,3.818132348816002
3004616,1.576023196813951
3004617,3.5875276085085286
3004618,0.011158340207225953
3004619,1.7403518448827784
3004620,1298.614050028611
3004621,0.0
3004622,177.37069577187626
3004623,5.834186813560002
3004624,813.9881027156205
3004625,306.63330629645264
3004626,246.14372948238406
3004627,45.128356534067336
3004628,38.054949775839574
3004629,2702.732426878531
3004630,4.808045399226842
3004631,0.3475186132677769
3004632,12.514380639974537
3004633,16.76978836972249
3004634,0.07900396337389368
3004635,196.93497124224393
3004636,0.6937559070537588
3004637,0.42596554716672697
3004638,2.6840604506984533
3004639,33.99777522956964
3004640,1.1742492446171076
3004641,189.39258288394734
3004642,204.5622482198225
3004643,0.9366196028666496
3004644,3.7419244406290932
3004645,130.61078717772537
3004646,43.03632990894559
3004647,311.85464495396405
3004648,0.20045776558199804
3004649,2.9809205244713466
3004650,2.9998696609980007
3004651,0.1991133809126984
3004652,1.2553684008506187
3004653,1720.1311554909876
3004654,0.08582285519519074
3004655,166.6850676391168
3004656,4.85096431844241
3004657,730.1117409447018
3004658,279.3464292449669
3004659,270.83813731866644
3004660,69.6378118265693
3004661,46.91226125202205
3004662,2785.5615363565994
3004663,5.813008845404256
3004664,0.7419700269472062
3004665,16.433386442235246
3004666,11.620484854887854
3004667,0.20863811722559453
3004668,190.0468215374217
3004669,6.784131157006706
3004670,0.7478584796844754
3004671,3.0094291994828324
3004672,31.90462636519084
3004673,1.429582877633917
3004674,121.05840551180523
3004675,186.30198363845966
3004676,1.192594857198952
3004677,3.8959721279013
3004678,150.02191097140408
3004679,40.49850681377064
3004680,536.7244851436396
3004681,9.933709912101873
3004682,3.8890229820935085
3004683,3.3838799400058215
3004684,0.0
3004685,0.354962505437971
3004686,1110.3701386565338
3004687,0.0
3004688,140.08526074994523
3004689,4.055631724472175
3004690,602.6646754047331
3004691,185.98487980604182
3004692,172.43066950315657
3004693,87.90334334484822
3004694,29.80158825509218
3004695,2053.4521547418663
3004696,3.257740128184344
3004697,0.2895126493165927
3004698,13.05215649176527
3004699,7.2219426762932075
3004700,0.0
3004701,135.60734682495467
3004702,0.08225166780726806
3004703,0.2436449388558838
3004704,1.7841639315778337
3004705,41.28190851011575
3004706,0.7441031596150619
3004707,62.81321501268198
3004708,117.39917905952952
3004709,0.6329449435042106
3004710,2.465574483205683
3004711,79.1932722338015
3004712,30.047027263017288
3004713,285.4045750256898
3004714,0.09481248911647104
3004715,1.0067328584245587
3004716,5.652288603316937
3004717,0.09464259771704647
3004718,2.6310094789312473
3004719,2473.5159189611977
3004720,0.06650925503968037
3004721,317.15101859612344
3004722,8.575449261819205
3004723,944.8026969049828
3004724,532.0731347769237
3004725,384.45430586925545
3004726,126.85590936384403
3004727,79.57810959578002
3004728,3833.3620431302306
3004729,7.858923139198149
3004730,0.5684001871989282
3004731,20.54820920755536
3004732,14.76347558276355
3004733,0.19048685041579838
3004734,234.0714247660275
3004735,1.7097245060572932
3004736,0.6114694751782426
3004737,4.053966266166857
3004738,59.36675298658744
3004739,1.668196048276742
3004740,224.46230182578654
3004741,239.6864477488137
3004742,1.6354328504774505
3004743,5.969605617351554
3004744,294.5098560939836
3004745,65.82543799672972
3004746,747.6153017328269
3004747,10.095227880295592
3004748,9.069691177078253
3004749,1.9925916964880215
3004750,0.0
3004751,3.8504101733663325
3004752,1769.2337098750763
3004753,0.0
3004754,385.3243830337628
3004755,3.398440494205431
3004756,624.1036742492264
3004757,463.9407026681815
3004758,218.23456578027972
3004759,117.96521043304858
3004760,12.346206816664377
3004761,2522.2026483724476
3004762,5.835255714064186
3004763,0.26583804750723233
3004764,17.56476316430805
3004765,6.720526518953013
3004766,0.0
3004767,124.03082277615198
3004768,3.8742896452946947
3004769,1.9661363617019834
3004770,5.569501235696324
3004771,81.67767961995025
3004772,1.421554048689202
3004773,30.859880004642815
3004774,143.11690329113566
3004775,1.9967376748302466
3004776,3.707239785016405
3004777,204.70430564356394
3004778,56.617729197974676
3004779,358.5044788336311
3004780,14.532761975866896
3004781,2.806985999369847
3004782,5.037443161920725
3004783,0.05919661481474184
3004784,1.3256722180697862
3004785,1850.6743909630645
3004786,0.002172977456822555
3004787,166.36756849926735
3004788,6.214784471058207
3004789,736.4223087924726
3004790,276.4726635555969
3004791,265.2774265342077
3004792,52.104008859783306
3004793,39.35313379628501
3004794,3268.087913925121
3004795,6.400028296076011
3004796,0.6560882786291948
3004797,13.160707900832856
3004798,10.687407929441605
3004799,0.12285939671304001
3004800,158.32416176499933
3004801,4.291724270176529
3004802,0.603019282066702
3004803,3.3435285578779985
3004804,30.632011709453117
3004805,1.4042194458838955
3004806,121.43999036112727
3004807,162.03428756586516
3004808,1.075471455373326
3004809,4.25664783754781
3004810,112.54415788238767
3004811,31.28356238187089
3004812,346.09686828246936
3004813,0.2813999706647071
3004814,4.101527856647488
3004815,5.151249871599762
3004816,0.07926132807470956
3004817,7.642852294804669
3004818,2348.9339825501297
3004819,0.06992772478492436
3004820,562.6718715344099
3004821,13.950091608650443
3004822,783.1671420478152
3004823,873.0905566851454
3004824,304.97873176471643
3004825,198.3010906593099
3004826,139.30317126682115
3004827,3411.5175596709605
3004828,25.38331626632479
3004829,1.0225111791037058
3004830,24.364825105181843
3004831,24.31007482440425
3004832,0.34210301335727417
3004833,210.31629842429027
3004834,20.568797281793806
3004835,13.357271797446362
3004836,10.377349697518
3004837,120.78670661338684
3004838,7.881653822177342
3004839,732.0302581057656
3004840,254.5574815104862
3004841,8.284066321819335
3004842,10.07345890629285
3004843,649.3875565956838
3004844,105.83040323216937
3004845,2305.010876512374
3004846,0.4435809678612177
3004847,46.534985408104035
3004848,6.422365035454962
3004849,0.14500445903517212
3004850,5.564174129528971
3004851,2395.383701683307
3004852,0.09763209443371312
3004853,392.2914664281949
3004854,9.370768582231426
3004855,914.7450531331407
3004856,575.3204666490428
3004857,481.92019498862754
3004858,81.53404547586601
3004859,67.25321534760816
3004860,3753.129003237531
3004861,11.975836023864446
3004862,0.9280663296451706
3004863,20.4801206863938
3004864,18.909443932825827
3004865,0.381044864645615
3004866,293.60497481575555
3004867,6.183324739877272
3004868,5.181996443672464
3004869,3.616145381453557
3004870,48.20618553948398
3004871,2.479496365706047
3004872,240.16125369551864
3004873,295.1365087324825
3004874,4.562326537610607
3004875,8.469401150394656
3004876,372.30264330290237
3004877,49.51193014740247
3004878,1503.3154267470175
3004879,27.93335789848084
3004880,9.26121603047411
3004881,7.298220252342563
3004882,0.16684888921248073
3004883,2.6982940939224056
3004884,2124.6005037447244
3004885,0.10079187016484295
3004886,326.64718674921846
3004887,5.81970370850294
3004888,861.7028570397573
3004889,435.3863941153294
3004890,327.7868327707787
3004891,117.37239114227529
3004892,73.17941001367687
3004893,3261.6560446779695
3004894,13.468868043662368
3004895,0.9540119442572228
3004896,24.458218184304968
3004897,24.40600619765644
3004898,0.3800347682181878
3004899,254.46521345253223
3004900,2.1669116726742157
3004901,2.333824096082748
3004902,6.1014502806260555
3004903,94.42595526645931
3004904,1.6073906722271036
3004905,139.83121539524558
3004906,216.90141929868022
3004907,2.5015006379813416
3004908,5.06450219774341
3004909,205.42827539007115
3004910,78.55615370726007
3004911,926.5669378701325
3004912,0.7959697511762135
3004913,6.362931544871646
3004914,4.169034266105834
3004915,0.06185946333130318
3004916,1.0547558310286669
3004917,1117.6580120862873
3004918,0.046763070019373555
3004919,147.8939145844568
3004920,5.989291945070845
3004921,558.4408628889898
3004922,232.49130649738595
3004923,174.29205656019622
3004924,57.846777217504766
3004925,39.80039223859929
3004926,1952.9333913044416
3004927,6.052316839097843
3004928,0.7461621574283819
3004929,13.562926992545956
3004930,15.692684917722577
3004931,0.26494681823693766
3004932,164.4884979962834
3004933,1.0372035669222854
3004934,0.9489522281093353
3004935,4.197206763567265
3004936,52.446317735701925
3004937,1.2454237644341046
3004938,87.26922481367731
3004939,135.00142438595094
3004940,1.407158743546766
3004941,2.7921992041565153
3004942,129.91285072180153
3004943,34.43392600234083
3004944,260.23549393128644
3004945,12.419899082417292
3004946,3.547366698952752
3004947,2.7048671736926915
3004948,0.0
3004949,3.2535988303969083
3004950,1254.7977797832236
3004951,0.0
3004952,268.5410764553867
3004953,9.444991634382898
3004954,448.3763556996085
3004955,504.542511020265
3004956,163.69998397269518
3004957,73.14750785356368
3004958,65.82810794707405
3004959,1876.293329446393
3004960,14.83449979296479
3004961,0.46139657941272993
3004962,9.727067930570904
3004963,16.097108437962113
3004964,0.1282130472329519
3004965,119.84741137496111
3004966,6.971964937625586
3004967,2.8330023508615954
3004968,5.390471285626614
3004969,87.41473156114733
3004970,3.295822735564523
3004971,523.7146333997168
3004972,127.66897017144503
3004973,2.789276115090076
3004974,4.836957239852453
3004975,350.6851817097605
3004976,44.1708346768812
3004977,1006.4737946410166
3004978,0.21477478003069359
3004979,18.000035857910177
3004980,4.354432827288959
3004981,0.19088551828943023
3004982,4.342951510122329
3004983,2888.5882811244496
3004984,0.23208170184467872
3004985,740.175136805417
3004986,17.04657263189317
3004987,1087.5881889472996
3004988,1200.2554165129168
3004989,305.54268222157225
3004990,232.4344124078327
3004991,158.53321317064987
3004992,3417.6290794140496
3004993,25.320103345749846
3004994,1.1797864250983003
3004995,25.97476909285932
3004996,40.875687325749055
3004997,0.4430762369458631
3004998,226.54011220222756
3004999,13.185275902540067
3005000,29.077404570056515
3005001,6.035870145777765
3005002,155.79315183831517
3005003,11.79900335019407
3005004,656.9257100230732
3005005,269.2491366736383
3005006,14.840682220728107
3005007,13.158920097371471
3005008,671.3709423730177
3005009,109.44806921001587
3005010,2897.303108361405
3005011,0.9934058618757444
3005012,46.88229999265854
3005013,2.0344507432102414
3005014,0.0
3005015,4.601991637916012
3005016,1515.594039666294
3005017,0.0
3005018,271.80642358032884
3005019,5.47809712345221
3005020,447.601390088351
3005021,416.0926611527273
3005022,152.42596483088354
3005023,151.7689229398335
3005024,40.809972683699364
3005025,1868.5030482017764
3005026,7.711349540069649
3005027,0.47523180712035734
3005028,10.19748126035892
3005029,19.403024523542932
3005030,0.01871546193432941
3005031,118.85440057420766
3005032,0.6386967660370533
3005033,13.733888743390041
3005034,2.5143372399403936
3005035,152.7260857665467
3005036,3.6871849622167843
3005037,295.5784615461496
3005038,116.56547888041581
3005039,3.6644696689681364
3005040,3.7000118104298343
3005041,272.36381451901315
3005042,27.806058103889615
3005043,870.1571620296838
3005044,0.26675840181627775
3005045,7.8352314050546426
3005046,2.9757743116471023
3005047,0.0
3005048,1.9598898598511525
3005049,688.9573313609666
3005050,0.009521444847955144
3005051,151.05106330028855
3005052,5.2272774885312465
3005053,312.0903478072208
3005054,202.38261827421357
3005055,128.02640889876548
3005056,48.07778079956334
3005057,31.18751761909094
3005058,1263.0405681876634
3005059,3.729125441988872
3005060,0.4504661204230921
3005061,7.139795643243454
3005062,6.5442674144311335
3005063,0.09561706978108636
3005064,79.28681762642965
3005065,0.7435780618944936
3005066,2.714113100290565
3005067,1.7906380115245022
3005068,45.07317983752924
3005069,1.0955042886783712
3005070,304.83260686437694
3005071,101.9343336611045
3005072,1.375102074239072
3005073,2.6528529760762685
3005074,167.15748177235002
3005075,19.021307074076706
3005076,390.67644123622335
3005077,0.2802067915677839
3005078,4.385251395320665
3005079,5.625692546243803
3005080,0.05793279406848958
3005081,5.548479126391333
3005082,2389.414900205919
3005083,0.08781883599947451
3005084,556.8322328844266
3005085,14.133246231413986
3005086,759.1395289935532
3005087,785.2694258761782
3005088,264.32356910469156
3005089,222.32753066997574
3005090,128.6643435524134
3005091,3087.4149147287485
3005092,20.86942206955555
3005093,1.0452545950309262
3005094,18.968613161095863
3005095,24.2171112101182
3005096,0.33546081754612206
3005097,196.69473913318149
3005098,7.374754133638837
3005099,25.583203247716597
3005100,4.318163828709557
3005101,190.639079072686
3005102,6.936378669364466
3005103,471.8738396840828
3005104,225.05407334005784
3005105,10.002627920133586
3005106,9.30037811236638
3005107,443.89927575320615
3005108,86.96265924281832
3005109,2343.079564703418
3005110,0.7146946697095407
3005111,31.435037750781646
3005112,6.273569007299693
3005113,0.027733806765216338
3005114,1.2256827518757183
3005115,2471.1731752319133
3005116,0.047778400883306926
3005117,476.2569442542698
3005118,8.743112021164208
3005119,930.2101527437331
3005120,649.9171679176557
3005121,353.9900470543276
3005122,153.05520364497622
3005123,71.40644065425644
3005124,3773.514114277423
3005125,7.199828490117615
3005126,0.8081343199931137
3005127,19.792105478283744
3005128,17.949881957356098
3005129,0.2771359746805433
3005130,233.56795519798888
3005131,0.34423613316196994
3005132,3.59190881983744
3005133,4.221383861197489
3005134,93.18611618882193
3005135,1.73143595599888
3005136,182.97386989937974
3005137,245.6734980593775
3005138,3.166612940910231
3005139,5.003113700025672
3005140,267.1078234658656
3005141,65.43840335091058
3005142,1060.099178275285
3005143,0.8897536740616004
3005144,3.726906884492312
3005145,5.849535960725779
3005146,0.13021118662565853
3005147,3.1218848168026887
3005148,2151.0121588024203
3005149,0.08992259662545098
3005150,390.67711929070225
3005151,10.541650113337708
3005152,827.0372884083972
3005153,522.7526326547486
3005154,337.4701122318333
3005155,131.2988470789121
3005156,66.76491277744061
3005157,3100.0936364469644
3005158,11.215720749613366
3005159,0.8926724990518274
3005160,21.86370461589081
3005161,16.700470841422447
3005162,0.3441628362044482
3005163,273.38881838438186
3005164,1.1482619047974723
3005165,2.715823019548549
3005166,3.9058919363995956
3005167,121.46062222238496
3005168,1.6577683742516878
3005169,160.57990513350705
3005170,214.59828214624014
3005171,3.1690762998716178
3005172,7.0722906526583245
3005173,240.98689051395093
3005174,63.37734600253162
3005175,2087.0778529269974
3005176,0.9109531503984197
3005177,5.432852972438976
3005178,10.117777806253018
3005179,0.6657361235074939
3005180,12.653323097036983
3005181,6544.748766198965
3005182,0.6790410001951244
3005183,1208.9705148730718
3005184,34.897633817721626
3005185,1823.4911346632503
3005186,2199.6532201092914
3005187,427.03798290497025
3005188,532.6397449237979
3005189,424.04507431462264
3005190,6905.127915097085
3005191,78.1363725837803
3005192,2.739743676468745
3005193,57.11656442015602
3005194,56.26266353571698
3005195,1.2209577661651303
3005196,425.8011357406625
3005197,34.595128693613326
3005198,52.540234846454595
3005199,21.64666550010087
3005200,297.75378862939925
3005201,19.836258539124422
3005202,1201.0006260595662
3005203,454.3423876986008
3005204,20.62962588790553
3005205,24.723368147621162
3005206,1312.6445877308913
3005207,346.08717885566773
3005208,6042.824075668913
3005209,1.826780002198582
3005210,129.2679433448516
3005211,2.555510834524455
3005212,0.0
3005213,0.5123250377402201
3005214,1144.9992410443122
3005215,0.0
3005216,132.693148745464
3005217,3.7917335699812464
3005218,440.83869132636994
3005219,207.09498198338608
3005220,139.31871444353197
3005221,84.7784443445824
3005222,32.64495533490412
3005223,1764.6654755392988
3005224,2.426279629506249
3005225,0.40456160769869237
3005226,8.492044228568451
3005227,9.524634568020236
3005228,0.07328997882080278
3005229,108.5733321346294
3005230,0.4765274596761804
3005231,0.3594243625333923
3005232,2.09057614205386
3005233,59.812951415515485
3005234,0.84200181401492
3005235,56.6141171619273
3005236,103.56015566471078
3005237,0.9449841229644913
3005238,2.5626931602454732
3005239,100.33173638021587
3005240,22.37292343553468
3005241,266.0197730033561
3005242,0.20078347332571975
3005243,1.8581367272412657
3005244,7.3376066769826105
3005245,0.27563390298925217
3005246,1.6370998306490618
3005247,2161.2701805823835
3005248,0.19475556949441702
3005249,391.13428732768597
3005250,9.408505480950968
3005251,946.4348821492009
3005252,556.3787560690718
3005253,320.2240565163122
3005254,156.18676447793794
3005255,67.49449795518788
3005256,3446.3989428631166
3005257,8.043180727170254
3005258,0.798506092429617
3005259,17.615574379825443
3005260,13.79901239062734
3005261,0.34042160531941934
3005262,204.167058545595
3005263,1.6856844447998678
3005264,1.5808328987525972
3005265,6.8426168863492185
3005266,48.57589231000071
3005267,1.3573966402331679
3005268,233.82473571362638
3005269,223.30399122472136
3005270,1.6863373764743308
3005271,6.817190703742268
3005272,236.19737111711595
3005273,63.21485316719466
3005274,998.931180648087
3005275,0.5791011745546293
3005276,6.475903313075141
3005277,1.7648310753939564
3005278,0.0
3005279,0.13355419122163945
3005280,809.5292428803982
3005281,0.0
3005282,88.31277961682885
3005283,3.007133132277413
3005284,399.5801520010858
3005285,117.42631412767484
3005286,114.06515181702136
3005287,77.41894366392641
3005288,19.48134550788429
3005289,1561.3559490322307
3005290,1.632115488316284
3005291,0.19954429739988247
3005292,5.793054636560664
3005293,4.237226877465995
3005294,0.0
3005295,72.07403419105086
3005296,0.0
3005297,0.12540835525219307
3005298,1.2067435624332956
3005299,59.624618527580004
3005300,0.34415625016763085
3005301,49.201312613682276
3005302,78.95419493801379
3005303,0.4501809829116069
3005304,1.611722261886149
3005305,71.78364783312324
3005306,13.903847130311421
3005307,172.5542187671292
3005308,0.006425414809638867
3005309,0.6817952254710784
3005310,5.964246054971582
3005311,0.10178029092214778
3005312,0.8025933618919397
3005313,1431.3494721406973
3005314,0.057442606351754494
3005315,209.48492941327513
3005316,6.428892139749176
3005317,684.9916792889499
3005318,349.57435462117866
3005319,198.95806703773513
3005320,100.18249099810063
3005321,50.50526885596655
3005322,2588.5724966087764
3005323,3.1358959179731767
3005324,0.5233218514222306
3005325,20.63306374558731
3005326,11.154688714156126
3005327,0.14189021735125426
3005328,172.70440906710073
3005329,0.39140455560675813
3005330,0.40926596423781914
3005331,5.149124619431862
3005332,60.60183710892634
3005333,1.0895849193364504
3005334,169.84357999508578
3005335,169.66510815400113
3005336,1.1212162008741435
3005337,3.866984316921321
3005338,226.98146184539587
3005339,38.05346380299458
3005340,903.1376544348805
3005341,0.3355021298378492
3005342,1.584361973061491
3005343,4.148975051170703
3005344,0.2748017395749286
3005345,4.032777226777864
3005346,2288.892610937036
3005347,0.20896917198828266
3005348,435.96371171448595
3005349,7.622734019467401
3005350,850.0175106396651
3005351,569.4664013677766
3005352,264.0276748738702
3005353,94.72415178959871
3005354,69.87375089661323
3005355,3750.924506892742
3005356,5.438251063748493
3005357,1.124552183245109
3005358,19.040575069231856
3005359,24.530795875835935
3005360,0.44238643950461015
3005361,206.13113094661549
3005362,3.290863887900167
3005363,2.7381750679998023
3005364,4.965742790708406
3005365,74.90987571932317
3005366,2.955511025027575
3005367,172.1285217073834
3005368,237.69289200945815
3005369,3.5222575546877835
3005370,5.636365384236179
3005371,184.06672645899482
3005372,42.08471832431239
3005373,550.8924367001085
3005374,1.4931167593794585
3005375,2.463776173622299
3005376,2.755364434692125
3005377,0.0
3005378,0.2158244128065821
3005379,1234.6957199160681
3005380,0.0
3005381,88.01678020765097
3005382,3.0300784312521425
3005383,416.1231737113288
3005384,140.16732779291056
3005385,110.45308550551759
3005386,97.84093976515403
3005387,29.413291180756865
3005388,1848.993060632887
3005389,2.299558535714941
3005390,0.202550129943633
3005391,6.150279805788036
3005392,4.983185906595451
3005393,0.0
3005394,90.53432513124372
3005395,0.04706866692154937
3005396,0.30547600760024685
3005397,1.1072199410259151
3005398,54.5487338836579
3005399,0.4337110479039965
3005400,89.5418137121554
3005401,86.7919975062959
3005402,0.4820818139592519
3005403,1.7687201003963056
3005404,81.53858238908585
3005405,17.736738359371078
3005406,244.22669974684
3005407,0.04659012581230295
3005408,0.37618609351066645
3005409,3.8281745911639824
3005410,0.0
3005411,1.0221222178341776
3005412,2368.666970296048
3005413,0.023144960017787312
3005414,370.98493462025954
3005415,6.059109866918707
3005416,792.0867246369432
3005417,534.5115705273126
3005418,240.59624831229357
3005419,104.07007415652602
3005420,86.35554726199602
3005421,3580.6895416336865
3005422,6.405046300246395
3005423,0.5510776176156975
3005424,17.217823833235542
3005425,16.75864552668177
3005426,0.17409483825488356
3005427,200.61161835580876
3005428,0.3252649436429987
3005429,8.877027396431082
3005430,2.076407285741306
3005431,116.67611502352702
3005432,1.5900866760987964
3005433,169.05126160242864
3005434,175.94279124387444
3005435,2.5450259198800995
3005436,3.8474296825240843
3005437,166.92382739482488
3005438,55.41689047213488
3005439,1291.434617356868
3005440,0.6790984861480595
3005441,1.133462252363571
3005442,3.898417220008378
3005443,0.06274692207930262
3005444,6.9677927352371825
3005445,2327.0776087798267
3005446,0.07602021064856986
3005447,521.544038273025
3005448,11.910413792129189
3005449,868.628452537858
3005450,887.9380175041634
3005451,194.8592386142741
3005452,163.74371915179535
3005453,155.00468364539168
3005454,3148.847686126479
3005455,33.23325363374586
3005456,1.1645021285269417
3005457,21.68820854031881
3005458,19.76959727249878
3005459,0.31278213211434897
3005460,260.37863259321443
3005461,15.58898319232688
3005462,22.904745287287014
3005463,4.1414392671622995
3005464,171.68752817399172
3005465,10.090056203458882
3005466,363.11712731492435
3005467,209.9504643540963
3005468,11.47998716206715
3005469,10.782426009306384
3005470,362.10578956069764
3005471,111.13077944023946
3005472,2510.1801816812394
3005473,0.6210075265006862
3005474,27.46355414000913
3005475,5.610449951400452
3005476,0.03142197546105943
3005477,7.767422995668188
3005478,1975.7857389090595
3005479,0.01980565316897707
3005480,425.6905043901704
3005481,12.704516428107759
3005482,897.1986363247521
3005483,754.9082720764958
3005484,198.57456930645577
3005485,116.05523149323936
3005486,131.0381088348305
3005487,2899.9095183286076
3005488,24.545191861818918
3005489,1.101622822137854
3005490,21.307749356850877
3005491,21.017595588042322
3005492,0.23750880086151563
3005493,251.6813989396815
3005494,16.673647215822594
3005495,12.483943648165333
3005496,6.726711022116759
3005497,125.22960009930944
3005498,8.173784353010591
3005499,271.2768019244291
3005500,241.28017045521855
3005501,7.915375593400482
3005502,9.752594846182626
3005503,230.85817769660363
3005504,92.55262460263134
3005505,1682.640025800239
3005506,0.47037158023076886
3005507,29.141559258432345
3005508,7.283127926611182
3005509,0.20812910840953042
3005510,3.7304657649380046
3005511,2747.6297844598457
3005512,0.13053652851348613
3005513,543.4575827321711
3005514,10.892768450312163
3005515,1020.9504626354479
3005516,647.6054789712209
3005517,271.52403213220833
3005518,182.84396830211983
3005519,86.20538292713046
3005520,4249.870193985352
3005521,21.18539206283702
3005522,1.159336937802408
3005523,23.870412257946914
3005524,24.6481924697467
3005525,0.36273918316326825
3005526,294.4266987446482
3005527,6.584087850916726
3005528,11.5935368583745
3005529,8.34354978338735
3005530,90.1682959684255
3005531,3.696558933605751
3005532,163.6962458223956
3005533,243.5055890991413
3005534,5.5871273004979525
3005535,8.890814297149467
3005536,238.34499564080645
3005537,82.33243512954623
3005538,1219.1784082791453
3005539,5.164130268730977
3005540,8.849900470114068
3005541,3.5408895670966842
3005542,0.0015844795059855414
3005543,5.119288924410819
3005544,2154.3639200691555
3005545,0.012004706541360512
3005546,408.39616305323545
3005547,10.519183209009558
3005548,646.9801731924086
3005549,711.4414186785941
3005550,238.50016500915928
3005551,166.28657389258257
3005552,118.796293740373
3005553,2922.8706797862833
3005554,16.180426173927962
3005555,0.7909722056693234
3005556,14.601452455066854
3005557,12.880306364109689
3005558,0.20981830724124015
3005559,190.1317680719988
3005560,15.924898411599814
3005561,14.611001222738073
3005562,2.967073487616328
3005563,137.27882986798681
3005564,6.880145482978255
3005565,484.394760185688
3005566,217.63312767644214
3005567,8.042648614346255
3005568,8.717590025603966
3005569,502.9692932070961
3005570,84.34113607994892
3005571,2173.1908802679877
3005572,0.45246021052064594
3005573,28.127947271595254
3005574,4.500162968450012
3005575,0.16814423499038644
3005576,2.0667689379058656
3005577,3164.1457010809418
3005578,0.1313377730176273
3005579,335.9702688449264
3005580,8.250679633016112
3005581,1216.33503051172
3005582,518.7222177766886
3005583,274.31858204988225
3005584,122.98920685944945
3005585,61.6535543336372
3005586,4193.083369601435
3005587,8.440893993712027
3005588,0.7022321542906438
3005589,19.19740252241266
3005590,26.04532795249621
3005591,0.23953721478478301
3005592,288.1875245963003
3005593,0.7510370281100511
3005594,0.7046927999839578
3005595,4.8222043893534945
3005596,81.39611530132365
3005597,1.4380505161060297
3005598,119.94870471860875
3005599,228.59047012062763
3005600,1.7301230543373516
3005601,5.23166464501397
3005602,182.51357047591466
3005603,57.384895585211765
3005604,907.8680661783203
3005605,0.3731235132342752
3005606,2.8236564525313987
3005607,4.599814677117384
3005608,0.07670337854386133
3005609,7.707729983288194
3005610,1751.9809739737052
3005611,0.08600162412518988
3005612,394.27300626799473
3005613,11.877213531697919
3005614,775.9571812552922
3005615,592.3958452494874
3005616,227.02062043877407
3005617,129.72936604491338
3005618,124.43678966483505
3005619,2764.1524628480947
3005620,21.364324274731644
3005621,0.8297424792435854
3005622,17.57802979275643
3005623,17.820888330582232
3005624,0.26126042643560676
3005625,196.14328191897388
3005626,9.865425042322547
3005627,16.382110336107402
3005628,4.771459788520347
3005629,115.27543000479083
3005630,8.573272998378378
3005631,269.7710173081372
3005632,219.45268975212406
3005633,9.142151879979433
3005634,8.453746301694373
3005635,240.59414597290012
3005636,64.3940667893762
3005637,1682.065331127969
3005638,0.6711271466045308
3005639,11.335981342738043
3005640,5.193025451508278
3005641,0.1723310213096328
3005642,5.484981943790348
3005643,1958.210304660792
3005644,0.1680332547700687
3005645,426.2558852115419
3005646,7.848510334483574
3005647,690.3570942498601
3005648,686.7236765029238
3005649,200.13481722050986
3005650,138.74427687235135
3005651,120.02990638177563
3005652,2678.544989540252
3005653,26.787700557660937
3005654,1.0392671635960382
3005655,21.4975076161019
3005656,17.32276724805542
3005657,0.43888990584341214
3005658,232.90206215983102
3005659,7.406623326663901
3005660,19.446196202179895
3005661,5.5499818248799375
3005662,137.28965320147216
3005663,4.7734736827972615
3005664,320.6833096593573
3005665,204.39092104997974
3005666,7.009398575820952
3005667,5.207263252678365
3005668,316.29526988878786
3005669,84.64302416543471
3005670,2901.02043927919
3005671,0.9618763553511167
3005672,27.1382208304714
3005673,5.0936979575256185
3005674,0.13710336112040294
3005675,0.8498162345523567
3005676,3113.976633561491
3005677,0.12341065634296834
3005678,334.9482929100255
3005679,6.520581802036586
3005680,941.0482921435758
3005681,454.7168237227767
3005682,303.7578636246965
3005683,127.44888558253405
3005684,49.876256094991916
3005685,4024.3614064422727
3005686,4.559568462044391
3005687,0.7035700538942533
3005688,14.245065004680905
3005689,12.04470137784945
3005690,0.2513569832934544
3005691,226.2475027314516
3005692,0.2985446385488857
3005693,2.3464860901453712
3005694,2.4043554205890643
3005695,90.13807534095831
3005696,1.9661522354938157
3005697,147.1172630682718
3005698,216.50363182476832
3005699,1.9280974475847579
3005700,4.077456590028185
3005701,218.25999677380156
3005702,67.81413399781829
3005703,641.352929225281
3005704,0.8282239150134376
3005705,0.9947237234852969
3005706,14.655668177861495
3005707,0.5669473860071883
3005708,17.89666003827942
3005709,7398.01247846628
3005710,0.6498642528123719
3005711,1524.0996509854463
3005712,37.07791440951051
3005713,2241.001970535326
3005714,2479.272790750729
3005715,688.6341101027333
3005716,723.1450345044777
3005717,501.74698900728055
3005718,8072.109075693363
3005719,83.18127887217084
3005720,2.68015450066363
3005721,83.4402732756722
3005722,87.69056412592707
3005723,1.2119869047905176
3005724,549.0641067349884
3005725,55.7989832502781
3005726,36.89044454877719
3005727,27.07783194271748
3005728,491.5480129889066
3005729,21.23863617468972
3005730,1374.1117554707953
3005731,564.4079403869044
3005732,29.526512320111465
3005733,31.234109228700756
3005734,1497.4293218032335
3005735,389.1799824349689
3005736,6934.090440068339
3005737,90.03192361765275
3005738,150.17689290450124
3005739,10.32703970562208
3005740,0.2308443253813227
3005741,13.341323460293417
3005742,6443.5809120588565
3005743,0.32259570555993833
3005744,1252.3363269308425
3005745,32.24543288417322
3005746,2112.2831185407085
3005747,2136.207883492224
3005748,722.0421940565566
3005749,477.51768048377403
3005750,419.62413957919466
3005751,7884.070684083865
3005752,71.82698950796244
3005753,1.3166269791154197
3005754,50.84275236261162
3005755,74.36614126866954
3005756,0.8022260094965168
3005757,543.1882071364275
3005758,45.56314525674526
3005759,38.14430572219663
3005760,11.868526596039445
3005761,322.5541363442989
3005762,16.290592614300877
3005763,1472.009956784866
3005764,581.7609579235725
3005765,23.14687410335283
3005766,24.0855651735194
3005767,1501.4730032375244
3005768,293.8122208711263
3005769,5647.465251019223
3005770,78.20815735655503
3005771,109.15261270416241
3005772,10.005768852359818
3005773,0.14568043303322267
3005774,14.440632902398377
3005775,4078.206112237927
3005776,0.2000549403638617
3005777,862.3951853996218
3005778,20.682180442656286
3005779,1826.1491875323832
3005780,1359.5806937614502
3005781,766.4625458583237
3005782,208.54926867972225
3005783,211.3070233772043
3005784,6315.664838568073
3005785,40.3824828495659
3005786,1.1317436929567564
3005787,31.92062969275957
3005788,39.34087535183685
3005789,0.5713519102061083
3005790,439.71016926875245
3005791,36.90301468622469
3005792,17.142933926675628
3005793,10.369146882888781
3005794,177.29357658455757
3005795,11.019162546825504
3005796,1324.3927909011798
3005797,552.4032139648623
3005798,17.50016498056372
3005799,24.290711074094915
3005800,1115.9444106951391
3005801,136.4979435831325
3005802,2206.391283414179
3005803,72.64822786499458
3005804,59.48783550101468
3005805,10.392573371552302
3005806,0.19166489555927932
3005807,15.773138363094317
3005808,6237.672867331543
3005809,0.27507149809506115
3005810,1218.6696835025928
3005811,27.269938500219503
3005812,2042.4455557048452
3005813,2015.7434987720235
3005814,821.741113863442
3005815,387.58349969147775
3005816,336.67619998539044
3005817,7538.202461236201
3005818,61.2008977108846
3005819,1.3825550987954496
3005820,46.727142903634025
3005821,69.73000398718173
3005822,0.741893856327656
3005823,503.0152991890921
3005824,49.36167911937772
3005825,32.058521818345206
3005826,13.875120395940238
3005827,283.0269497476164
3005828,14.220818038036363
3005829,1320.3557645119772
3005830,600.1772190105788
3005831,21.40140015550557
3005832,22.96783394837742
3005833,1359.8194569600155
3005834,237.98967867452407
3005835,4321.446022352825
3005836,71.53681519550443
3005837,95.98227386763308
3005838,7.991897274090679
3005839,0.003526352268626275
3005840,11.775127945179543
3005841,3329.6465291021564
3005842,0.041708401517031764
3005843,743.8324875608796
3005844,19.10806800864161
3005845,1652.0171352044167
3005846,1051.0055582475384
3005847,558.5611747494897
3005848,156.39722054813905
3005849,152.423912335912
3005850,5271.982132325971
3005851,34.49791557770901
3005852,0.8603515584247818
3005853,28.404246888362017
3005854,34.0942702303229
3005855,0.31496241326186836
3005856,365.5505451580913
3005857,33.067778883261695
3005858,9.93122943483453
3005859,6.916951172651365
3005860,170.3878640033269
3005861,6.9301454331925925
3005862,1107.1656322916558
3005863,483.6922845561271
3005864,12.902333916556149
3005865,21.297319414191858
3005866,932.3834519850647
3005867,102.48249762771982
3005868,1851.4607525915467
3005869,73.03513260089474
3005870,41.59900806907662
3005871,9.830788353425957
3005872,0.16493706702726418
3005873,10.261579402998887
3005874,5920.597386882845
3005875,0.25150060930780094
3005876,1211.7396440408943
3005877,31.649342887753185
3005878,1703.6408034897604
3005879,2119.0976853946613
3005880,505.8865810636852
3005881,548.1586860077962
3005882,348.00865159456214
3005883,6735.14223586031
3005884,63.60576777801984
3005885,1.3714294305067498
3005886,45.50400154170765
3005887,52.20164417487618
3005888,0.6936679272923341
3005889,440.4193889973149
3005890,19.304815888079887
3005891,38.77327468240083
3005892,10.161074992140353
3005893,339.2218993351693
3005894,16.579403213261106
3005895,1240.6927831382154
3005896,437.6450584694462
3005897,22.08352228295637
3005898,25.186335880966766
3005899,1284.0471410801465
3005900,275.70716823158483
3005901,6047.506089542057
3005902,65.01700059349986
3005903,114.45797634259878
3005904,5.407810271466911
3005905,0.10953714246060785
3005906,5.820519545542247
3005907,1455.1960878686714
3005908,0.10914989098579782
3005909,300.5683573666995
3005910,16.458076911607872
3005911,656.8270869489972
3005912,488.04267348397974
3005913,250.10912986646727
3005914,120.73801326468075
3005915,83.13333007376406
3005916,2390.499732691794
3005917,18.228584926265874
3005918,0.8921099638028674
3005919,22.370113529345378
3005920,24.4077292667304
3005921,0.33570049612904884
3005922,191.6038457139994
3005923,10.213806545819347
3005924,5.638915077179829
3005925,8.097583570295098
3005926,111.49801522545641
3005927,5.709669801707663
3005928,340.78936322280936
3005929,199.69027527782734
3005930,4.471139007788993
3005931,9.226954715543624
3005932,273.2399680094485
3005933,72.33607412352661
3005934,1102.8489720996242
3005935,0.5031760188024467
3005936,20.18836479077006
3005937,8.268987322539472
3005938,0.09137746740582872
3005939,10.08256985814738
3005940,3115.208065208174
3005941,0.08780306018205408
3005942,621.2543998427658
3005943,22.631673024556633
3005944,1277.9028815144661
3005945,935.7231027439605
3005946,390.8073349687401
3005947,125.94517340338687
3005948,145.26407600573455
3005949,4687.595016359058
3005950,38.672463702333495
3005951,0.987727219252737
3005952,37.573900503147115
3005953,41.07661779814631
3005954,0.35035976496032434
3005955,333.8657359580758
3005956,27.336271764289013
3005957,8.455057269971842
3005958,4.362586329300816
3005959,186.3392892933643
3005960,8.453211615340374
3005961,715.2669306095412
3005962,413.8769873679257
3005963,11.37370031742509
3005964,16.17809277984214
3005965,573.7871159009123
3005966,106.99739054256484
3005967,1939.7800417842823
3005968,64.67892984141655
3005969,31.78395614764442
3005970,6.860354958895849
3005971,0.1034818089821194
3005972,6.653994763133794
3005973,3898.5003200751453
3005974,0.1879991264706285
3005975,838.1667368312079
3005976,16.773350302572904
3005977,1140.2756778528644
3005978,1423.9393511108246
3005979,301.83414796527404
3005980,361.4686023836814
3005981,235.55805690372574
3005982,4394.844913148816
3005983,24.521061453715607
3005984,1.215700960998273
3005985,20.17984146283525
3005986,38.47403194579193
3005987,0.5836165605007249
3005988,282.99266808118284
3005989,4.849754596944074
3005990,27.873582703199872
3005991,4.698411904395826
3005992,290.0823250119864
3005993,11.766099776715407
3005994,950.4957371607269
3005995,270.30869869447423
3005996,14.944757703187253
3005997,11.884723723803317
3005998,1042.8289323185488
3005999,161.34060720017226
3006000,4500.493978702633
3006001,1.7415657680590813
3006002,54.54270770747774
3006003,7.689081712870309
3006004,0.9033268225296204
3006005,7.502314438634562
3006006,2708.9046301758335
3006007,0.9152778811940978
3006008,798.4289305418141
3006009,15.904487592881347
3006010,982.1713797219307
3006011,1105.6514764043723
3006012,503.85894745460797
3006013,425.539232568371
3006014,242.4631296197369
3006015,4395.244604794138
3006016,13.078849767648622
3006017,2.1399580627341934
3006018,31.46504237109863
3006019,37.376915512406335
3006020,1.3413998950598713
3006021,203.4773191654856
3006022,5.869378459231523
3006023,9.067455618823391
3006024,6.460518398985192
3006025,305.93391066157585
3006026,5.094487824357831
3006027,751.9959507003948
3006028,426.5657604409972
3006029,6.082862730916005
3006030,8.739220842624274
3006031,732.3799487048602
3006032,148.14608731283906
3006033,2138.3343530331763
3006034,2.0221633326735664
3006035,18.315905850830237
3006036,6.073252069234694
3006037,0.09002369705550171
3006038,3.231412502188466
3006039,1517.3633023216817
3006040,0.06432837828171464
3006041,360.8955642259822
3006042,10.535185908856299
3006043,745.9536570213029
3006044,530.5835660387132
3006045,260.90305902786116
3006046,140.807652222575
3006047,112.19280040342518
3006048,2311.8675554733686
3006049,17.250228188036935
3006050,0.9550224533261585
3006051,19.554692660106305
3006052,15.948231671903882
3006053,0.2469560784570904
3006054,261.8487024474511
3006055,4.093362079715721
3006056,5.7630256768204156
3006057,3.9116429837921363
3006058,118.91475332865183
3006059,4.569588120388594
3006060,327.8060864423693
3006061,205.62949305733486
3006062,5.5650954778644435
3006063,7.319103204273739
3006064,274.7731327243425
3006065,74.28623441085536
3006066,2097.439464958013
3006067,0.7681592505046134
3006068,8.046927831021554
3006069,3.939144112472475
3006070,0.00221802353078534
3006071,0.5214927700370202
3006072,1551.417479040698
3006073,0.0
3006074,174.1678093257311
3006075,3.988554084746877
3006076,754.6230499405472
3006077,229.43898916617644
3006078,215.5932896346892
3006079,62.179359766102266
3006080,27.855233537684743
3006081,2747.688928272626
3006082,5.014135180923069
3006083,0.38214668198621693
3006084,16.527214800335646
3006085,9.294308638885981
3006086,0.06047147213892209
3006087,176.37199889562734
3006088,0.29575227218664224
3006089,0.2623065986218436
3006090,2.2197790184749833
3006091,27.45615059975874
3006092,0.7132495805962569
3006093,57.66203409015297
3006094,148.76728745641924
3006095,0.5549878251422532
3006096,2.675340507155682
3006097,76.78862879757604
3006098,32.72419659993242
3006099,454.39984632645445
3006100,0.18943512549445973
3006101,0.8930779001653963
3006102,5.342568757216428
3006103,0.0
3006104,6.476499102257554
3006105,2723.904632791796
3006106,0.013788142252023248
3006107,540.5782949183018
3006108,15.841163365812104
3006109,983.0883266159989
3006110,875.3142883420587
3006111,321.6388751884285
3006112,181.60264461920428
3006113,164.70482903426625
3006114,3543.6788544512146
3006115,31.525344523417445
3006116,0.7813838388843652
3006117,27.811191033235446
3006118,40.9455291181995
3006119,0.23998860099915897
3006120,252.33857360443363
3006121,20.17004909862993
3006122,13.173900524591874
3006123,9.229031547216639
3006124,134.0703840915856
3006125,6.748295411648131
3006126,668.6025683792741
3006127,274.69259072904265
3006128,7.946678641488297
3006129,11.239944650880258
3006130,641.8816459431424
3006131,111.79345095140717
3006132,2328.9356763603882
3006133,0.356597734117401
3006134,52.898821623002235
3006135,4.7677169011579865
3006136,0.09536609795408652
3006137,7.593913698160225
3006138,3782.6010078377094
3006139,0.16626273475221243
3006140,707.3838676803573
3006141,17.102347707613326
3006142,950.8739742095429
3006143,1168.3368032796357
3006144,227.79997449479228
3006145,297.24545435523606
3006146,219.24380241383824
3006147,3701.9135441951707
3006148,33.03858591004935
3006149,1.3286883523597648
3006150,26.286331342292996
3006151,26.234651436107455
3006152,0.46449420301680655
3006153,231.31863777616365
3006154,11.537554891789698
3006155,37.16470438391313
3006156,6.098399304816049
3006157,297.89166712921224
3006158,11.177676326711758
3006159,716.1640636898809
3006160,239.48724934431561
3006161,11.386686086423536
3006162,15.313783450866246
3006163,762.5256015160938
3006164,171.04113953405033
3006165,4522.081156113196
3006166,0.6377658470784064
3006167,64.81983619534907
3006168,6.194237127567354
3006169,0.2597247669300955
3006170,9.464000985686727
3006171,3567.924111000552
3006172,0.2961648734471797
3006173,778.8788371670296
3006174,21.975352086164833
3006175,1148.0176292005028
3006176,1288.154452839244
3006177,320.97866129662117
3006178,318.81511842379507
3006179,201.27933271281827
3006180,4085.757184057731
3006181,39.84231730360936
3006182,1.7352355765509067
3006183,34.1435318944711
3006184,35.79562680854346
3006185,0.6510822956435305
3006186,306.3505720749009
3006187,26.703091303746977
3006188,29.727855612732334
3006189,16.47969610593452
3006190,181.53785896408067
3006191,13.888635929013446
3006192,783.097153402199
3006193,303.6418451845902
3006194,15.190075170405475
3006195,17.58860694425965
3006196,800.924678391609
3006197,178.1616509843351
3006198,3770.7184529717397
3006199,0.9247006853470263
3006200,74.96160667787737
3006201,8.904238698850868
3006202,0.16391521729896918
3006203,6.052231714143317
3006204,2891.8580697775474
3006205,0.11964785850161881
3006206,527.3562298873321
3006207,13.379842013019125
3006208,1217.205752740257
3006209,728.8226865150443
3006210,451.07383986766246
3006211,126.85050655558746
3006212,82.94371335471068
3006213,4738.407465375311
3006214,11.237065885406988
3006215,1.1084392694944036
3006216,33.38994474187902
3006217,31.760124390468953
3006218,0.36840906691662884
3006219,357.54720193177883
3006220,10.433120681244485
3006221,4.381473746978486
3006222,7.44987579397757
3006223,82.8741319432913
3006224,3.715782044295906
3006225,276.97547660947026
3006226,344.89921152089494
3006227,5.142950833507651
3006228,11.04765355232399
3006229,425.76412146301334
3006230,86.0268351545835
3006231,1040.5662584589209
3006232,29.466638669369395
3006233,11.6389367502234
3006234,3.86956717885548
3006235,0.10197425215009395
3006236,4.608822232889885
3006237,1801.222582340309
3006238,0.1314152038712919
3006239,384.1100458225068
3006240,13.238675906275127
3006241,605.299917134334
3006242,735.9315393832746
3006243,137.54636210027567
3006244,137.5944236285555
3006245,126.92012786749127
3006246,2604.0707473849116
3006247,19.958755145341826
3006248,1.1638607680512956
3006249,18.386045874900056
3006250,15.005307192338565
3006251,0.33951325147528194
3006252,196.64990180527374
3006253,12.326354059723421
3006254,14.119835640006054
3006255,4.511976506040753
3006256,198.00107000877028
3006257,7.279620146159793
3006258,252.43695788551022
3006259,159.74605295102845
3006260,6.747170058133117
3006261,10.733777211330203
3006262,259.6951446355771
3006263,94.95839729834626
3006264,2004.5572081651494
3006265,0.4295730721219291
3006266,19.51953026381471
3006267,3.1234323407953304
3006268,0.10629948271177879
3006269,0.9461460856265755
3006270,1533.8326953518008
3006271,0.05190529657636631
3006272,125.00645432980288
3006273,4.021757503603433
3006274,791.8822741412476
3006275,298.4467930571718
3006276,194.80319985000827
3006277,48.33828796428378
3006278,48.31637174612999
3006279,2730.7381619031357
3006280,3.272493718311433
3006281,0.4977175873946076
3006282,10.38018306561511
3006283,9.289090414148967
3006284,0.12927682739133373
3006285,167.921396269004
3006286,1.995632354860359
3006287,0.5401764509048701
3006288,2.0902923306950227
3006289,22.108932103928254
3006290,1.0153223704680976
3006291,157.15418498360253
3006292,183.42104826150546
3006293,0.9949465745672331
3006294,3.2300663545717105
3006295,148.3927784221948
3006296,21.349533302829055
3006297,278.8961295029475
3006298,7.876003585531224
3006299,2.404081470962908
3006300,9.361316880031772
3006301,0.4334407953957803
3006302,5.692682937061787
3006303,5718.381457140219
3006304,0.3756709913047066
3006305,658.6804089246326
3006306,18.490804161033715
3006307,2272.8391200136184
3006308,1060.3345994355325
3006309,558.1912331836073
3006310,130.90342349627022
3006311,144.5791652371991
3006312,7726.424303209429
3006313,20.63777367685512
3006314,1.342261830721788
3006315,26.480624895869383
3006316,26.217472738406755
3006317,0.7138278030728827
3006318,439.7823997883955
3006319,10.800720599783741
3006320,3.504530739068265
3006321,9.124789642612562
3006322,84.72631901403014
3006323,3.5109514717865773
3006324,661.8358813490628
3006325,532.6049916683967
3006326,3.3055967308041145
3006327,14.241316749279779
3006328,551.5417413204025
3006329,71.93121411227897
3006330,985.7040453820317
3006331,31.548705063168
3006332,13.687012724065475
3006333,5.966636528695433
3006334,0.23667537252292115
3006335,1.1252995995335124
3006336,1979.1253789650002
3006337,0.22491127404454841
3006338,215.38813063405695
3006339,8.865399961030846
3006340,871.087889836173
3006341,410.24993551285445
3006342,218.41053783409143
3006343,64.86593453672585
3006344,78.44777117714514
3006345,3099.617743845678
3006346,6.194677037937602
3006347,0.8121991546033065
3006348,15.539464483080685
3006349,15.723546708002086
3006350,0.3422296236341365
3006351,190.02413612605793
3006352,1.5712415615747655
3006353,0.77577655876397
3006354,8.176287480614663
3006355,67.09669128020262
3006356,1.6722866683423327
3006357,135.14688885922382
3006358,202.28020034971317
3006359,1.5571831393771023
3006360,5.507439989430626
3006361,143.3349527736128
3006362,30.57200527953829
3006363,376.13921743714064
3006364,4.643140007416285
3006365,3.8788517643875267
3006366,4.699391223260346
3006367,0.0515479152276434
3006368,2.106247523479738
3006369,1843.9497655262032
3006370,0.0
3006371,164.94036337903682
3006372,5.399315632242714
3006373,825.4287622719404
3006374,290.26483346458747
3006375,152.68640976761944
3006376,54.21109183511733
3006377,53.07906355682797
3006378,3091.9117189223534
3006379,5.478044154843432
3006380,0.5026655484554801
3006381,10.89268438329782
3006382,11.688956761427931
3006383,0.1303716953462153
3006384,165.00458708703044
3006385,2.6146792536593164
3006386,0.5018146644376813
3006387,2.7363875945138583
3006388,48.78078016026975
3006389,1.0780362689235854
3006390,131.27962019210258
3006391,182.39280208621858
3006392,0.885005444773244
3006393,3.7432861434690468
3006394,117.36689020829398
3006395,26.515453722370943
3006396,243.85792158732653
3006397,6.346514951139454
3006398,3.3235460025540093
3006399,4.3088435876861375
3006400,0.12209525710331309
3006401,2.0693235174827187
3006402,2056.2548688641377
3006403,0.09164684134911688
3006404,223.40805193255238
3006405,6.798267401566554
3006406,1075.5690735199028
3006407,409.84173725766055
3006408,244.2178956827301
3006409,58.48162387630931
3006410,81.20496203190064
3006411,3345.624883628513
3006412,5.510271840757281
3006413,0.4936177380731023
3006414,14.53237926866349
3006415,15.004282452698394
3006416,0.19738440712400604
3006417,256.7746136873465
3006418,0.9238819165260677
3006419,0.6029255190513693
3006420,3.368320243506714
3006421,23.232319090373686
3006422,1.5191681010012736
3006423,201.58297703977846
3006424,253.1391104295773
3006425,1.2359936795007302
3006426,4.615786902395204
3006427,102.58088319515576
3006428,47.818491798310404
3006429,404.377862621938
3006430,4.843094386500233
3006431,5.852094558394184
3006432,3.6035315541746837
3006433,2.5545335952001924
3006434,1.5727053053651279
3006435,1781.1690052293625
3006436,0.16342568941459568
3006437,181.14834490646106
3006438,5.671695802891902
3006439,895.8366470234382
3006440,342.03059770098014
3006441,235.82905388053342
3006442,73.2334422026988
3006443,77.74664846790756
3006444,3258.9552703257114
3006445,6.655602278756656
3006446,0.9200961285141129
3006447,17.257014523329754
3006448,17.277412132628967
3006449,0.2931415917095249
3006450,226.7964167238381
3006451,5.939963700084588
3006452,0.8999693568215903
3006453,4.958850234782899
3006454,39.536112924384696
3006455,1.65078996456439
3006456,133.57934449035056
3006457,195.88929889142972
3006458,1.4465482373563818
3006459,4.681129967810399
3006460,141.54063275438241
3006461,36.33673589185108
3006462,532.8776905935911
3006463,7.26927421715883
3006464,5.386574548098679
3006465,4.239252602797217
3006466,0.012568442671319444
3006467,0.6049637572647631
3006468,1672.2771178920293
3006469,0.0
3006470,186.47015921305
3006471,4.899768996641383
3006472,801.398035107225
3006473,257.50123227461137
3006474,171.96863412629608
3006475,119.62097689765812
3006476,59.82749385884846
3006477,2728.196522636207
3006478,4.107424137207647
3006479,0.48853320207322976
3006480,12.193919689659182
3006481,8.798435029158851
3006482,0.08763554824926323
3006483,179.21901164548385
3006484,0.27928252787697594
3006485,0.40969230151924735
3006486,2.271792342220835
3006487,47.59450817303252
3006488,0.9962624378277619
3006489,79.04419864303658
3006490,179.54799101301003
3006491,0.9189741975823325
3006492,3.18741777750279
3006493,89.33890542262128
3006494,36.062599023918786
3006495,384.08177364759274
3006496,0.22775955804920747
3006497,1.420281069801265
3006498,8.016262792149249
3006499,0.32387150904356243
3006500,3.900913555871939
3006501,3836.19064388578
3006502,0.28984676808939075
3006503,470.6890793949849
3006504,11.538776175012208
3006505,1443.5372346438107
3006506,830.7616902643891
3006507,483.6496961129402
3006508,199.74067499645906
3006509,175.68075983529192
3006510,5581.560024011666
3006511,10.490860887571984
3006512,1.00289373527277
3006513,27.52676811382316
3006514,30.181747736268782
3006515,0.4397864896208567
3006516,363.770841338258
3006517,2.6954692416053305
3006518,1.0059423021807605
3006519,10.772874031960416
3006520,84.4016354665098
3006521,2.3482553417718286
3006522,320.70123195339136
3006523,405.3070407751833
3006524,2.400037299608456
3006525,8.42229539571878
3006526,375.77233298724536
3006527,88.86021159300905
3006528,901.5652602777163
3006529,24.801750428973644
3006530,15.363801016086123
3006531,2.198308983618761
3006532,0.0
3006533,6.480875064413376
3006534,2702.903507948876
3006535,0.0
3006536,498.0493129916196
3006537,3.441243798340931
3006538,948.0906745733323
3006539,645.3656463810115
3006540,207.9470927844117
3006541,167.73522070712036
3006542,100.24910931791294
3006543,3391.420990683007
3006544,6.08824469810282
3006545,0.2563294202279204
3006546,8.074007638300095
3006547,19.782629260317044
3006548,0.0
3006549,186.82968458296298
3006550,4.2144758139699245
3006551,1.9940046487683631
3006552,7.907304551501803
3006553,87.21296203985241
3006554,1.4096628143657968
3006555,35.16688418544577
3006556,218.68445918826367
3006557,2.0009708388554586
3006558,3.908201121919308
3006559,168.64621606393266
3006560,15.657061031451843
3006561,520.9507718451182
3006562,38.087105520043814
3006563,14.541423254016735
3006564,6.75304755668292
3006565,0.21249038327236944
3006566,3.331763812416638
3006567,2967.528724603226
3006568,0.147213917176619
3006569,225.9178948196468
3006570,7.888603771716985
3006571,1061.3298138527502
3006572,400.1408342605745
3006573,279.1771665168248
3006574,68.46470904128695
3006575,74.34791888975738
3006576,4365.020509559567
3006577,8.134543529179455
3006578,0.9915459913164313
3006579,18.086731187484073
3006580,15.53046549317995
3006581,0.2835039798853738
3006582,211.89366082490892
3006583,5.837629638261452
3006584,0.9312903225503564
3006585,4.476749621278292
3006586,42.994444109467246
3006587,1.973139114545451
3006588,153.47625883915074
3006589,244.5522918058705
3006590,1.5472384254888278
3006591,5.694621459285778
3006592,152.59068450171026
3006593,39.24295412014844
3006594,484.9573610841219
3006595,13.615217943363833
3006596,6.473714915516343
3006597,7.455736731138464
3006598,0.33245578377849994
3006599,8.239712491815277
3006600,3334.6815661536666
3006601,0.3209325193350738
3006602,744.5248313246991
3006603,19.110859519519394
3006604,1106.2559711794459
3006605,1276.389536486059
3006606,330.24790761505596
3006607,245.317878148449
3006608,216.6627364950911
3006609,4793.284279253397
3006610,33.96789648737068
3006611,1.6431354363100148
3006612,25.918906172725652
3006613,26.61783094535055
3006614,0.6569600670901303
3006615,285.50734846840754
3006616,29.19269230455735
3006617,18.27024950636491
3006618,11.502802549570202
3006619,196.25353652410223
3006620,10.496680156852797
3006621,532.3566227958692
3006622,400.0829312904521
3006623,11.0685723721673
3006624,14.347762594910456
3006625,605.9726260414627
3006626,158.08065363339355
3006627,3350.768348960091
3006628,0.7922822233779685
3006629,31.457052666860577
3006630,9.878196232019787
3006631,0.4690470431877048
3006632,8.726427899109904
3006633,4034.588767227928
3006634,0.40826803783324184
3006635,634.7707464715903
3006636,13.388946630371631
3006637,1478.7763388850644
3006638,909.5482487934431
3006639,659.0901757202273
3006640,153.8717222068703
3006641,150.11713615452544
3006642,5858.000881110401
3006643,17.034490175489218
3006644,1.6303988943402103
3006645,30.057631328766472
3006646,24.243667484227167
3006647,0.7643403149531455
3006648,482.89818988977714
3006649,9.512446244400566
3006650,7.533738509253062
3006651,5.7903185764452605
3006652,86.92427637629459
3006653,3.5827827243603867
3006654,361.0703670135364
3006655,558.4418027464194
3006656,6.513406299767515
3006657,12.50499857043081
3006658,398.2568413913605
3006659,82.05557992017982
3006660,2317.699040890522
3006661,41.085235795926465
3006662,24.936441908887105
3006663,10.40589524621786
3006664,0.42593108531904633
3006665,5.631925667431708
3006666,3309.8639404003666
3006667,0.33123035217364616
3006668,487.9218631354272
3006669,8.132120472275142
3006670,1345.8634051500887
3006671,668.5825314069073
3006672,370.0818208294396
3006673,185.24220297321523
3006674,152.31497875445402
3006675,4483.2971956406
3006676,18.238792062912268
3006677,1.5306323682806986
3006678,31.892010816749654
3006679,31.48616722501385
3006680,0.6881986282806635
3006681,395.90289817352664
3006682,3.3465439967969144
3006683,3.397545402530745
3006684,8.673443184711727
3006685,143.3583210300573
3006686,2.2538851709994745
3006687,200.49320644046864
3006688,377.60482465143434
3006689,3.552332713483353
3006690,4.87624618311389
3006691,223.36057774510974
3006692,98.56794609959212
3006693,1589.3661840514042
3006694,1.221222797930748
3006695,14.324158217550648
3006696,5.479638882797568
3006697,0.2346350811764103
3006698,1.600050403070954
3006699,1366.754741637912
3006700,0.21708234710398241
3006701,188.0797175467318
3006702,7.551484899724212
3006703,720.948871105234
3006704,290.9462525915102
3006705,170.57820221412788
3006706,63.08902607615843
3006707,79.54896224445142
3006708,2264.649531003077
3006709,7.398979455513503
3006710,1.0643735353428514
3006711,21.6278039786824
3006712,17.06070867165795
3006713,0.47229024124266245
3006714,200.02991687374123
3006715,1.4874645752456588
3006716,1.2540441037128358
3006717,5.268730814577409
3006718,58.63589432083095
3006719,1.6247461216155812
3006720,115.06683341025197
3006721,168.60207871347833
3006722,1.8344670940970411
3006723,3.651465479773657
3006724,127.18556375974306
3006725,39.41134400648893
3006726,291.2159338259756
3006727,21.360589977074746
3006728,6.327392654351361
3006729,3.5492314148951727
3006730,0.10920906753064254
3006731,4.8222207895957006
3006732,1610.552046860872
3006733,0.13764415562949797
3006734,316.84964127840203
3006735,11.54641618569492
3006736,587.5374153812529
3006737,626.9471966254973
3006738,151.93781438245287
3006739,81.28619417697178
3006740,86.26329215524433
3006741,2428.8389824948936
3006742,17.69515643917394
3006743,0.706194000267339
3006744,11.926671690063435
3006745,19.162810396745034
3006746,0.31010703890206537
3006747,156.07665486858411
3006748,8.778440076727284
3006749,3.6568838796133836
3006750,3.687114957616755
3006751,117.03707320664863
3006752,4.146363068994451
3006753,433.3919803017131
3006754,166.54335700931347
3006755,3.512279500628598
3006756,6.210386036359242
3006757,346.74651871958105
3006758,55.8884681460546
3006759,1278.7043913209905
3006760,0.4094678952887081
3006761,11.882193185575241
3006762,5.911104106804847
3006763,0.3878272577458299
3006764,8.742063504317237
3006765,4158.319235085101
3006766,0.43583622718497234
3006767,867.1706827633486
3006768,21.359169642498877
3006769,1300.6444528729148
3006770,1671.8637645750591
3006771,347.2467911687001
3006772,224.335519766866
3006773,194.08061921100085
3006774,4907.171661008197
3006775,30.339812176781553
3006776,1.5635447971537213
3006777,30.232892840987606
3006778,47.267167704184146
3006779,0.6817238146580662
3006780,326.61866329851955
3006781,17.280294745257088
3006782,34.650325237597116
3006783,7.455588248968256
3006784,221.20066916555672
3006785,14.260951509347272
3006786,366.46701373535404
3006787,366.98956327884434
3006788,18.057447271698358
3006789,16.678460229295492
3006790,449.86449331501984
3006791,143.07999782991226
3006792,3194.3153595349654
3006793,1.32694328435635
3006794,30.22585204724957
3006795,2.500762819489171
3006796,0.0
3006797,4.774317786604015
3006798,1952.055243464575
3006799,0.0017026537523673166
3006800,320.6074829861369
3006801,6.226001801321951
3006802,583.2087555964247
3006803,527.3985079741299
3006804,143.5094809445695
3006805,56.42232701315386
3006806,51.44274030789671
3006807,2217.2438407931427
3006808,8.61393247957628
3006809,0.6280805769693653
3006810,11.494263976409973
3006811,20.6285662937861
3006812,0.1106022968711707
3006813,143.06767037018537
3006814,0.8866599509178024
3006815,14.962103026481643
3006816,2.7873914395179504
3006817,262.1787594691769
3006818,4.241732753999446
3006819,90.58376531033475
3006820,155.8580192911832
3006821,4.228448441788348
3006822,4.347053545907442
3006823,71.38479078338048
3006824,32.5972001388854
3006825,1193.4852690752068
3006826,0.3825892374735923
3006827,2.4075463564223805
3006828,3.8995387769920042
3006829,0.13594869780299115
3006830,2.548518334926229
3006831,1097.153050896603
3006832,0.15450340889033554
3006833,232.45998374733773
3006834,6.425985861888972
3006835,433.6044891607829
3006836,282.1227992111379
3006837,106.16354822459303
3006838,56.24716577864513
3006839,40.403211979227635
3006840,1719.7373658352356
3006841,4.642777475982902
3006842,0.737852538590567
3006843,8.906007362253607
3006844,8.251376674238776
3006845,0.2578015750530915
3006846,92.37439396341841
3006847,1.1475708796253976
3006848,3.5457633098666452
3006849,2.540159930859211
3006850,65.8903255504565
3006851,1.4835745867544792
3006852,216.32854231274226
3006853,141.0993260813794
3006854,1.841389605323746
3006855,6.377620494870012
3006856,165.43799382619824
3006857,22.902469504467916
3006858,535.9139055669639
3006859,0.4784796655678137
3006860,2.5886214175311477
3006861,8.355544018774308
3006862,0.35169905817969993
3006863,10.336633978082048
3006864,3595.4921158651123
3006865,0.3898838417097361
3006866,777.9846735561732
3006867,19.599649455783872
3006868,1101.0687412444745
3006869,1165.015799305517
3006870,350.8935320948811
3006871,296.99535096178045
3006872,217.96998555483424
3006873,4265.492842915679
3006874,28.680321292725903
3006875,1.7829982888590146
3006876,22.074266291555055
3006877,33.591198081408294
3006878,0.7062909283405037
3006879,320.94275693189667
3006880,10.825236440843877
3006881,35.76776475687745
3006882,6.5378178195115995
3006883,362.3152189165751
3006884,9.561861187913145
3006885,399.7720299424843
3006886,374.84684448433273
3006887,13.879747984463334
3006888,16.284675619969782
3006889,505.2836212801622
3006890,132.70648476119737
3006891,3260.890571805364
3006892,1.2333315183940177
3006893,21.195855845676185
3006894,8.433203143322618
3006895,0.22133893574314725
3006896,4.072801804030714
3006897,3861.749356526584
3006898,0.24515954287550057
3006899,693.2652625434991
3006900,11.39951982109871
3006901,1443.0137757547777
3006902,920.8473029466685
3006903,439.3591581366996
3006904,249.5001267384581
3006905,187.55028670518323
3006906,5318.657080795454
3006907,9.598717770772087
3006908,1.2566601624531102
3006909,21.32947912777142
3006910,23.962496076964044
3006911,0.5177236380158885
3006912,350.6646429723287
3006913,0.7450728506278469
3006914,4.669371298917209
3006915,5.752094515210937
3006916,235.40288288894607
3006917,2.3313934610992364
3006918,250.043386824804
3006919,414.98875440518196
3006920,4.209125838918178
3006921,6.88005968901756
3006922,270.5193333626302
3006923,83.0702759486303
3006924,1766.4877764463047
3006925,1.2787908234748755
3006926,11.667356414079691
3006927,7.864056788856306
3006928,0.31734274414113595
3006929,2.5617958676877692
3006930,3184.533798968694
3006931,0.2703834834856945
3006932,551.4542741479471
3006933,13.557356513184828
3006934,1236.6420364489857
3006935,758.506729805414
3006936,369.84435976809664
3006937,198.04927583638926
3006938,161.51274257800787
3006939,4118.083943514891
3006940,13.848949523972468
3006941,1.2838160148365767
3006942,28.34798476075674
3006943,29.229152936958894
3006944,0.5683415967022656
3006945,387.7354572904866
3006946,1.7231608713572155
3006947,3.4629856631344054
3006948,5.152980602392349
3006949,205.14100563525184
3006950,2.12197207380044
3006951,216.82819674261287
3006952,359.454505550763
3006953,4.010585334295443
3006954,9.225183237207219
3006955,237.43815406028324
3006956,77.51321438672952
3006957,2443.9144109962585
3006958,1.261618233784334
3006959,13.046580364864372
3006960,14.499009043194942
3006961,1.031020775513152
3006962,17.60228973665492
3006963,8954.910363592546
3006964,1.0472433215616326
3006965,1574.8764620595825
3006966,46.16367512637574
3006967,2379.643010985148
3006968,3292.378100427323
3006969,584.3689621969298
3006970,702.2296168684452
3006971,601.4445232455151
3006972,11250.802165218112
3006973,100.44525598556554
3006974,3.7416825767047004
3006975,67.75868734223354
3006976,80.55634775947809
3006977,1.7079987646064656
3006978,550.1123005318535
3006979,49.53174984772416
3006980,66.30771659210951
3006981,27.804845576641565
3006982,493.355814227236
3006983,24.94579126745079
3006984,1162.685606614039
3006985,702.5135868076981
3006986,26.323122644096564
3006987,33.308425737758554
3006988,1488.7673181338769
3006989,460.7571346345296
3006990,8873.2392321601
3006991,2.5250414654183
3006992,105.87673110917606
3006993,3.0536515567789393
3006994,0.043018314622816245
3006995,0.7089006579554864
3006996,1523.0521886399517
3006997,0.03154662695934098
3006998,167.35813466573669
3006999,4.311982529368271
3007000,576.7685469413199
3007001,259.132491418893
3007002,108.51763129590964
3007003,92.66255287074989
3007004,63.76310991268559
3007005,2018.7943098383853
3007006,2.8079539362343318
3007007,0.5550922925573736
3007008,9.442236556491338
3007009,6.855418402938939
3007010,0.16462463217979312
3007011,134.2225032893557
3007012,0.6790785343003731
3007013,0.5150786985349557
3007014,2.3776366963389406
3007015,64.54651873390607
3007016,1.075570205485568
3007017,66.37096721602394
3007018,131.3906936734632
3007019,1.2332392323695878
3007020,3.066801738415666
3007021,83.04080035216056
3007022,24.88632350588204
3007023,307.78003226222575
3007024,0.31117007599642815
3007025,4.402260136347321
3007026,9.839603270455939
3007027,0.4927075901920429
3007028,2.3934115990576523
3007029,3465.4142839988676
3007030,0.39806624990866163
3007031,519.3453724349291
3007032,12.337451522109632
3007033,1450.5168220671374
3007034,841.0788090060622
3007035,339.8957927427175
3007036,226.86795265852422
3007037,132.94372685741092
3007038,4993.525445664516
3007039,10.090430817776028
3007040,1.1453474203629035
3007041,21.008814674878685
3007042,22.260382829459026
3007043,0.5662469222624926
3007044,283.61608008077974
3007045,2.4865409730565577
3007046,2.0853496871782355
3007047,8.696487797241812
3007048,96.25035957267886
3007049,1.8600005585904114
3007050,307.56887987838184
3007051,396.1865631306928
3007052,2.2406938968528447
3007053,8.96471980728288
3007054,215.27399207068066
3007055,79.14259148837886
3007056,1234.474304814144
3007057,0.8701129151716382
3007058,9.819647294389615
3007059,2.1521179934273005
3007060,0.0
3007061,0.2808651727721145
3007062,1114.7705206369678
3007063,0.0
3007064,97.19324294753729
3007065,3.523723250340743
3007066,500.2018837823584
3007067,164.04702239100266
3007068,81.99341620759007
3007069,86.2855493565171
3007070,40.06484697290209
3007071,1861.710555303929
3007072,1.9781026266770434
3007073,0.338297411904618
3007074,6.789907605570068
3007075,4.947871515587163
3007076,0.02627432416150023
3007077,86.28828813709441
3007078,0.04936806901061408
3007079,0.2636094794381599
3007080,1.5127678726939273
3007081,70.14719354520632
3007082,0.5475110114864946
3007083,57.92998369504443
3007084,117.25702885686687
3007085,0.6530371649288473
3007086,2.0229909432843627
3007087,61.141228976398104
3007088,15.730278511265308
3007089,216.2936548520318
3007090,0.10587479336626257
3007091,0.8292408829276152
3007092,7.4705224476251875
3007093,0.2561747803427653
3007094,1.1730069954288742
3007095,2208.281945574281
3007096,0.20562397485548864
3007097,292.57372610233256
3007098,7.941942123463223
3007099,961.0775522494777
3007100,478.7560308681842
3007101,240.49673910768067
3007102,136.37245785732293
3007103,98.41599394599072
3007104,3329.3229118577947
3007105,3.8597587706046164
3007106,0.7497001390562789
3007107,19.687424919408183
3007108,17.583619678058295
3007109,0.3019053841997983
3007110,230.4361353134894
3007111,0.6611003216439341
3007112,0.6205032897170486
3007113,6.19083661751463
3007114,82.8051056919249
3007115,1.496680031558169
3007116,223.3406645193994
3007117,261.75205894484077
3007118,1.5421479617048846
3007119,4.982815055366401
3007120,209.26997516507907
3007121,45.36752952510943
3007122,1014.684446038575
3007123,0.5410220062836316
3007124,4.081841448058856
3007125,5.057515915540696
3007126,0.4082007061464905
3007127,2.995669808082162
3007128,3093.9480968187063
3007129,0.33547922696662774
3007130,509.4713412595657
3007131,9.084370252541605
3007132,1105.4372038499957
3007133,730.4133103279441
3007134,247.43870333829153
3007135,118.85479192151004
3007136,114.46705016625413
3007137,4359.98726170456
3007138,6.422183857874459
3007139,1.4025558782558278
3007140,26.0399087905532
3007141,26.96101653486883
3007142,0.5994741096888956
3007143,253.05165856327622
3007144,4.098680632611034
3007145,3.2079125890989095
3007146,6.049052569184052
3007147,96.388028725259
3007148,3.4921708454822555
3007149,198.72615499601326
3007150,293.722589871113
3007151,4.164637222767048
3007152,6.870900483546684
3007153,187.27601098555888
3007154,50.181065913123525
3007155,607.8398777240761
3007156,1.7811222959672106
3007157,6.273526539958114
3007158,3.4017635452231443
3007159,0.0
3007160,0.4124489038782219
3007161,1684.4068714087964
3007162,0.0
3007163,123.62786763858756
3007164,3.622251234090623
3007165,603.7302118319094
3007166,224.28701651615293
3007167,97.48118516920115
3007168,112.94863996535204
3007169,77.81359845555097
3007170,2262.3545722966574
3007171,2.807844650083079
3007172,0.3684476967922959
3007173,7.367703194049009
3007174,5.986078221540762
3007175,0.03962388341669915
3007176,128.8231652626487
3007177,0.217310170568222
3007178,0.4950657777575234
3007179,1.4473666382371362
3007180,109.07722190057041
3007181,0.6731121713899376
3007182,109.23392486258095
3007183,121.78155372449363
3007184,0.7314770063108733
3007185,2.2845285928747288
3007186,67.70394103726761
3007187,20.736658796155623
3007188,267.3059322610455
3007189,0.19134736121241805
3007190,2.3049131862799395
3007191,4.605322992808818
3007192,0.11612644035642919
3007193,1.326764042772572
3007194,3323.070714034709
3007195,0.14718303140184594
3007196,480.32549146990203
3007197,7.095915746647237
3007198,1109.755816672377
3007199,708.4369316355253
3007200,244.0682346509589
3007201,129.67607996399929
3007202,186.90870812155327
3007203,4408.908699922885
3007204,7.556079907561756
3007205,0.7503704225501735
3007206,19.297293677336267
3007207,16.60042818412783
3007208,0.31643288911776624
3007209,255.72989125895535
3007210,0.5260608573616397
3007211,10.077522073359571
3007212,2.4856540838062715
3007213,166.14802357908832
3007214,1.9307397585828212
3007215,201.17455332284283
3007216,268.900445414499
3007217,3.1141257880339785
3007218,4.673397829681713
3007219,180.28266131588765
3007220,72.01811598156195
3007221,1440.6543367119273
3007222,0.901197670893024
3007223,1.4331924612027915
3007224,4.981922627760714
3007225,0.20477960964740743
3007226,7.8141021937368835
3007227,2792.980783471479
3007228,0.21982683028760594
3007229,593.3211594678712
3007230,13.932322502807814
3007231,1009.7414775564846
3007232,1097.2704236876652
3007233,233.2655167118701
3007234,197.1726658053684
3007235,193.43134575106222
3007236,3800.6996868641418
3007237,38.215766560655375
3007238,1.4795367422709726
3007239,28.343130331328883
3007240,21.611246925018595
3007241,0.4882312165029228
3007242,315.94382665304704
3007243,19.217023861009334
3007244,26.913235528233034
3007245,5.030567797139769
3007246,226.60928308721142
3007247,11.80954114250377
3007248,287.74102168845906
3007249,303.56495519513646
3007250,13.544518549661811
3007251,12.942997682372097
3007252,308.39231112204686
3007253,135.041621251192
3007254,3006.179643270534
3007255,0.8794329737437037
3007256,15.212701187031636
3007257,8.648328276934752
3007258,0.3270577899119868
3007259,10.773330298495464
3007260,3084.5136769653172
3007261,0.31211188866633505
3007262,646.4794383134129
3007263,18.222400068239455
3007264,1341.1352450762606
3007265,1155.7421285089004
3007266,278.8024490502035
3007267,175.98885440995934
3007268,224.1727556708179
3007269,4241.695861596676
3007270,29.690750302352708
3007271,1.8478557892445346
3007272,34.505525425642766
3007273,28.608964790053484
3007274,0.5922151489295255
3007275,371.2297647658114
3007276,24.955906784742716
3007277,17.57006716435362
3007278,9.905167328427375
3007279,184.66042632890114
3007280,11.388460906819414
3007281,239.74074661724268
3007282,389.9294728971995
3007283,11.213569646197367
3007284,14.601946237637577
3007285,233.22839650189866
3007286,146.14494852212522
3007287,2605.9786188467783
3007288,0.9060943333152537
3007289,20.34649959586625
3007290,10.051286664162275
3007291,0.4287209819797564
3007292,6.966363693574621
3007293,4141.9035523072525
3007294,0.3369607999166314
3007295,734.6504152392506
3007296,14.390986505071957
3007297,1507.0025073185984
3007298,988.5134699671942
3007299,304.45734673697325
3007300,262.08358981848846
3007301,179.5505690905358
3007302,5612.326503301549
3007303,27.424285550744433
3007304,1.6931396611261764
3007305,30.10333243853396
3007306,27.66533975166008
3007307,0.6177838348407134
3007308,396.3684600514968
3007309,9.128571635117682
3007310,15.061740305098043
3007311,11.20377565634493
3007312,148.46152180935414
3007313,4.803608202156072
3007314,210.30256490977024
3007315,363.12498182219247
3007316,7.257498574797976
3007317,12.001703527847164
3007318,235.56394192814355
3007319,107.98422412417642
3007320,1635.9774141486998
3007321,19.36566384157478
3007322,19.638807838616607
3007323,5.404363792157946
3007324,0.27482426869197435
3007325,6.974271364032817
3007326,3249.9200903697183
3007327,0.2880872121398682
3007328,536.5800596891144
3007329,14.671486664658724
3007330,1057.4499487948588
3007331,1097.51593225171
3007332,329.97397560928704
3007333,182.607613116076
3007334,195.1051665296049
3007335,4172.9640753826425
3007336,22.320497648341423
3007337,1.4082279677390377
3007338,19.107348747203858
3007339,17.15993736412675
3007340,0.5398658528931013
3007341,251.25548899170525
3007342,22.893925063151755
3007343,20.197252892998886
3007344,4.508609107179618
3007345,188.84253017391745
3007346,9.321221092020401
3007347,452.1397206441697
3007348,370.18320823422107
3007349,11.056936258134767
3007350,12.62141047752507
3007351,525.5968918404288
3007352,129.67610071416465
3007353,3179.921577367826
3007354,0.8761436854729251
3007355,22.71092406609153
3007356,5.785748381081224
3007357,0.2881647601464782
3007358,2.5854479679483746
3007359,4939.0905400881875
3007360,0.24757663255162693
3007361,415.25794575723546
3007362,12.15489347255912
3007363,1873.4010795220115
3007364,604.125652247121
3007365,292.55317773954636
3007366,149.73237648019725
3007367,116.6596876502979
3007368,5858.20444581968
3007369,9.971875737780065
3007370,0.9315056877303662
3007371,22.247823618848408
3007372,29.80419935758048
3007373,0.36689298388654396
3007374,367.2832362130207
3007375,1.120429679979774
3007376,0.8976999023018203
3007377,5.726007593339581
3007378,106.5259579384879
3007379,1.7800823444408778
3007380,145.7641244666102
3007381,318.2033981037944
3007382,2.1545352857037
3007383,6.529093992179829
3007384,182.71446400362404
3007385,69.09771179006674
3007386,1113.1578206154559
3007387,0.5324761810482076
3007388,7.209981056623593
3007389,6.562173225928903
3007390,0.2977650481667384
3007391,8.526935568281422
3007392,2731.5524867056592
3007393,0.30897234849214333
3007394,564.6533414039676
3007395,15.977507997407754
3007396,1222.9268624022716
3007397,911.9415332883327
3007398,303.1299040801232
3007399,158.70848399834352
3007400,194.08762100660743
3007401,3926.550906816164
3007402,27.78799993097307
3007403,1.3505172747458167
3007404,31.2412878950818
3007405,24.2316701103421
3007406,0.5202141375999485
3007407,337.46994953838873
3007408,13.498425201198234
3007409,21.41070214393484
3007410,6.707339967005857
3007411,197.01148802748705
3007412,11.22172316129853
3007413,210.70074722325452
3007414,357.1889000739322
3007415,12.119547276139865
3007416,11.897352634377201
3007417,222.70377228293276
3007418,91.09334084812446
3007419,2461.2777491749366
3007420,1.038537367364134
3007421,9.303286583598954
3007422,7.615740320280456
3007423,0.4785609302052282
3007424,9.732180756207692
3007425,2725.4765168839963
3007426,0.4731405245544048
3007427,605.1669675796904
3007428,10.895368109779803
3007429,977.8721508030637
3007430,976.8854515186734
3007431,295.4122784056225
3007432,166.82280715367125
3007433,180.0602278877631
3007434,3647.213505198096
3007435,35.27299104455935
3007436,1.6827684297491714
3007437,25.917339329411167
3007438,27.113280402876512
3007439,0.8315173055629718
3007440,311.19499579022937
3007441,10.559593839987963
3007442,25.631986721257828
3007443,11.184078154802874
3007444,211.57266056112914
3007445,6.3557782300812455
3007446,259.7417533688815
3007447,347.97754482859943
3007448,9.337193586079811
3007449,7.502624410179371
3007450,319.73207500109027
3007451,122.72278111022202
3007452,3788.6406475267354
3007453,1.48782977108943
3007454,16.819452990271387
3007455,6.186041881087186
3007456,0.2947974874308648
3007457,2.9385706014212842
3007458,4401.324562584676
3007459,0.2792058707422236
3007460,424.75611917263313
3007461,7.904313082856471
3007462,1348.064785610099
3007463,616.6400131283739
3007464,314.69973715110257
3007465,165.16788189509944
3007466,106.92083753984932
3007467,5174.954737474367
3007468,5.433583773820588
3007469,0.9354737054741026
3007470,23.491147229438614
3007471,20.678293544169286
3007472,0.4248958654479516
3007473,283.72907920179057
3007474,0.5015703378756187
3007475,2.807111461028061
3007476,2.8992897831707296
3007477,137.69681326139738
3007478,2.5017094768100643
3007479,181.33224068786683
3007480,303.11262389562194
3007481,2.4713837625347685
3007482,5.0396467169446
3007483,196.1232796199684
3007484,61.25394556873353
3007485,798.8363667571931
3007486,1.1068832735282343
3007487,1.3164176758337878
3007488,20.8535137444878
3007489,0.8692371001333711
3007490,22.296232738812087
3007491,12034.935620586642
3007492,0.9681499832608688
3007493,2073.470814505124
3007494,47.97823793079973
3007495,3136.234131725069
3007496,3939.759099873676
3007497,939.8219930010926
3007498,849.3622394077848
3007499,703.2177250003281
3007500,13788.059414475327
3007501,107.50620883730693
3007502,3.601668560936146
3007503,104.5500606554838
3007504,132.74583467338613
3007505,1.638715265341176
3007506,811.7577579543095
3007507,96.6352421824043
3007508,48.325671087927056
3007509,37.90373048601679
3007510,669.2680848768514
3007511,26.665306633973785
3007512,1312.6518956349958
3007513,980.187676443196
3007514,37.906762760649535
3007515,42.37657078358591
3007516,1712.3219529320709
3007517,519.8358961109134
3007518,10233.376466524296
3007519,110.48081914622941
3007520,112.5857504436241
3007521,16.29556317002929
3007522,0.6718992566540718
3007523,19.095271551974623
3007524,9527.421316468299
3007525,0.7965283922436495
3007526,1665.5880155881623
3007527,47.67609459942214
3007528,2950.227714714112
3007529,3376.748152597103
3007530,925.5230124825022
3007531,611.0494956035886
3007532,664.5495791603282
3007533,12946.814275352906
3007534,103.0733007954594
3007535,2.2636014268296485
3007536,70.08336252925805
3007537,101.3067260048501
3007538,1.4350768936707412
3007539,677.2256106599116
3007540,73.11524849743272
3007541,56.06403060451597
3007542,16.837943360397674
3007543,498.2938206030625
3007544,23.75685129967914
3007545,1137.5722716785647
3007546,919.6775437452974
3007547,34.040677911432816
3007548,38.73184471865281
3007549,1655.1588678643234
3007550,437.9214299335317
3007551,8951.604716771195
3007552,96.39072259108829
3007553,94.88103489776867
3007554,16.876862956632234
3007555,0.6085797481793124
3007556,22.42186483793442
3007557,7071.661250623067
3007558,0.6849236646741803
3007559,1310.5157977587107
3007560,32.012076686986134
3007561,2848.3024899543343
3007562,2546.785355763482
3007563,1041.9192669882282
3007564,323.42318997384325
3007565,393.3099416792288
3007566,11851.529850905461
3007567,62.502996658576464
3007568,2.2131476827480094
3007569,47.97575348775932
3007570,64.11756127077717
3007571,1.2030415183114462
3007572,701.0370164156895
3007573,78.78265080219535
3007574,27.442267947476633
3007575,15.213824012658815
3007576,293.7803715936295
3007577,17.199546597260092
3007578,1267.048850765339
3007579,1030.981611559972
3007580,26.952099849828937
3007581,37.267604603395476
3007582,1364.6739440220695
3007583,251.3018384623466
3007584,4140.714393925526
3007585,97.6585398822167
3007586,53.24754202860375
3007587,16.594388310557985
3007588,0.646911278638848
3007589,22.376068514859302
3007590,9137.506440270556
3007591,0.7621813305980923
3007592,1662.2984138224717
3007593,41.344030656676736
3007594,2880.876973790117
3007595,3295.10787372001
3007596,890.7997439404596
3007597,535.6806238080126
3007598,544.2630261389526
3007599,12794.805407382568
3007600,90.88381147905955
3007601,2.4462664725148335
3007602,77.37970684096888
3007603,98.07391853685222
3007604,1.3946067088067815
3007605,702.5101736474105
3007606,78.8308114257105
3007607,48.32547601749683
3007608,21.198535895637463
3007609,409.53116484591345
3007610,21.276744664360756
3007611,1227.320232377247
3007612,951.8854849966475
3007613,32.327362331877694
3007614,36.767400378036854
3007615,1537.157324778128
3007616,368.34029958178996
3007617,6474.432223603522
3007618,90.13646489438489
3007619,84.8204841160085
3007620,13.334559930931048
3007621,0.4083421186597077
3007622,15.038733907160912
3007623,5971.523893889633
3007624,0.46192654921472587
3007625,1163.1327222941393
3007626,29.601345473417076
3007627,2685.731514118254
3007628,2036.6869407338095
3007629,916.036944478143
3007630,252.17567696804574
3007631,298.41583926445225
3007632,10357.810071111337
3007633,52.46168377166923
3007634,1.7520278664633753
3007635,46.479693563637184
3007636,50.80564473028722
3007637,0.842734847593303
3007638,569.773543352894
3007639,60.46265821602651
3007640,15.374743891766823
3007641,13.835872106122608
3007642,279.2177911289113
3007643,10.89152071481103
3007644,1062.8520784611728
3007645,943.3217383115259
3007646,19.615252456152867
3007647,32.642965861326545
3007648,1111.7271911157397
3007649,185.3602218722918
3007650,3195.920038008785
3007651,103.52325720529205
3007652,33.50285012655711
3007653,14.149824525480662
3007654,0.4612776511407025
3007655,16.101248276035854
3007656,8791.812992939344
3007657,0.5698615165858227
3007658,1497.4819562480411
3007659,42.59205353347136
3007660,2185.853510430339
3007661,3091.080977560688
3007662,592.4678921324218
3007663,560.2606760618555
3007664,572.9733451473902
3007665,10344.893274808463
3007666,83.11854703053496
3007667,2.04964188733259
3007668,60.931422414407095
3007669,61.056309887322854
3007670,1.1245088345602126
3007671,561.297398962442
3007672,36.65520574673465
3007673,51.179295671197686
3007674,15.101459274795038
3007675,459.3578853647385
3007676,21.714830849420462
3007677,924.6575953360997
3007678,667.035014480614
3007679,29.46557920756948
3007680,35.478895816189606
3007681,1145.9408674441459
3007682,378.6167517550656
3007683,8350.351031110926
3007684,77.82815690217606
3007685,81.78967927642151
3007686,7.289731761825336
3007687,0.31697044897211313
3007688,8.095770906714534
3007689,1984.9475250810806
3007690,0.31651079897110945
3007691,371.395434076599
3007692,21.44375350171192
3007693,849.6772987061343
3007694,659.2474522471457
3007695,253.26525364672722
3007696,138.09724739425457
3007697,145.644030903618
3007698,3049.1669303860726
3007699,22.76872260628232
3007700,1.3128126774884399
3007701,22.269498288980397
3007702,28.168164258088783
3007703,0.5915377561226829
3007704,233.85690600578442
3007705,13.410833435727639
3007706,7.1628840727425445
3007707,10.74172001890961
3007708,133.65903874418092
3007709,7.313838645195435
3007710,308.0124617854916
3007711,307.0534508732376
3007712,5.717168575754982
3007713,12.358805694387142
3007714,288.47291205196746
3007715,96.2737920648178
3007716,1523.1524979601309
3007717,0.7860035615953628
3007718,12.992949163352943
3007719,12.639854668633397
3007720,0.4723400537161244
3007721,13.730156498245943
3007722,4952.614572235546
3007723,0.46751794305228134
3007724,874.4628278117708
3007725,33.34288845133011
3007726,1809.0573054449815
3007727,1484.859970617816
3007728,625.8340612494978
3007729,198.09751350862496
3007730,251.86749404994993
3007731,7924.9391762265595
3007732,54.777879128027045
3007733,1.797132824891728
3007734,56.49439254360014
3007735,55.46100004630697
3007736,0.8217242230624762
3007737,445.4273058767127
3007738,47.10029878986924
3007739,12.615181261340839
3007740,7.224599811914558
3007741,293.81724846617163
3007742,12.62665881135634
3007743,702.3101282226071
3007744,699.3948148103717
3007745,16.638201227531166
3007746,24.853614999892947
3007747,649.8818183952874
3007748,172.45144854227925
3007749,3043.3035991883835
3007750,86.82597681969607
3007751,30.29149614650207
3007752,9.408609178979951
3007753,0.3605966007307257
3007754,10.32470043849648
3007755,5092.054841559104
3007756,0.464806723581612
3007757,1032.9216270397071
3007758,21.53868189483213
3007759,1420.9179493125364
3007760,1991.8536711301836
3007761,384.08975991401644
3007762,388.45410376599364
3007763,361.2266918821747
3007764,6416.97161404329
3007765,31.471591484018916
3007766,1.8191357395837953
3007767,33.563712039430186
3007768,42.94072009626467
3007769,0.9526042853988566
3007770,386.3364110617913
3007771,6.726330185447371
3007772,35.0630631733589
3007773,6.080106833552542
3007774,361.01758727536674
3007775,15.049732249333104
3007776,726.496908412437
3007777,430.95874571970666
3007778,19.755579800972278
3007779,19.654856986753966
3007780,893.6352451523588
3007781,217.95410580266233
3007782,5867.602301594901
3007783,2.432360907967105
3007784,30.059652516436405
3007785,9.098895547371411
3007786,1.1460092003281448
3007787,9.641070451649918
3007788,3823.475824866065
3007789,1.1594840705102099
3007790,964.2965986103337
3007791,18.133427521323387
3007792,1341.2215900770107
3007793,1714.7668991115806
3007794,605.3906536546737
3007795,268.1066514553633
3007796,253.4451828970829
3007797,6990.387613250226
3007798,14.942567401803402
3007799,2.608358198273465
3007800,33.779412358069884
3007801,40.284024658278845
3007802,1.6643317354144276
3007803,275.50277234446065
3007804,6.838489012320703
3007805,10.463048373101348
3007806,7.61248478205134
3007807,421.0924983034665
3007808,5.89509560008621
3007809,453.59848133500014
3007810,668.5491021073609
3007811,7.063360120343469
3007812,10.022670810323461
3007813,425.1839291805459
3007814,184.78005668306554
3007815,3509.648591850535
3007816,2.402778160304111
3007817,9.754478545823984
3007818,8.47122903855872
3007819,0.3113747827728121
3007820,6.78532701155118
3007821,2484.746996012447
3007822,0.28046151623899557
3007823,517.6758780494417
3007824,13.86292431441067
3007825,1058.1468243405545
3007826,755.2392173392096
3007827,304.20519047956304
3007828,148.4962446996732
3007829,165.79992329642093
3007830,3412.617043741818
3007831,22.449510335245616
3007832,1.4910443287105546
3007833,26.000253744667347
3007834,34.00418453834433
3007835,0.5140371678541545
3007836,375.0509716042659
3007837,5.754770010786341
3007838,7.501034273118065
3007839,5.517838703156537
3007840,213.719896651084
3007841,5.8644992622208
3007842,254.8790197438433
3007843,316.25365762141286
3007844,7.241132411266471
3007845,9.834088456211017
3007846,280.88133227544057
3007847,101.88659735170387
3007848,2880.3772407534707
3007849,1.160734614551525
3007850,7.9670571075812155
3007851,4.9949118135197965
3007852,0.10791592316246139
3007853,0.8137820848112688
3007854,2350.5621532714813
3007855,0.049844424103768784
3007856,245.30099701848823
3007857,4.931183712131202
3007858,1029.4812257564918
3007859,339.62328698814014
3007860,213.39588592481306
3007861,84.7109600555737
3007862,66.258160090622
3007863,3639.996958772151
3007864,6.343895065210334
3007865,0.6152838926516284
3007866,15.136331261105175
3007867,11.479437711145499
3007868,0.17061398653694482
3007869,234.59644094882373
3007870,0.6015515002409181
3007871,0.48613142844982926
3007872,2.9130307728348166
3007873,43.39836789402977
3007874,0.9884457728783287
3007875,72.27101475750615
3007876,206.67778943628315
3007877,0.8446846649376808
3007878,3.4934629114360383
3007879,71.38840750376391
3007880,38.490701680093196
3007881,342.72632325615086
3007882,0.32986687620606614
3007883,2.7370693710637584
3007884,7.936528366944582
3007885,0.23585113775311106
3007886,9.008075564347815
3007887,4157.312181368996
3007888,0.27308726881046297
3007889,739.878117251664
3007890,22.193629196867388
3007891,1390.5630281954438
3007892,1435.2625568658646
3007893,435.48989285604097
3007894,282.4590116294317
3007895,274.5185176563752
3007896,5762.89302214386
3007897,42.868653809878055
3007898,1.3792624408110574
3007899,36.99212303252658
3007900,51.83473296095579
3007901,0.5571435841569458
3007902,364.48490971186266
3007903,29.374794488081193
3007904,18.56075220915412
3007905,12.494276158447905
3007906,205.05392927259888
3007907,9.1861301594729
3007908,621.2618385383522
3007909,466.21968215264855
3007910,10.889486186450853
3007911,16.28836487165995
3007912,762.2071164123657
3007913,177.56862231990218
3007914,3565.665669365754
3007915,0.7152977541481537
3007916,41.17695021670397
3007917,5.836043052126222
3007918,0.24389729563486331
3007919,7.060193143731871
3007920,4964.387449633221
3007921,0.32440748756750803
3007922,771.3088024343731
3007923,20.259390658762417
3007924,1078.346569045576
3007925,1471.919336073463
3007926,273.58405331948677
3007927,332.0773894834199
3007928,303.21827100458466
3007929,4729.207659928057
3007930,36.667563946658696
3007931,1.6466852746269047
3007932,24.25167382388552
3007933,31.574740788619835
3007934,0.6630790217152551
3007935,240.8785241062683
3007936,14.261900102312582
3007937,42.716864375942706
3007938,10.081219909933756
3007939,394.58433657156957
3007940,13.090023843614482
3007941,565.4557200128789
3007942,314.565883573556
3007943,13.01482465389483
3007944,16.583409636349277
3007945,650.9426161615405
3007946,200.6335340609994
3007947,4801.586601499296
3007948,0.902133948272013
3007949,38.62002328415647
3007950,9.61926837619827
3007951,0.6447365916854639
3007952,12.90503575968723
3007953,5035.827115508163
3007954,0.6923139499838342
3007955,1033.1405825531015
3007956,31.32336128004047
3007957,1559.6077412808775
3007958,1962.3147908931464
3007959,428.9002458474814
3007960,412.7073645711055
3007961,298.68052642991313
3007962,6813.63215579039
3007963,55.11798801149507
3007964,2.71724761593462
3007965,45.26874652158607
3007966,55.455795858789116
3007967,1.1557053880481862
3007968,435.49494038163874
3007969,40.641456384358285
3007970,40.00025009979166
3007971,20.82520718960499
3007972,318.110244892359
3007973,18.997137852869628
3007974,634.899631891047
3007975,482.3661321222381
3007976,21.059513830077634
3007977,25.741486780208596
3007978,753.6023259174315
3007979,256.00331594306226
3007980,5091.294391252441
3007981,1.5700877140503782
3007982,57.5019168822791
3007983,12.986413828632683
3007984,0.47264022998299426
3007985,8.237706822073472
3007986,5176.880556144269
3007987,0.4166310873313913
3007988,694.093576658286
3007989,18.718810013399036
3007990,2145.6135422601183
3007991,1132.5636797728155
3007992,636.277255413375
3007993,204.33801115723713
3007994,174.837005744097
3007995,7344.576043910482
3007996,15.545312216787657
3007997,1.770231312391983
3007998,33.893125859125064
3007999,41.512806652846294
3008000,0.738060664794721
3008001,482.0537713924689
3008002,15.245722738091457
3008003,6.161087737616972
3008004,10.028433336655855
3008005,135.01249303590072
3008006,5.33047759784835
3008007,374.34323163729607
3008008,582.7932830482392
3008009,7.210198536404779
3008010,16.00275311151862
3008011,548.7151218050194
3008012,111.1450368717018
3008013,1442.0376709302814
3008014,37.96682368900254
3008015,21.156636105605557
3008016,1.8831728615832874
3008017,0.0
3008018,3.4604006241949703
3008019,1033.9333064705
3008020,0.0
3008021,225.43975764869776
3008022,6.539373966831369
3008023,309.0853339895302
3008024,476.0835644770059
3008025,89.46436425658275
3008026,90.75870108891593
3008027,72.26521399659615
3008028,1523.4158164155817
3008029,11.836372678857463
3008030,0.6217219026086049
3008031,8.147555729078478
3008032,12.514143599918336
3008033,0.04411389520188453
3008034,106.14546584473261
3008035,8.720074629782768
3008036,9.97594638240618
3008037,2.0331472784236877
3008038,55.19934345772417
3008039,5.3199919369032305
3008040,157.4881368279823
3008041,99.68650137948174
3008042,4.846974089750426
3008043,6.366698829807484
3008044,168.45892658777245
3008045,55.98149634433499
3008046,1237.3389447910686
3008047,0.13224412248664466
3008048,13.627824294727423
3008049,3.0800508726887275
3008050,0.07507877300268292
3008051,0.9224624353266396
3008052,1692.1204718039405
3008053,0.02221963693439465
3008054,174.59410770035853
3008055,3.2425974808393114
3008056,827.2012845677457
3008057,319.09107583650757
3008058,221.10754032267977
3008059,56.59509550221164
3008060,31.944456473832336
3008061,2824.8780021104267
3008062,4.555422565468476
3008063,0.4569721636171985
3008064,7.4679527045017355
3008065,7.132066605597274
3008066,0.09450838583950781
3008067,183.15281238053717
3008068,1.9367684759215629
3008069,0.4360623838095083
3008070,2.0241661944202365
3008071,8.697646179608306
3008072,0.9332998665108287
3008073,156.53599621269205
3008074,197.23401737844614
3008075,0.971189753323754
3008076,3.2765243412702123
3008077,148.7234077114586
3008078,20.800960560795495
3008079,285.90292785943194
3008080,8.418154696300663
3008081,2.4556723333884687
3008082,10.086210707412654
3008083,0.4265585662980953
3008084,5.083556229549908
3008085,6181.783989148324
3008086,0.35948515934003544
3008087,961.4576317145682
3008088,16.747375434931772
3008089,2385.9330108839176
3008090,1059.7866357673734
3008091,593.009818454877
3008092,157.10669116902835
3008093,110.85790992368493
3008094,8001.410066848479
3008095,28.779571785571946
3008096,1.4208542034163638
3008097,26.475471305933432
3008098,27.976207494339093
3008099,0.7064805024457936
3008100,497.3594240001257
3008101,11.25330243319656
3008102,3.4361270709726357
3008103,9.595166841545662
3008104,41.52959347810362
3008105,3.5789001578701236
3008106,661.295758404557
3008107,578.4833531167983
3008108,3.471117854713128
3008109,14.969636737425867
3008110,581.2061510869123
3008111,75.10991215592087
3008112,1040.127598526909
3008113,55.1755793378833
3008114,10.554565093895693
3008115,5.927217987214961
3008116,0.1842091282365476
3008117,1.0826535318922783
3008118,2297.4573165275056
3008119,0.1688097160701254
3008120,276.97810964918926
3008121,7.946170412537919
3008122,867.456268621677
3008123,460.9699212019158
3008124,230.63336738795076
3008125,75.04406432309008
3008126,35.84676429029942
3008127,3248.574620505221
3008128,8.841162592681652
3008129,0.785994976439601
3008130,11.752769900843262
3008131,16.267084491200208
3008132,0.28789240235350827
3008133,203.43487978742345
3008134,1.5095023346563456
3008135,0.631297716957691
3008136,9.450742301093817
3008137,38.25886287561618
3008138,1.5588367188693228
3008139,130.83575179808432
3008140,207.39633243217423
3008141,1.5325491800423734
3008142,5.463508557290275
3008143,140.9765446758783
3008144,29.701945123006407
3008145,387.6703781502862
3008146,3.5746125194007665
3008147,2.632391986907767
3008148,4.502546401645883
3008149,0.0
3008150,2.171991696033352
3008151,1900.5245944627973
3008152,0.0
3008153,173.54824510008655
3008154,4.522263667099995
3008155,770.5586640307323
3008156,296.1085156390801
3008157,145.67308305232126
3008158,57.8597001766972
3008159,27.74999117609798
3008160,2929.801871925335
3008161,7.071566211548054
3008162,0.41365919583288957
3008163,9.658386035232079
3008164,11.404987401226167
3008165,0.07012880611053543
3008166,155.96898463722158
3008167,2.4621050359889307
3008168,0.3269168968355689
3008169,2.487616108638592
3008170,20.319162652449112
3008171,0.9592896419076989
3008172,118.31348020174636
3008173,168.11681117306435
3008174,0.7955435042398677
3008175,3.5020259608908
3008176,111.56262176864148
3008177,24.941531385917823
3008178,191.46540452444287
3008179,6.1455635154270025
3008180,1.8073451804248868
3008181,3.910875027999565
3008182,0.05826894928087251
3008183,0.7570028022100113
3008184,1817.4365469812824
3008185,0.0295524809209197
3008186,225.9520880462782
3008187,5.705094852232076
3008188,940.225602342979
3008189,420.57526020534414
3008190,243.14022474622138
3008191,58.849182182536666
3008192,38.67808931681074
3008193,3060.3284346363844
3008194,6.285911178822463
3008195,0.37687859762206577
3008196,12.399001073213514
3008197,13.232937795345
3008198,0.12745458043922686
3008199,252.11840674040846
3008200,0.813574206712613
3008201,0.42629306945423084
3008202,2.763941195184551
3008203,20.781518338572667
3008204,1.223773000031172
3008205,170.9601178557422
3008206,224.85690441917126
3008207,1.0651665894094766
3008208,4.142090162978154
3008209,92.88315086794537
3008210,40.372207603338055
3008211,384.2798658381644
3008212,7.2253767597356635
3008213,2.937132190475595
3008214,5.128662483498816
3008215,0.205861458396806
3008216,1.4461002400647165
3008217,1925.9182257666903
3008218,0.09193338392208647
3008219,210.90064965928042
3008220,4.709278554507186
3008221,900.7295011024529
3008222,369.80503260589757
3008223,235.34128159544517
3008224,74.32652735285839
3008225,46.40054049004085
3008226,3108.431031652067
3008227,6.761288887113224
3008228,0.821370157805116
3008229,14.685498642898676
3008230,18.92717476045391
3008231,0.2343168948253442
3008232,226.04208626844823
3008233,5.643648088562319
3008234,0.7416925272176788
3008235,3.2948444097825647
3008236,11.955321303544974
3008237,1.4931502746770926
3008238,126.54849791769074
3008239,189.50262840988842
3008240,1.3137093066990722
3008241,4.3991006115539175
3008242,132.4211076297877
3008243,33.6800687173685
3008244,501.0889082914517
3008245,13.016430888935005
3008246,4.37114236861162
3008247,4.398596469395519
3008248,0.0
3008249,2.1312739640784866
3008250,1964.3389117987742
3008251,0.0
3008252,275.3031428038501
3008253,4.526398735979216
3008254,937.8470798273648
3008255,302.72456806575923
3008256,228.88648391188065
3008257,149.1535902707048
3008258,39.68974293246268
3008259,3142.434333050708
3008260,7.131208575928591
3008261,0.5172612807640707
3008262,11.947147270004827
3008263,14.527886286204577
3008264,0.07259974716019649
3008265,227.61002458143042
3008266,0.31257065306588855
3008267,0.36214490755423784
3008268,2.340133963684189
3008269,32.32538206348786
3008270,0.9482898911015454
3008271,79.33506311376593
3008272,224.72108973504976
3008273,0.9756370895132691
3008274,3.5121147920458444
3008275,96.0951829345028
3008276,37.98373233851583
3008277,344.70545078281964
3008278,0.3215116492419744
3008279,1.701153962551847
3008280,8.563351469884608
3008281,0.3036240461290566
3008282,4.492449992691256
3008283,4417.934769140116
3008284,0.26564274999904847
3008285,651.1798830115722
3008286,10.510029165391202
3008287,1641.1808647486323
3008288,961.4221856989404
3008289,586.0747824180455
3008290,237.023761543376
3008291,109.3264736243722
3008292,6141.296781617264
3008293,18.70577551634828
3008294,1.1046230646707902
3008295,27.629277348663518
3008296,21.542171532084254
3008297,0.45211557904358335
3008298,439.0640492095286
3008299,2.952186981222398
3008300,0.938040145119518
3008301,11.499035773394128
3008302,51.93169299233271
3008303,2.385102341060439
3008304,328.4080721603037
3008305,490.71389573838565
3008306,2.6401420206758823
3008307,9.365630202463096
3008308,430.26820427441675
3008309,95.84419419788252
3008310,818.5834315083182
3008311,33.501773534950104
3008312,14.179302222245017
3008313,1.8091047566792011
3008314,0.0
3008315,7.267493779392182
3008316,2960.3624229590596
3008317,0.0
3008318,722.4431322575192
3008319,2.3900184696700713
3008320,1002.7146709559883
3008321,733.7129717579974
3008322,253.92148146303532
3008323,180.74044400425083
3008324,11.762100593768182
3008325,3754.7968921156908
3008326,20.108234409753603
3008327,0.10969028431424305
3008328,6.547635006708448
3008329,19.84172042413412
3008330,0.0
3008331,224.53264477990444
3008332,3.6580448198566566
3008333,1.5184750460339411
3008334,6.816092574733436
3008335,64.02734562822704
3008336,0.9567573670172028
3008337,30.222064366916648
3008338,248.50874410719715
3008339,1.752064547246247
3008340,3.6501737370950695
3008341,177.62348110496265
3008342,14.297081843604715
3008343,410.1563967223979
3008344,43.57428814354129
3008345,2.8249929894037553
3008346,6.543750929205088
3008347,0.17367308384017605
3008348,1.864165326546519
3008349,2637.947861001231
3008350,0.11048641257106628
3008351,232.17346758685537
3008352,6.770200514709043
3008353,905.8860968018955
3008354,390.3718346562543
3008355,249.74299888402862
3008356,65.89978646134514
3008357,48.231182261022965
3008358,4092.343674177399
3008359,9.313514242594017
3008360,0.9166035505162052
3008361,15.119443756083065
3008362,12.642067047797902
3008363,0.25221627776205724
3008364,199.7357394264937
3008365,5.618078025483638
3008366,0.7705360110429609
3008367,4.101922510585103
3008368,20.29570130211323
3008369,1.7996873069729629
3008370,140.92458476351302
3008371,200.858555737013
3008372,1.4368663099496268
3008373,5.445991031935756
3008374,142.25570909673635
3008375,36.58764981018926
3008376,443.21961917838155
3008377,4.46284416533122
3008378,5.0622534326315956
3008379,7.450268729105606
3008380,0.28897167122936523
3008381,10.410916703332223
3008382,3620.6757183038244
3008383,0.2778244634882262
3008384,762.2759025316822
3008385,16.0578515849169
3008386,1094.242636307737
3008387,1324.6528240414916
3008388,349.45309653597377
3008389,260.00286983872826
3008390,200.4622968781755
3008391,4924.199002712714
3008392,32.37655608314259
3008393,4.724325920209314
3008394,23.65633302683019
3008395,26.14520449604097
3008396,0.6277581576832606
3008397,280.17135128155684
3008398,29.97084002590229
3008399,17.636160251198298
3008400,8.271435381069312
3008401,87.10647522979578
3008402,10.285635322510696
3008403,513.5500862508538
3008404,427.9529082292248
3008405,11.075010827279195
3008406,14.546927365171793
3008407,624.895619281853
3008408,157.03103530213093
3008409,3392.6080216654955
3008410,0.8265332121516704
3008411,33.040830705546824
3008412,10.459250827818703
3008413,0.510637524007243
3008414,9.971882020116972
3008415,4848.657068740079
3008416,0.43800346775258503
3008417,1042.381486143067
3008418,12.74162140945496
3008419,1772.098567643306
3008420,1120.3786192756377
3008421,838.4419599107191
3008422,211.0535592991624
3008423,102.78780125920534
3008424,6722.826688580392
3008425,25.241682704320436
3008426,1.8467856244968202
3008427,31.370459650800292
3008428,37.859080940180355
3008429,0.8376332355454084
3008430,618.0843184176533
3008431,10.304361209686835
3008432,7.563863187178299
3008433,9.677518907705265
3008434,40.15620518542034
3008435,3.7950319990822385
3008436,387.70611318819334
3008437,738.5793901522829
3008438,7.390952711869419
3008439,14.640394126941555
3008440,486.9884695355099
3008441,85.96041894896936
3008442,2582.2340489262515
3008443,56.188697881724885
3008444,15.952506669221941
3008445,11.222662929036472
3008446,0.43661362056573005
3008447,6.526236638087699
3008448,3924.281727799385
3008449,0.3412034254202879
3008450,829.2372024015676
3008451,7.691048750920533
3008452,1594.1345390162369
3008453,804.9530365059209
3008454,468.9402496724973
3008455,235.05745935057504
3008456,110.67535319721325
3008457,5306.0949988764105
3008458,27.694671506093833
3008459,1.6718069234223891
3008460,34.504470719325695
3008461,36.49905031198652
3008462,0.7177725134853644
3008463,519.096711827144
3008464,3.677325397635586
3008465,3.422957124130934
3008466,9.243388868043272
3008467,34.208007262492984
3008468,2.335847233985099
3008469,211.30313608932468
3008470,523.720193671983
3008471,3.9489411041183895
3008472,5.627017853378346
3008473,271.26995137988706
3008474,102.77944909136122
3008475,650.0225622920443
3008476,1.5127545817188348
3008477,10.40458200495114
3008478,5.566987055748153
3008479,0.22348932016019252
3008480,1.620561565125846
3008481,1540.1257596520777
3008482,0.20609504471423273
3008483,227.07282367217965
3008484,6.743713246308883
3008485,734.0045966303795
3008486,315.3239859365856
3008487,176.65496648005757
3008488,72.05874887392335
3008489,43.77038360673184
3008490,2311.8951364394816
3008491,7.501048025754098
3008492,1.0263736308775404
3008493,18.259384338167127
3008494,16.960087819210866
3008495,0.4671974876359408
3008496,219.4794767655899
3008497,1.4635179055143528
3008498,1.142546211909742
3008499,4.982092253434127
3008500,30.4464099667879
3008501,1.4958932797357574
3008502,114.59587475778822
3008503,173.95190982866532
3008504,1.8085321774117258
3008505,3.6994614558894354
3008506,130.3501604275343
3008507,36.83913107715213
3008508,112.03427175229287
3008509,14.693143779895061
3008510,4.510687328982424
3008511,3.3216967428055497
3008512,0.07137500217105142
3008513,4.081746756706263
3008514,1832.9207047858417
3008515,0.09496699061013333
3008516,302.959479692184
3008517,9.31075464987797
3008518,585.6956388992022
3008519,640.879459598639
3008520,160.94585787409687
3008521,81.70990270328633
3008522,74.43352290880634
3008523,2382.1500894153423
3008524,15.599858931776934
3008525,0.6615738890944913
3008526,14.508323124021258
3008527,20.777625647453824
3008528,0.2595995880736329
3008529,162.88251465242126
3008530,8.570699868380432
3008531,3.2557762159113772
3008532,7.6231177564638894
3008533,64.73559880033368
3008534,3.931286009224717
3008535,407.81566519975195
3008536,172.09408419210644
3008537,3.3554937892798655
3008538,6.052283311582926
3008539,330.73445775763673
3008540,52.33849685687386
3008541,1293.6940944629337
3008542,0.3740712093442727
3008543,11.539006672535551
3008544,5.239640635177445
3008545,0.25999450594203194
3008546,5.391667986756439
3008547,3314.0327648386856
3008548,0.30358136979100275
3008549,829.4428548912654
3008550,15.91770956329513
3008551,1165.378764140698
3008552,1576.1757567214024
3008553,335.50399729505784
3008554,220.88196512929244
3008555,159.05435155988243
3008556,4551.144030444612
3008557,26.034676528011367
3008558,1.3714267280368935
3008559,28.75191236084671
3008560,44.66232910574628
3008561,0.5628525121503042
3008562,325.3976372766201
3008563,16.613276373730102
3008564,30.98333283513619
3008565,6.465323370527496
3008566,77.55209510934559
3008567,13.050758305819224
3008568,323.9172443720159
3008569,354.18633674215044
3008570,16.906021748823186
3008571,15.781721217774132
3008572,428.3230035604748
3008573,128.37620962939525
3008574,3273.9645084860194
3008575,1.2532318025039417
3008576,27.29912309821425
3008577,1.9987029137983072
3008578,0.0
3008579,4.60843953094593
3008580,1829.596029752041
3008581,0.0
3008582,310.99847188030583
3008583,3.9862143245642434
3008584,504.1863239220198
3008585,483.8520804348758
3008586,127.56820555155271
3008587,49.27620476806731
3008588,35.19587270046024
3008589,2142.689025807247
3008590,6.362911635173511
3008591,0.3917530271273899
3008592,8.299573901625962
3008593,8.064488565298836
3008594,0.0
3008595,131.6606915805545
3008596,0.6665096443028844
3008597,11.192290219388536
3008598,2.0189655173160643
3008599,105.26956176290281
3008600,2.900760255417429
3008601,69.2095373298792
3008602,148.28839438270958
3008603,3.488886422679693
3008604,3.5752935977430544
3008605,59.066120204234174
3008606,25.09343648963062
3008607,923.1128032563697
3008608,0.23442934540907484
3008609,1.8499083651541575
3008610,4.017452674966435
3008611,0.12595002054816237
3008612,1.0907614076774876
3008613,1242.6670052625634
3008614,0.14300219775150683
3008615,224.0912947023128
3008616,5.11180472962916
3008617,472.0211240087234
3008618,344.2249732329009
3008619,117.39262195411352
3008620,61.11294164543455
3008621,36.91497963316035
3008622,1927.3234795359128
3008623,4.38611564739472
3008624,0.7377761001753301
3008625,8.632870525259243
3008626,8.276358482322435
3008627,0.2394309913460747
3008628,103.03461594692828
3008629,1.1652111719634937
3008630,3.2129946898567736
3008631,2.55749343378129
3008632,32.46375917552832
3008633,1.4534227708682697
3008634,213.96342903826596
3008635,156.85839100786922
3008636,1.8716444187759285
3008637,3.637603298938112
3008638,172.76152390268848
3008639,23.447627699013708
3008640,566.9849426556311
3008641,0.5016746651540912
3008642,2.787225116552234
3008643,8.564102561909777
3008644,0.32187711832863475
3008645,11.074579295760504
3008646,4082.5365621926826
3008647,0.3497073896534035
3008648,880.9475499959754
3008649,16.94560613883265
3008650,1203.6901784758388
3008651,1317.1915023288147
3008652,407.35652869398837
3008653,328.45471787121596
3008654,196.5183761720107
3008655,4856.97909647923
3008656,28.37250468279402
3008657,1.8643213635940892
3008658,20.89459407895447
3008659,35.99552785062262
3008660,0.678313479492954
3008661,353.3452838036697
3008662,11.573165720298805
3008663,33.59424498682074
3008664,6.780198276418922
3008665,162.85495282466496
3008666,9.630399994533754
3008667,389.13680032324635
3008668,441.92030330221496
3008669,14.497154681509095
3008670,14.307494324858268
3008671,541.5251751600906
3008672,134.4834339655975
3008673,3457.034411849776
3008674,1.2996795504910164
3008675,23.140620196403212
3008676,8.945384572483302
3008677,0.2345389547660674
3008678,2.1031593170444096
3008679,4544.222830499075
3008680,0.24980898635841328
3008681,1011.1606192452739
3008682,11.19157248261498
3008683,1692.3700611799823
3008684,1083.1777219117696
3008685,562.8976078432356
3008686,311.9182718631295
3008687,105.28317413998718
3008688,6158.400886194808
3008689,15.063765591068412
3008690,1.4465094038524717
3008691,27.774491428257573
3008692,24.772706663792604
3008693,0.5701385751028134
3008694,453.7410654875654
3008695,0.858797665695272
3008696,4.67489194214003
3008697,6.237548484466618
3008698,75.23196512951527
3008699,2.4515656848745753
3008700,259.58295985728284
3008701,536.332506523552
3008702,4.724022431760034
3008703,7.827050100754121
3008704,299.60226351237804
3008705,86.36790169808748
3008706,1910.8240999875024
3008707,1.5363270392960202
3008708,6.035146951691463
3008709,8.354529741038846
3008710,0.3167418155465366
3008711,2.8433327130745836
3008712,3714.748567638224
3008713,0.26532815499205026
3008714,930.1148831328345
3008715,12.774598541007464
3008716,1431.5362987099043
3008717,1002.3964971140821
3008718,453.8720252635982
3008719,246.25856597930795
3008720,88.99682924323255
3008721,4745.604944626582
3008722,21.828810608953397
3008723,1.4458215381282322
3008724,33.03212980514387
3008725,29.517982198929232
3008726,0.6104325186068582
3008727,486.95754758629454
3008728,1.8018824856667413
3008729,3.4928289956117946
3008730,5.511410408140401
3008731,32.68915833855514
3008732,2.198545077650981
3008733,225.5860404291498
3008734,484.60710081576167
3008735,4.344844051583001
3008736,10.161023969870564
3008737,260.9916324787888
3008738,76.04990071515182
3008739,2702.043581834545
3008740,1.4933213343706893
3008741,7.903258847923675
3008742,14.348474631671898
3008743,0.9718672195597259
3008744,18.202868285389176
3008745,9168.626322082051
3008746,0.9852911893722768
3008747,1605.7967823039858
3008748,39.2015292021027
3008749,2428.209507334889
3008750,3438.049769788841
3008751,574.6990896657215
3008752,742.9570099767043
3008753,537.2358544445642
3008754,11613.927636115597
3008755,96.2606290190709
3008756,3.8227296390433207
3008757,64.52840277877812
3008758,80.77264083351899
3008759,1.6975808798761434
3008760,616.2457074047734
3008761,51.30921308451924
3008762,61.83764768416207
3008763,30.374494327916207
3008764,224.59391705084587
3008765,24.857869750973848
3008766,1132.3035574383919
3008767,748.7997641419132
3008768,27.048647426911714
3008769,34.08768040238915
3008770,1547.8962220789927
3008771,446.71998024210086
3008772,8531.136828227303
3008773,2.5726572946234314
3008774,108.04860890696652
3008775,2.9981281379586338
3008776,0.0
3008777,0.716224889176307
3008778,1601.7489173333602
3008779,0.0
3008780,223.7649957158749
3008781,3.4882148593815603
3008782,609.216530737906
3008783,281.11585503486896
3008784,119.21059550827238
3008785,102.37132034157922
3008786,35.10888128402185
3008787,2160.6563552899997
3008788,5.6723666566249165
3008789,0.5714835224920113
3008790,13.336633543423794
3008791,6.897106581201625
3008792,0.1252206020007568
3008793,149.75012883881058
3008794,0.623391515875075
3008795,0.4356579328717083
3008796,2.3126389686346176
3008797,30.2567894746167
3008798,1.0111715880004075
3008799,62.71886246987679
3008800,129.630006641085
3008801,1.2470750317400423
3008802,3.0887998618935124
3008803,81.96761621293318
3008804,24.209725169711092
3008805,277.3003373811371
3008806,0.31908836821988434
3008807,2.1538145345718
3008808,10.098007156316879
3008809,0.5259888704424163
3008810,3.897972614132576
3008811,3802.080202932585
3008812,0.4292374149630394
3008813,869.586884829716
3008814,11.23316826688007
3008815,1584.803099386128
3008816,884.3857445610558
3008817,384.0055471715429
3008818,248.86575370027958
3008819,84.04946133126467
3008820,5238.93332736086
3008821,15.10836524365018
3008822,1.2477471231870534
3008823,20.832718496298703
3008824,23.206496234024605
3008825,0.6208515779231429
3008826,332.24390924405157
3008827,2.6232827246768653
3008828,1.9298039005560785
3008829,9.01460953905587
3008830,23.466733108485535
3008831,1.8692085599039054
3008832,316.46777607082333
3008833,446.6817289617841
3008834,2.4620899638182494
3008835,10.421714953189209
3008836,230.44256129621547
3008837,80.62889597366119
3008838,1226.3399202771955
3008839,1.044324474491129
3008840,6.4364836815939395
3008841,2.2030302736849547
3008842,0.0
3008843,0.27320859556598626
3008844,1132.4312207137032
3008845,0.0
3008846,166.24211226491101
3008847,2.7897293018910023
3008848,534.751036662365
3008849,172.46955337151542
3008850,94.6809407230605
3008851,91.08284873168834
3008852,21.382603512962845
3008853,1902.7582643325843
3008854,3.403791980486163
3008855,0.3216595478201772
3008856,10.578595368108218
3008857,4.901416823585014
3008858,0.00829504948447466
3008859,89.78001469427016
3008860,0.035911690679421196
3008861,0.19564275340996568
3008862,1.5009323320006305
3008863,21.19337604193494
3008864,0.504834755581338
3008865,59.07019155387959
3008866,127.5069162261314
3008867,0.6535665738631695
3008868,2.0671992703520075
3008869,62.424568769303455
3008870,15.683631221826477
3008871,217.96574836135193
3008872,0.1405889997123579
3008873,0.887670760919055
3008874,7.471527127970631
3008875,0.2194353758562888
3008876,1.2579317394250822
3008877,2568.656856105599
3008878,0.16623772174576834
3008879,378.1843787478989
3008880,6.837243811087231
3008881,1064.0354130567184
3008882,546.343087585782
3008883,270.76366953969523
3008884,158.67316106642403
3008885,55.17836801988136
3008886,3604.3312168361904
3008887,5.587125336670453
3008888,0.751023786862606
3008889,18.418412572462685
3008890,13.772099292427951
3008891,0.27170832889843977
3008892,275.09431865405145
3008893,0.6705162723923399
3008894,0.4848968245724027
3008895,6.290349066153639
3008896,38.83605956042105
3008897,1.3569367425699066
3008898,223.88860467382398
3008899,295.5394776349194
3008900,1.5408274207611337
3008901,5.1897207607251
3008902,218.38533804777467
3008903,45.737081208573535
3008904,1011.7752410393745
3008905,0.5713520371557225
3008906,2.155816480901116
3008907,4.7056590992255405
3008908,0.3063927164795753
3008909,2.9018998266253293
3008910,3005.9173311337895
3008911,0.23461027349909924
3008912,691.6732241647139
3008913,7.351139948661025
3008914,1059.7675862112385
3008915,654.1488655618724
3008916,268.3583512233091
3008917,124.38752527947427
3008918,79.70417721828593
3008919,4173.4748283263325
3008920,9.198818259214903
3008921,1.309095168478991
3008922,19.63043748560819
3008923,26.17732164935353
3008924,0.5145314991942544
3008925,258.5995517053601
3008926,3.946067879663568
3008927,2.885473592003341
3008928,5.6770179304966835
3008929,26.94898184160195
3008930,3.2441071649117244
3008931,178.57068488118347
3008932,307.9618597420007
3008933,3.9749034224918685
3008934,6.702375907735794
3008935,181.77387315578426
3008936,46.679225602683374
3008937,523.058973346872
3008938,1.7308661230488624
3008939,2.858940650910181
3008940,3.3348079716560646
3008941,0.0
3008942,0.39888852918007167
3008943,1657.3620603732625
3008944,0.0
3008945,169.46461920074793
3008946,3.225433427144263
3008947,625.6949551576482
3008948,236.8113510339279
3008949,102.02108548011522
3008950,117.55627357768547
3008951,34.03692713974031
3008952,2148.269484262332
3008953,6.492152829165409
3008954,0.3504106194173687
3008955,12.62197653005817
3008956,5.928180997633239
3008957,0.02679075814532475
3008958,136.68300381054277
3008959,0.18239492905415552
3008960,0.3920925102960263
3008961,1.4231083907007709
3008962,55.91228210261724
3008963,0.6442016194806344
3008964,107.69993817847534
3008965,132.0717023542367
3008966,0.7130416969858886
3008967,2.280526917117082
3008968,67.74331471704639
3008969,20.684829534701965
3008970,241.84024095182747
3008971,0.20202694638257943
3008972,0.5345732825418362
3008973,4.345201819015669
3008974,0.07412034873092845
3008975,1.2698570490355114
3008976,3452.355530994896
3008977,0.09628206219026897
3008978,628.6204343202636
3008979,6.313187300559223
3008980,1129.9245959397765
3008981,742.7650656063416
3008982,249.29326695455774
3008983,136.2235157153929
3008984,93.24586329105274
3008985,4471.078916109277
3008986,9.170572234312582
3008987,0.7065534955576221
3008988,14.39133364842251
3008989,16.725089393714978
3008990,0.2584430139507655
3008991,274.19726561125873
3008992,0.45950892304640195
3008993,8.425652976201613
3008994,2.3805434752669403
3008995,69.42079044506889
3008996,1.6717136417984273
3008997,191.49114903159375
3008998,253.18872009417092
3008999,2.9624274182768193
3009000,4.502656008740736
3009001,173.88191209506442
3009002,67.4144196577959
3009003,1177.0962922826877
3009004,0.8738390233439799
3009005,1.3592229413374899
3009006,4.36946030885653
3009007,0.12590361779594023
3009008,7.735776716353312
3009009,2587.7693619277975
3009010,0.1399657085060673
3009011,553.5151549329232
3009012,10.230691995118766
3009013,898.120984139294
3009014,1022.7565038323595
3009015,220.7034551163121
3009016,185.44569365279358
3009017,155.52305836829245
3009018,3246.262280334116
3009019,31.082295943318304
3009020,1.2803437585925739
3009021,21.700415787946532
3009022,19.883551401154612
3009023,0.39845766127797744
3009024,269.21173841876504
3009025,18.306164496314864
3009026,22.950225608967777
3009027,4.475736786684149
3009028,86.30970626687682
3009029,10.818129755208558
3009030,252.8309835868274
3009031,282.44056064393703
3009032,12.534047712807748
3009033,12.356859034782772
3009034,283.57096462292355
3009035,116.63443861370529
3009036,2540.073618276471
3009037,0.7944799466779133
3009038,14.459537356810348
3009039,9.019323232074175
3009040,0.3035295786738659
3009041,8.725850569259432
3009042,3324.705761139101
3009043,0.29120322237580387
3009044,685.7041120475628
3009045,16.433312002914917
3009046,1409.7051360121795
3009047,1235.5592268664313
3009048,278.6229658792138
3009049,187.496091071046
3009050,195.5246235326571
3009051,4380.737759033153
3009052,28.113353286401995
3009053,1.864953293828894
3009054,26.830799081991046
3009055,34.12400032990531
3009056,0.5886283890294649
3009057,381.4086511595532
3009058,25.784034962799712
3009059,16.281311618435282
3009060,9.709492468406628
3009061,98.86412699546251
3009062,10.86224396795924
3009063,230.66765382530946
3009064,404.00202011058633
3009065,11.420086435410504
3009066,14.886636041280786
3009067,237.25269360148206
3009068,137.05668722738608
3009069,2842.570480703035
3009070,0.9604193493275226
3009071,21.109641015290062
3009072,10.557716558391597
3009073,0.3764461558949178
3009074,7.475023237353378
3009075,4370.5116293204155
3009076,0.2910360584142061
3009077,960.2419112593589
3009078,13.200278237512505
3009079,1538.5114817398648
3009080,1051.23649535492
3009081,325.5593864282422
3009082,282.8594243036399
3009083,117.51782391452943
3009084,5846.857324775716
3009085,39.83308577098589
3009086,1.80039529074138
3009087,27.79006943043134
3009088,28.48539868284715
3009089,0.6119217179310914
3009090,447.4869099123566
3009091,9.544628059695581
3009092,14.58757929629172
3009093,9.456628905433977
3009094,69.04269210179054
3009095,4.8246729526668135
3009096,206.54532433009228
3009097,409.53191191594544
3009098,7.536333145864772
3009099,12.55329375575937
3009100,229.9062807931723
3009101,105.05221434724501
3009102,1602.4257141388475
3009103,33.125522568801955
3009104,12.50205152456854
3009105,5.456039307434352
3009106,0.25833899150267814
3009107,9.626815865298685
3009108,3568.309382023554
3009109,0.26694887226397485
3009110,608.0723659130234
3009111,12.230239047746666
3009112,1142.8986851007403
3009113,1238.6773195284964
3009114,374.25269133843307
3009115,258.5416650679884
3009116,177.70852025221097
3009117,4475.965559859612
3009118,22.174257939612694
3009119,1.4700475025863868
3009120,18.507806126494987
3009121,16.68442099819502
3009122,0.5214971036586101
3009123,329.2471446908228
3009124,24.521001819759487
3009125,19.148815300018022
3009126,4.757780061567547
3009127,88.83431012236426
3009128,9.381519019883324
3009129,458.024551477664
3009130,418.75083233858885
3009131,11.55233355378067
3009132,13.464368660765013
3009133,571.6594748718892
3009134,132.01643562143138
3009135,3280.531412727901
3009136,0.9565116369825701
3009137,25.366716029440312
3009138,5.765517548077057
3009139,0.1962243980100958
3009140,2.692610946409337
3009141,5039.049010990963
3009142,0.15853317247696852
3009143,582.8780019486542
3009144,8.516775951835585
3009145,1677.2236189080738
3009146,618.2426817627878
3009147,303.16141650685853
3009148,157.1900250540993
3009149,69.51755786978222
3009150,5842.973647551653
3009151,12.898168884880034
3009152,0.8449751642627483
3009153,20.04800312287935
3009154,18.167095112301993
3009155,0.2944529099262355
3009156,376.5376707608548
3009157,1.037040230545026
3009158,0.7742347540822992
3009159,5.250830784097704
3009160,19.529772776344984
3009161,1.6105842633944492
3009162,134.77511289164687
3009163,313.60181756801086
3009164,2.0306719422721953
3009165,6.26877542481656
3009166,181.9625483859976
3009167,63.634271563380196
3009168,1109.9249852992623
3009169,0.4931445627445498
3009170,3.1831528517982415
3009171,7.037011938685975
3009172,0.28718441296720815
3009173,11.72694249845368
3009174,3146.428874106372
3009175,0.2960875417866265
3009176,644.3451414969912
3009177,13.598657774238957
3009178,1428.2042012284862
3009179,1050.5423690074979
3009180,353.9216125183596
3009181,170.81098179650195
3009182,170.3595562039016
3009183,4425.342046544073
3009184,26.22601278582343
3009185,1.3991827917094268
3009186,26.649023462172913
3009187,24.630012280786687
3009188,0.509725283113552
3009189,384.5996894476745
3009190,14.233884300830745
3009191,20.28252718733789
3009192,7.016593644196053
3009193,47.55659782892173
3009194,11.18102672990597
3009195,212.75817948934724
3009196,423.93787556204194
3009197,12.464841091144814
3009198,12.28852490441286
3009199,237.4656571631827
3009200,88.86748221279159
3009201,2866.36909892517
3009202,1.1057458648811833
3009203,10.100853409155025
3009204,7.434749795548488
3009205,0.46332605899266355
3009206,10.155495996278223
3009207,2798.58616079324
3009208,0.4528224631737519
3009209,634.0668414731188
3009210,10.013968499159011
3009211,976.4255802482531
3009212,1023.2111940902997
3009213,304.4108361250704
3009214,176.10504295236848
3009215,166.16037413945244
3009216,3728.820036202287
3009217,33.163894049292196
3009218,1.712916257017116
3009219,24.05675089644656
3009220,27.93104737272565
3009221,0.8388003811629615
3009222,345.06555802280434
3009223,10.927891784957467
3009224,24.218345593736103
3009225,11.590338003051693
3009226,63.18025016381881
3009227,6.245102521883033
3009228,261.95999035768193
3009229,363.2456239040872
3009230,9.403041161806257
3009231,7.618568379688517
3009232,325.30006642260525
3009233,123.03169020070621
3009234,3813.9680237705843
3009235,1.4921147310420997
3009236,17.640777319015918
3009237,6.228902962399407
3009238,0.24605470737270246
3009239,3.079704328771215
3009240,4648.711557921709
3009241,0.22671081783931105
3009242,514.6897331782054
3009243,7.1261257928374855
3009244,1416.3698442305126
3009245,704.7696966403546
3009246,344.18735833970396
3009247,183.168466423312
3009248,58.10979575975149
3009249,5432.822533318427
3009250,10.260082845336811
3009251,0.9311576187950428
3009252,22.835590719639576
3009253,21.475386997661555
3009254,0.3836258322452537
3009255,331.52592390862395
3009256,0.4702189154743873
3009257,2.6761173574054014
3009258,2.8475994258891495
3009259,51.4979147291545
3009260,2.4118931756774042
3009261,176.63863996065146
3009262,342.407535755884
3009263,2.374978537668238
3009264,5.027207067263344
3009265,192.86537564333554
3009266,59.64485070166664
3009267,721.2676871608751
3009268,1.1096115669752336
3009269,1.342926192191033
3009270,21.57515526967135
3009271,0.8244818051204398
3009272,24.01980463393022
3009273,11290.95106648063
3009274,0.914255150816566
3009275,2227.0728501049025
3009276,42.16876734351119
3009277,3332.495905604647
3009278,4108.977391790927
3009279,1050.950862483899
3009280,969.4548490895712
3009281,620.3170823452994
3009282,14179.838840960674
3009283,103.18943472692483
3009284,3.9112252550641005
3009285,109.24024111403916
3009286,136.10616760606706
3009287,1.6792020526221214
3009288,867.7028227572894
3009289,102.06728810615975
3009290,44.47564234300779
3009291,38.952290684854944
3009292,300.5387910183276
3009293,27.070900024802473
3009294,1295.9761198172866
3009295,1111.4937708766533
3009296,40.056203764659
3009297,53.97685133816332
3009298,1820.255482197928
3009299,519.2807337470433
3009300,10094.095547979992
3009301,126.69835189573115
3009302,119.25478628416457
3009303,17.056485049549167
3009304,0.6106824102625523
3009305,20.228370322558987
3009306,10468.41873363598
3009307,0.7186361487018988
3009308,1845.1092216130746
3009309,40.3876349046205
3009310,3233.217325625552
3009311,3664.417653247369
3009312,1060.6206637639261
3009313,673.157961095575
3009314,593.6151597241633
3009315,14075.806403409832
3009316,99.84358538180399
3009317,2.4034903832713654
3009318,74.71242333798946
3009319,105.29347473188535
3009320,1.4197458854173963
3009321,793.8531173590251
3009322,82.6731082749349
3009323,52.2742697586206
3009324,21.355889134500043
3009325,265.6957083604625
3009326,23.533447054658748
3009327,1375.9762647484708
3009328,1051.6157390053258
3009329,35.11538588241997
3009330,39.51299147364326
3009331,1697.555937030317
3009332,431.51895746133636
3009333,8796.059461792278
3009334,110.33588675665632
3009335,102.1671421612279
3009336,17.595515272140823
3009337,0.5733980121307525
3009338,24.53146593228109
3009339,8102.594718285983
3009340,0.6365386868946064
3009341,1582.7456411785101
3009342,29.12296140706572
3009343,3369.7987336633587
3009344,2923.2643575071747
3009345,1261.1163471316768
3009346,389.5301809165938
3009347,369.10524783169456
3009348,12696.562140640643
3009349,61.24852792728165
3009350,2.464054227232142
3009351,48.19911548266553
3009352,72.85114676079104
3009353,1.2506202394675885
3009354,833.3781158377865
3009355,92.33917223045131
3009356,26.85251902617413
3009357,16.686560011557507
3009358,143.34564635175605
3009359,17.67780642607024
3009360,1298.772862030595
3009361,1232.381180704104
3009362,29.63159724380904
3009363,42.382586941263966
3009364,1515.6781342883855
3009365,263.7137777557951
3009366,3937.32375749887
3009367,117.27061095551124
3009368,61.90947705366313
3009369,17.419243132154847
3009370,0.6020429866574268
3009371,24.173013921644646
3009372,9975.853302420737
3009373,0.7021765490800302
3009374,1817.5434426987076
3009375,36.964582337250796
3009376,3159.1246585760987
3009377,3599.3363574891046
3009378,1042.6585354078659
3009379,606.1333759598824
3009380,488.1216747329754
3009381,13627.223786430208
3009382,90.77726130139865
3009383,2.586228243169346
3009384,76.61407697171018
3009385,102.32577819514096
3009386,1.3845126152604776
3009387,775.5383538321528
3009388,81.56336992282925
3009389,45.67337103088914
3009390,16.92053283756319
3009391,196.0743943438689
3009392,21.552970947432048
3009393,1208.8498964363923
3009394,1143.695218498837
3009395,33.92651882258446
3009396,39.452746561606304
3009397,1646.8252790519955
3009398,380.12949375306164
3009399,6782.699231465415
3009400,104.77461383611914
3009401,93.47672707091687
3009402,14.091654128550568
3009403,0.4123876718760212
3009404,20.064312715351157
3009405,6617.924018946367
3009406,0.4558658178176413
3009407,1419.8501830265195
3009408,27.11665462616896
3009409,3113.0973857535873
3009410,2363.22424767132
3009411,1110.2860055526787
3009412,305.00382725605385
3009413,281.46402807107995
3009414,11183.595611786193
3009415,51.63474845344331
3009416,1.934496225081725
3009417,58.740705424802606
3009418,58.52780527636198
3009419,0.8761348888462155
3009420,680.9813668967867
3009421,66.85197249081524
3009422,15.138105368108466
3009423,12.086892888519856
3009424,107.1263703795663
3009425,11.18489565230573
3009426,1093.1546612391046
3009427,1146.9539222888075
3009428,21.450192854348764
3009429,36.923376817840236
3009430,1237.0339272598806
3009431,195.47173198642048
3009432,3495.4217107627214
3009433,125.23336968195646
3009434,39.44358458594862
3009435,14.491222812230111
3009436,0.4149242629991565
3009437,14.367529103352876
3009438,9081.237408718547
3009439,0.5174729566897772
3009440,1518.754319064228
3009441,36.89351338743985
3009442,2249.3604489858635
3009443,2912.466605897429
3009444,615.6538056201197
3009445,590.7622478096301
3009446,513.6304666466195
3009447,10672.239855566713
3009448,80.62347357875802
3009449,2.106448162917732
3009450,58.82998368700052
3009451,68.09075599862561
3009452,1.093780751741632
3009453,628.2506823010837
3009454,58.28029571175349
3009455,47.335442600334574
3009456,18.00601834264033
3009457,200.14471311867214
3009458,21.319594392286376
3009459,901.864429461362
3009460,701.9759820042777
3009461,29.757871466483444
3009462,36.234744988466325
3009463,1158.1687576951288
3009464,370.51460482185786
3009465,8067.203576753117
3009466,80.90357471443244
3009467,84.39337664881927
3009468,7.751544068198605
3009469,0.30446708819176704
3009470,7.121864265142523
3009471,2183.444478747036
3009472,0.2994664727386066
3009473,399.0248780164389
3009474,18.247593691722926
3009475,896.4667024845787
3009476,727.0725269879017
3009477,272.7352892747941
3009478,148.72861608149006
3009479,129.80894639443778
3009480,3211.1145670455076
3009481,21.24610345980784
3009482,1.3261885623693332
3009483,23.170297810718246
3009484,23.783866204891964
3009485,0.5912079369594502
3009486,263.73409441185794
3009487,13.61286835912448
3009488,6.792610286176128
3009489,10.663528286651744
3009490,54.550760871491455
3009491,7.321465785385178
3009492,299.85290372925976
3009493,343.151656944926
3009494,5.833949175966408
3009495,12.522796432390546
3009496,294.2121635824489
3009497,94.75896699069187
3009498,1533.74171018769
3009499,0.8149035732681853
3009500,13.056731444292659
3009501,13.107303421639948
3009502,0.45375881443213706
3009503,14.59832992080597
3009504,5394.962830295823
3009505,0.438857218525107
3009506,939.0625643262905
3009507,30.961608892108533
3009508,1962.8349227813226
3009509,1639.2769807106147
3009510,669.7987063114247
3009511,210.13530700873355
3009512,223.19407862937143
3009513,8012.7177320652645
3009514,51.66497733381708
3009515,1.8710188987540783
3009516,48.87469045150674
3009517,57.27036313979193
3009518,0.8091550725609474
3009519,522.1494034811618
3009520,43.33639491815868
3009521,11.825900998071694
3009522,7.489823832072632
3009523,121.03030160440974
3009524,12.653687397419816
3009525,681.4233678292178
3009526,744.5775255736114
3009527,17.142815540250684
3009528,25.721761888375674
3009529,674.0919088404992
3009530,172.47858446914051
3009531,2857.0272592587517
3009532,93.94817291677381
3009533,31.779021990353527
3009534,9.384834062140511
3009535,0.30019195840239893
3009536,8.760147985550935
3009537,5426.727625362626
3009538,0.3997755996095576
3009539,1056.2648587075585
3009540,17.210712148715217
3009541,1447.3663259471734
3009542,2065.4322915903895
3009543,405.27933354318793
3009544,411.317876728201
3009545,319.6708259568763
3009546,6711.88846957546
3009547,29.89533385356487
3009548,1.8233225493220013
3009549,24.439768933274138
3009550,41.89488619975964
3009551,0.9109266850093702
3009552,441.5220605318758
3009553,6.868604289637454
3009554,32.41618937335815
3009555,6.002835361255202
3009556,171.53902537191362
3009557,14.555637835040718
3009558,687.7197447496566
3009559,459.2928978436931
3009560,19.613912477140893
3009561,19.90490612058776
3009562,896.7252201947974
3009563,212.59689515193176
3009564,5798.48617853896
3009565,2.4949474950428625
3009566,30.712250356331044
3009567,9.247884084312627
3009568,1.17286760156462
3009569,8.382307103925942
3009570,4136.932300709035
3009571,1.18651111662943
3009572,1125.4210726264907
3009573,16.27102208249971
3009574,1438.0304827788132
3009575,1826.8002646654998
3009576,651.1198591995558
3009577,281.40418395794256
3009578,244.1039708823539
3009579,7442.639708405033
3009580,14.46697509515928
3009581,2.6362174885085476
3009582,17.37386125471284
3009583,55.592727811116596
3009584,1.687976530029359
3009585,307.4338356949735
3009586,6.940948463112083
3009587,10.135618843221259
3009588,7.60948889009482
3009589,97.77265797346207
3009590,5.909795985387204
3009591,461.4311717431233
3009592,717.6340010928664
3009593,7.1176466522628035
3009594,10.261520185543603
3009595,437.34681633929233
3009596,178.22940124331217
3009597,3397.7792099083385
3009598,2.491499741242729
3009599,9.964061807567223
3009600,8.44377541797756
3009601,0.2641856254241556
3009602,7.322999888958728
3009603,2802.8338153085374
3009604,0.23003378206689207
3009605,592.3877037574051
3009606,11.548712871306892
3009607,1256.3219567006397
3009608,928.0680860658333
3009609,342.3291519779243
3009610,161.13054069688735
3009611,147.8302917002688
3009612,3831.56397911257
3009613,21.229169247499193
3009614,1.4952585795019249
3009615,30.091905061974284
3009616,34.02273486119819
3009617,0.49326340886659514
3009618,434.7201851438764
3009619,5.895916643072843
3009620,7.097100333134395
3009621,5.371211974895022
3009622,48.051378340461895
3009623,5.772920684743787
3009624,253.41129718491675
3009625,405.7355447345169
3009626,7.195504109251235
3009627,10.00128180771443
3009628,293.0976868770121
3009629,99.11551508896501
3009630,3073.7087343247804
3009631,1.144024291475991
3009632,8.300411073918326
3009633,5.2401809153228385
3009634,0.05913043612602061
3009635,2.397279046873241
3009636,2848.5748579964084
3009637,7.847362405777913e-05
3009638,361.8839445756052
3009639,4.25933741923569
3009640,1235.0688497601682
3009641,409.02902382987855
3009642,259.51651950473695
3009643,108.49828339964358
3009644,43.29103371673676
3009645,4198.919651401593
3009646,8.355189314436881
3009647,0.6530235142238574
3009648,20.43513067667815
3009649,12.153875514237427
3009650,0.16221189543984502
3009651,290.8799374014437
3009652,0.662871188691181
3009653,0.43477382639640605
3009654,3.042526689191705
3009655,24.90585686058732
3009656,0.9483995201932347
3009657,71.31272056810751
3009658,254.48337570315837
3009659,0.9297045798821899
3009660,3.8287766730790125
3009661,76.93737719725526
3009662,40.90019441644136
3009663,310.75704887186953
3009664,0.450132281309449
3009665,1.5709855443365275
3009666,7.940661976879492
3009667,0.20023095776516422
3009668,9.67226683419048
3009669,4984.068189340601
3009670,0.2277413516920593
3009671,832.6411824143391
3009672,19.27305400789989
3009673,1521.5386611825083
3009674,1562.369715631772
3009675,505.98753967274934
3009676,321.0290655609291
3009677,247.16784110835977
3009678,6184.852165168177
3009679,42.28520334008063
3009680,1.4939319065564192
3009681,36.7400391272023
3009682,56.8445997832976
3009683,0.5587510843496113
3009684,400.74201837052254
3009685,31.19839578096874
3009686,17.605805535889267
3009687,13.31572679641165
3009688,96.7389688513131
3009689,9.153063729927727
3009690,624.4187442471055
3009691,538.1081960184988
3009692,11.608105036098037
3009693,17.860883483818597
3009694,827.1669834293367
3009695,181.56847702555837
3009696,3657.555869868374
3009697,0.8102483082469045
3009698,46.46407560533321
3009699,5.33311183013018
3009700,0.18097759629647994
3009701,8.255478219037666
3009702,4285.397836740917
3009703,0.25527224916090857
3009704,711.5883991960186
3009705,15.660661732119069
3009706,892.3807585539159
3009707,1491.8025283229688
3009708,264.74070790118583
3009709,317.6412153955818
3009710,250.2587245687329
3009711,4892.720661779698
3009712,32.74633256068104
3009713,1.51182764973117
3009714,22.16304702959681
3009715,29.74888833922875
3009716,0.5777305161261896
3009717,249.79868800658656
3009718,13.765968027565918
3009719,37.63777891016212
3009720,11.040887773192868
3009721,140.04162970630378
3009722,12.27090485545918
3009723,509.66650289610004
3009724,321.6992455297991
3009725,12.226310570488131
3009726,13.311777543824146
3009727,606.6371894748802
3009728,179.6934817209335
3009729,4387.910989164918
3009730,0.8335547888371464
3009731,36.94101723871516
3009732,9.405251842305082
3009733,0.5960498258879118
3009734,15.479118893337308
3009735,4980.276863307882
3009736,0.6364946194050466
3009737,1021.6278387173878
3009738,25.32794035013483
3009739,1519.7818063287477
3009740,1990.436853107318
3009741,435.0062453372693
3009742,441.6887899929155
3009743,264.15360994530533
3009744,6654.936264607962
3009745,51.074591662592454
3009746,2.7036186345314244
3009747,44.02133455209892
3009748,54.1690226690061
3009749,1.138533634977366
3009750,425.3344006616371
3009751,42.48310249379817
3009752,37.02809439550264
3009753,22.03749845485637
3009754,119.70114571599773
3009755,18.890133199888936
3009756,603.6491855216096
3009757,498.48561099597646
3009758,21.431382613334232
3009759,26.416403316613966
3009760,787.5271606190463
3009761,246.75040180026562
3009762,4882.157225741457
3009763,1.5940344501551742
3009764,59.433154499758196
3009765,13.852235759419678
3009766,0.4642950006566429
3009767,9.28270402688532
3009768,6016.095413635363
3009769,0.3987455985560926
3009770,1102.655923825303
3009771,17.250864958778003
3009772,2425.3002855409877
3009773,1380.9116524886554
3009774,748.6552295262995
3009775,250.10694482407018
3009776,126.55192472832813
3009777,8165.550277933082
3009778,20.656236274343854
3009779,1.946774983613682
3009780,34.39608205517496
3009781,45.436159550213695
3009782,0.7499352980379264
3009783,582.3042809919863
3009784,16.346135159334793
3009785,5.941803217198878
3009786,14.500450698249347
3009787,63.168500481456164
3009788,5.427400831473502
3009789,512.9244968423847
3009790,701.3112045562559
3009791,7.8266184538946115
3009792,17.953430397416156
3009793,510.3484027092672
3009794,118.03727104455984
3009795,1462.16314802843
3009796,61.50278229365156
3009797,18.897531228172035
3009798,3.270597385234506
3009799,0.14875304578541526
3009800,4.320617540331181
3009801,1916.1697587839076
3009802,0.1762800318848837
3009803,417.10375147019295
3009804,10.836489596348333
3009805,648.3703151817529
3009806,741.5065328943786
3009807,154.96592468515055
3009808,143.85668197798194
3009809,109.02082092232291
3009810,2349.4170848656113
3009811,20.051654063708476
3009812,1.084716424285347
3009813,15.801413050925918
3009814,27.484558230796626
3009815,0.33815995684370337
3009816,208.08808253769388
3009817,11.803497703412074
3009818,10.9931270493433
3009819,5.004266866096747
3009820,101.14040620545303
3009821,6.875483003579692
3009822,249.86470231321255
3009823,159.4462511233455
3009824,6.927541336027338
3009825,10.645929224643066
3009826,264.5889907396383
3009827,89.01712375632157
3009828,1786.4020920594346
3009829,0.45740123920452913
3009830,19.258374787681873
3009831,2.2817997727310635
3009832,0.010178944457973599
3009833,0.5882191013546456
3009834,1232.7679292871849
3009835,0.0
3009836,124.8347075343476
3009837,2.49592167299585
3009838,700.8089884669319
3009839,248.15122954796865
3009840,173.30822001418125
3009841,65.29466526403974
3009842,21.76251339305094
3009843,2425.634630991164
3009844,1.973262182961514
3009845,0.2897581764379548
3009846,5.732097958320825
3009847,5.823846048872584
3009848,0.0
3009849,149.92680138113974
3009850,1.3514645053420364
3009851,0.14719655400404502
3009852,1.3670296969671392
3009853,7.581259952101372
3009854,0.558864875402187
3009855,128.9866820639973
3009856,163.13146913046705
3009857,0.6627836847744034
3009858,2.4648527783427845
3009859,104.83987864817584
3009860,17.625841418859626
3009861,221.74293483478738
3009862,3.2586991339045714
3009863,1.878903607271502
3009864,6.328456527680197
3009865,0.24340056344613056
3009866,3.2060119313843205
3009867,4221.113298155444
3009868,0.152823136326586
3009869,597.746483037075
3009870,10.751011694402804
3009871,1712.3251650971324
3009872,799.3619348830556
3009873,465.5133673626056
3009874,216.6443067738457
3009875,73.8363843818947
3009876,5953.9261188950695
3009877,13.402634938807813
3009878,0.8521499845602684
3009879,20.39175219273326
3009880,25.94634303366312
3009881,0.43821222485368433
3009882,372.46518422525725
3009883,7.731775348483641
3009884,2.0698311830335703
3009885,6.190548440413771
3009886,24.954208302372365
3009887,2.297292767862248
3009888,478.24672843491044
3009889,415.91812530267674
3009890,2.408436818722457
3009891,10.3774893487398
3009892,379.8184360502229
3009893,57.14043007389764
3009894,1066.199247390872
3009895,19.49053048599572
3009896,7.717100408988874
3009897,4.068959077033868
3009898,0.13630558860166672
3009899,1.812325118213062
3009900,1842.0486662786548
3009901,0.09076418604979576
3009902,211.91922597139495
3009903,5.810896212194342
3009904,802.2902338442331
3009905,401.55600334527946
3009906,214.9802640691589
3009907,95.2699433725488
3009908,29.365286323247727
3009909,2800.890015240289
3009910,4.305619090676959
3009911,0.5705695201050032
3009912,9.271196559197383
3009913,14.523319144770632
3009914,0.19031102391757182
3009915,178.1574435768609
3009916,1.178101121898579
3009917,0.4802878985632703
3009918,7.806994553808742
3009919,27.130567424996368
3009920,1.1953178966005378
3009921,124.4287034817582
3009922,192.5475839458142
3009923,1.155844869499574
3009924,4.21529731758371
3009925,124.8215271811393
3009926,26.35026215656493
3009927,335.68113704999183
3009928,10.734345169133924
3009929,2.458774155918135
3009930,3.4558313872055035
3009931,0.0
3009932,0.6471835114529971
3009933,1481.6588826787556
3009934,0.0
3009935,158.01407383448046
3009936,3.6426614622130473
3009937,736.5409864326698
3009938,260.62441953148385
3009939,137.51874950595857
3009940,70.32378006353284
3009941,22.291628867075016
3009942,2674.8146932879363
3009943,3.932275532663185
3009944,0.27880936190503836
3009945,10.054787761832879
3009946,10.560329402581935
3009947,0.028877135033810102
3009948,153.09839763300886
3009949,1.9310651803039347
3009950,0.19643438044189088
3009951,1.8523958303201529
3009952,21.74758014638948
3009953,0.6787935117344797
3009954,116.22394564297676
3009955,157.11596307878602
3009956,0.626819314324397
3009957,2.8883663228308376
3009958,90.35746245576567
3009959,22.948748709670102
3009960,193.99075376772737
3009961,4.086355739798073
3009962,1.5811311133363612
3009963,3.0876890930671186
3009964,0.01175939103276752
3009965,0.5486380370462892
3009966,1685.1193847265808
3009967,0.0
3009968,217.43465131633516
3009969,4.555826578123909
3009970,1001.3489629507136
3009971,404.3985095688109
3009972,228.56998694921526
3009973,74.02813868711502
3009974,33.51469381905049
3009975,3153.8787587411975
3009976,4.044308840693246
3009977,0.284087573006886
3009978,10.460334296006526
3009979,16.316930241801224
3009980,0.05437398473814801
3009981,219.9634944141578
3009982,0.7022554472655725
3009983,0.3048213621150517
3009984,2.2314919047309107
3009985,13.70124646810532
3009986,1.0071716724961988
3009987,177.82478222695434
3009988,228.62016311638948
3009989,0.8432029796285543
3009990,3.5040449683727974
3009991,75.84079959009784
3009992,42.228788979549684
3009993,329.07947367035945
3009994,6.926721328375562
3009995,2.7636032891267273
3009996,2.7788919883431995
3009997,0.35188705393727304
3009998,2.491035542957345
3009999,1912.5317681613296
3010000,0.13273166050181728
3010001,187.2170782670272
3010002,4.176010542280211
3010003,915.9354281943585
3010004,377.5049900047851
3010005,278.75565174761607
3010006,128.1485508023682
3010007,43.89875453190178
3010008,3273.7048222239746
3010009,5.4785571715737555
3010010,0.8001483553599449
3010011,18.479064974086263
3010012,12.096874182449948
3010013,0.24030422122284112
3010014,229.1406626918303
3010015,5.203096018245674
3010016,0.5941298133310449
3010017,3.0915165857644236
3010018,15.75060067510947
3010019,1.53791618223379
3010020,143.2776272253634
3010021,207.79919734236447
3010022,1.210158204625666
3010023,4.0156257595599945
3010024,132.73262850839652
3010025,33.24795677040643
3010026,619.9550972364092
3010027,11.491778949081581
3010028,4.090630120457439
3010029,3.0756543818533193
3010030,0.0
3010031,0.38531371223610345
3010032,1380.928242144883
3010033,0.0
3010034,174.84685336200408
3010035,3.0992091148962078
3010036,720.9430318433297
3010037,230.72569094399557
3010038,163.95749908261206
3010039,191.16818601320128
3010040,25.98550325479354
3010041,2487.049433013678
3010042,2.79539762185827
3010043,0.28544743206330314
3010044,11.766495615113215
3010045,11.217058710486238
3010046,0.0
3010047,165.92440446757922
3010048,0.06512705610148883
3010049,0.14880524333119027
3010050,1.6358163547289983
3010051,17.93226552570606
3010052,0.6477652715504445
3010053,73.81403144252289
3010054,151.8400161301632
3010055,0.5966076737804131
3010056,2.4450246130064865
3010057,70.68644030815268
3010058,30.77225941573903
3010059,281.171632679732
3010060,0.14039907520177636
3010061,1.1514633545136435
3010062,5.373760216100306
3010063,0.219709605714506
3010064,2.719767144805626
3010065,3087.973825500636
3010066,0.10774762462965705
3010067,419.9568892385025
3010068,7.214110788047153
3010069,1231.3367915947968
3010070,710.2500986118608
3010071,387.6514980087506
3010072,272.7499110556206
3010073,69.182736563223
3010074,4635.366644211169
3010075,6.866473069118695
3010076,0.6166611728604527
3010077,18.91914578841108
3010078,23.658079743059737
3010079,0.2218687683848935
3010080,313.85685030786846
3010081,1.6884796762108611
3010082,0.4864759114530461
3010083,7.312374790782336
3010084,28.460487847488462
3010085,1.4913847851235285
3010086,251.6324335520156
3010087,310.8538176560406
3010088,1.617882411905186
3010089,5.943293525663735
3010090,286.8296716877454
3010091,69.20091958507541
3010092,746.223450717681
3010093,22.537146578653314
3010094,9.572355236205286
3010095,1.3765012581325284
3010096,0.0
3010097,4.794320348553303
3010098,2190.239324509031
3010099,0.0
3010100,475.5450070078548
3010101,2.2850009175311925
3010102,743.1448402328117
3010103,562.3598254226245
3010104,180.01111340332426
3010105,234.0994397527247
3010106,10.046123304372601
3010107,2891.356464372596
3010108,4.357156313278568
3010109,0.0997983961698789
3010110,6.047824821843237
3010111,5.346303546825465
3010112,0.0
3010113,143.19235180458546
3010114,3.1823419009150005
3010115,1.3554293092291387
3010116,6.3166149590585965
3010117,49.982092357161456
3010118,0.884813364458129
3010119,30.29121148271619
3010120,171.13086595858636
3010121,1.4718689430902998
3010122,2.9113944942033116
3010123,130.5809679360182
3010124,12.268889163899987
3010125,321.0229796020076
3010126,34.25046746474675
3010127,2.4331620761055386
3010128,4.51154343915479
3010129,0.08995718483457302
3010130,1.1892885109347706
3010131,2316.1274950769684
3010132,0.011309893467154414
3010133,195.89484377661586
3010134,4.999319321272557
3010135,855.310062836426
3010136,309.85163860693535
3010137,233.2392093314826
3010138,89.6819211294902
3010139,34.46242793437521
3010140,3437.772646573051
3010141,5.6549515696205095
3010142,0.62929491454657
3010143,11.739406160919593
3010144,10.384166058814337
3010145,0.13527182474971983
3010146,176.36689535803376
3010147,4.471306715788862
3010148,0.42601316698543584
3010149,2.9366701207556387
3010150,14.954440884037101
3010151,1.3590087112914122
3010152,121.318085628578
3010153,198.03878590538955
3010154,1.0572008440197027
3010155,4.140644547462479
3010156,99.26541739738795
3010157,31.114047638038624
3010158,360.2415604177834
3010159,6.258164093799148
3010160,3.8215023051577797
3010161,4.501874284624994
3010162,0.13587808388983957
3010163,7.117901494727271
3010164,2635.1025921362025
3010165,0.12298886147098516
3010166,660.5317967507651
3010167,10.910087867401419
3010168,911.1168112561872
3010169,1016.7443891475699
3010170,258.6242876816958
3010171,167.5044869820561
3010172,112.12069445493171
3010173,3564.694646406621
3010174,22.035768928397403
3010175,1.0442617247050416
3010176,16.643465713443675
3010177,24.90798286839723
3010178,0.39934235124513295
3010179,224.22421744732492
3010180,19.028118561219824
3010181,9.215330341431283
3010182,10.100291305845724
3010183,69.10975302492437
3010184,7.388143559945438
3010185,394.4351309809598
3010186,290.99919513605585
3010187,8.601397219722937
3010188,10.261290918078057
3010189,419.34382938608917
3010190,104.8308888247059
3010191,2080.0676433735916
3010192,0.5179418535686147
3010193,23.678112223104122
3010194,6.168934718305372
3010195,0.16764596310424976
3010196,5.465824766058701
3010197,2721.80275676394
3010198,0.11621799518149509
3010199,477.7767305691768
3010200,8.289584220401409
3010201,1053.4737830589497
3010202,704.8516651733306
3010203,404.267785188142
3010204,178.04623881414466
3010205,58.21283443194155
3010206,4141.907194352947
3010207,10.4891549101452
3010208,0.9740124409165988
3010209,19.39066191061839
3010210,19.46938386967251
3010211,0.400067488131995
3010212,325.55040348757905
3010213,5.757754317590734
3010214,4.073929627168219
3010215,3.29793986950699
3010216,27.104060634100772
3010217,2.3173553115236665
3010218,249.44250451393302
3010219,355.3167028816018
3010220,4.623415014474858
3010221,8.59809480749603
3010222,261.26828564746614
3010223,54.105372390961755
3010224,1478.226673314522
3010225,26.92028727157161
3010226,9.51524115052529
3010227,6.969959303921873
3010228,0.2920653678510643
3010229,4.0573404039399605
3010230,2490.1715414666915
3010231,0.16254284745180608
3010232,399.05939596916755
3010233,4.927408471539881
3010234,1004.4992300606166
3010235,508.69502941809765
3010236,279.7906974777761
3010237,250.49537164489587
3010238,63.666359269823
3010239,3782.0039483260216
3010240,12.249400419484251
3010241,1.0170313130745374
3010242,19.7073628299825
3010243,25.49223012151942
3010244,0.42168659139131315
3010245,304.282181307302
3010246,2.027965963796092
3010247,2.0407789880561293
3010248,6.0267078948205715
3010249,53.49908445215219
3010250,1.525930759407931
3010251,152.09020651513924
3010252,260.10076690504695
3010253,2.5255857837353552
3010254,4.52654175788425
3010255,160.4315570567164
3010256,65.2835728874788
3010257,1042.8954287876086
3010258,0.8625825417740294
3010259,6.781483867932277
3010260,3.7665330481644332
3010261,0.06977563093964499
3010262,0.9874795781362736
3010263,1272.2538706247688
3010264,0.06443471162151719
3010265,165.84924131934952
3010266,5.39741805972711
3010267,602.7366990699746
3010268,267.87669283377113
3010269,152.32530063624395
3010270,88.4323390859853
3010271,37.92375606239058
3010272,1936.482628548025
3010273,5.738161829071255
3010274,0.7357573744449241
3010275,16.978736710439613
3010276,10.38127650673963
3010277,0.2870742065208042
3010278,177.26243091998504
3010279,1.1281197039699007
3010280,0.8733104186871472
3010281,4.175097500721176
3010282,34.741859230204305
3010283,1.2966000491378684
3010284,88.87555582442414
3010285,146.09385328903835
3010286,1.3879613329488216
3010287,2.8560835250426764
3010288,103.4448753997213
3010289,33.00427026997482
3010290,289.14799055775956
3010291,15.483408117457115
3010292,3.5814008507127726
3010293,2.523962929550679
3010294,0.02278655116167284
3010295,3.801869638034038
3010296,1346.4554955059525
3010297,0.043283352587152026
3010298,298.54212475053765
3010299,7.271510519085945
3010300,510.23755256550226
3010301,521.2066711113939
3010302,135.52689750429477
3010303,65.14986742545186
3010304,49.532380774392706
3010305,1886.739260816207
3010306,13.029908894793634
3010307,0.4860523157334484
3010308,11.910482706379216
3010309,16.80050527018758
3010310,0.17566052318280584
3010311,129.6496177305154
3010312,7.1017575151022925
3010313,1.8595604016207203
3010314,5.224603000883583
3010315,33.69342036527874
3010316,3.1712821884192914
3010317,362.81480372418605
3010318,144.10184641379556
3010319,3.0137733304950123
3010320,5.047608467092963
3010321,271.33169051205795
3010322,44.116468960174615
3010323,860.529327541853
3010324,0.2793772915734398
3010325,10.337393335802485
3010326,3.965380920559056
3010327,0.19893780854959503
3010328,7.646407394778014
3010329,3129.201448103509
3010330,0.24893779297997645
3010331,831.9127006420545
3010332,14.392223482501457
3010333,1021.8115861147629
3010334,1466.5370630010275
3010335,257.8326566148797
3010336,175.76004450044644
3010337,126.73196141559748
3010338,3832.7084038742028
3010339,22.56299464758306
3010340,1.1688941373684263
3010341,24.87411059473582
3010342,36.06109852647679
3010343,0.4542627071939831
3010344,279.1558303789087
3010345,13.059851472121757
3010346,22.440581306799142
3010347,5.714187165097826
3010348,76.07453803303846
3010349,11.512251154613484
3010350,348.1483551991573
3010351,296.341323886094
3010352,14.87925264929926
3010353,13.131889555446286
3010354,371.09202523068564
3010355,102.22347813203773
3010356,2920.8688792891553
3010357,1.0414384400350594
3010358,25.31470245460094
3010359,1.1965690667303073
3010360,0.0
3010361,3.054180664922482
3010362,1457.0617962110182
3010363,0.0
3010364,269.7980562348791
3010365,2.9965973009913944
3010366,424.7864353332675
3010367,391.90662811638225
3010368,113.4246089300411
3010369,36.57709369229675
3010370,22.029490450578386
3010371,1634.8425269396275
3010372,4.445585985307371
3010373,0.11717286012185765
3010374,6.721308755079926
3010375,14.806289773596458
3010376,0.0
3010377,106.67296464286912
3010378,0.11066736923300703
3010379,6.389772306666292
3010380,1.5113476939239991
3010381,68.32198653636434
3010382,1.9797846710123967
3010383,52.15839031515642
3010384,115.59575734517759
3010385,2.5976683958293005
3010386,2.54403800771201
3010387,42.20378266581868
3010388,18.41129376298701
3010389,541.7698250228814
3010390,0.00916598484591499
3010391,1.2110992470425286
3010392,2.611691368487055
3010393,0.0
3010394,0.549803256014122
3010395,688.9145122367804
3010396,0.0
3010397,166.60581209652605
3010398,3.7852976255556783
3010399,324.3960913339015
3010400,203.20761095235437
3010401,81.68173347465645
3010402,38.712503599344714
3010403,22.355995505777237
3010404,1294.1254089125746
3010405,2.7861958377621265
3010406,0.3810088232076077
3010407,6.155622656469269
3010408,6.025282518894358
3010409,0.06771120049990152
3010410,72.97891135575846
3010411,0.5049282431724461
3010412,1.8866603358089398
3010413,1.4810978848369825
3010414,19.19930416490032
3010415,0.8140162119199927
3010416,153.97698193217119
3010417,97.5522798185028
3010418,1.2854367142419316
3010419,2.4231964811834663
3010420,96.08948412814289
3010421,16.661184895338362
3010422,320.0208257848104
3010423,0.25745570388249067
3010424,1.815607621403824
3010425,5.056494046303027
3010426,0.15180651692503258
3010427,6.988496939354179
3010428,2702.6893494646947
3010429,0.16842066937252137
3010430,675.6513573203988
3010431,10.980380191548415
3010432,842.3199488828923
3010433,919.7440336339065
3010434,257.21880156480245
3010435,190.53962117221525
3010436,97.87604386912989
3010437,3165.8806533613442
3010438,17.58793815423175
3010439,1.0946975413807798
3010440,17.650430798670072
3010441,25.17596580026836
3010442,0.38980849905162984
3010443,244.34496509604872
3010444,6.688731753370448
3010445,17.25220210915029
3010446,4.155483329468341
3010447,91.90356966585017
3010448,6.613686809963229
3010449,288.1593465638025
3010450,273.1436007271036
3010451,10.489101824563107
3010452,9.575257664681248
3010453,339.00608232456796
3010454,87.05679606088813
3010455,2128.293732523157
3010456,0.8085231749519499
3010457,17.20438681554465
3010458,5.234748300801147
3010459,0.08552559592558075
3010460,1.2034767687598997
3010461,2750.3209516515917
3010462,0.060650748309295045
3010463,592.4143552313293
3010464,6.966417147575292
3010465,1047.9180909896215
3010466,825.563299950282
3010467,323.48546715966603
3010468,325.73429841194803
3010469,59.1608365534793
3010470,4138.4948152873585
3010471,6.5176169688712395
3010472,0.8705074344540762
3010473,19.924157606844545
3010474,16.234425757563468
3010475,0.2847519401697944
3010476,255.84415245611825
3010477,0.3282416287928749
3010478,3.1711142723579604
3010479,3.98549523073478
3010480,42.52342721548878
3010481,1.5858176490038458
3010482,193.5905338685166
3010483,305.8690631524151
3010484,3.13656467820896
3010485,4.872887660362691
3010486,209.5430088279809
3010487,56.98562798869222
3010488,1316.1574746237181
3010489,0.9319424665205556
3010490,3.913198916188108
3010491,5.395603000242513
3010492,0.15009026935201555
3010493,1.773525924940894
3010494,2549.112392599941
3010495,0.12757504520717916
3010496,518.2742196411327
3010497,9.312634203673575
3010498,949.429149815477
3010499,668.1394877105047
3010500,262.11795057917743
3010501,278.07546769161115
3010502,60.729321097020076
3010503,3404.8683876393434
3010504,10.422397501317699
3010505,0.9011227745423257
3010506,20.077012412716133
3010507,16.79790210685679
3010508,0.3596061004880707
3010509,315.14133260532304
3010510,1.140529350717392
3010511,2.614966451054889
3010512,3.525615068762895
3010513,50.21610861139301
3010514,1.5376638592295406
3010515,168.72816614435067
3010516,249.0887850269042
3010517,3.138670358721242
3010518,7.071679127425083
3010519,178.44284648006328
3010520,57.236992838708936
3010521,1984.3753517805035
3010522,0.9720621688183948
3010523,5.377045338934903
3010524,8.700820150021915
3010525,0.7161373844682334
3010526,11.24311368438261
3010527,6200.135913498773
3010528,0.7194578741082606
3010529,1274.211029866824
3010530,29.087902091201663
3010531,1863.8167697559013
3010532,2311.8571540217204
3010533,393.0702048645011
3010534,496.42122025749853
3010535,348.0010792926618
3010536,6788.638323769587
3010537,71.46927988767106
3010538,2.6935235705555267
3010539,59.733775204191964
3010540,56.96173535254273
3010541,1.238874059102677
3010542,428.04310393833293
3010543,33.227629918871074
3010544,35.27040454380472
3010545,15.515062169739542
3010546,166.60424120426
3010547,18.927233904814248
3010548,797.9633454406514
3010549,486.8099034365788
3010550,20.90342877854098
3010551,24.78998839118743
3010552,1013.8194762376677
3010553,333.3444533469092
3010554,5704.459196032753
3010555,1.810368867406862
3010556,79.26764575587227
3010557,2.278916179781488
3010558,0.0
3010559,0.46895759658544406
3010560,1242.8412747838777
3010561,0.0
3010562,158.04238560033437
3010563,3.1530438336318847
3010564,491.33426525508827
3010565,280.3213930311625
3010566,97.37395228791475
3010567,157.96468694632068
3010568,28.7548803566377
3010569,1683.451164344843
3010570,2.0818829601993305
3010571,0.4081879358933555
3010572,11.998064355790447
3010573,9.575574975245509
3010574,0.0687816841173659
3010575,108.59599963963439
3010576,0.4608056250937712
3010577,0.3158034381131707
3010578,2.023846754321082
3010579,18.174930280241767
3010580,0.776519988009904
3010581,58.74697626845424
3010582,116.12251906250138
3010583,0.8815771650853674
3010584,2.50439359240755
3010585,72.00999753015252
3010586,20.526817474436587
3010587,275.82196456993086
3010588,0.2021342014587917
3010589,1.834356928925588
3010590,7.226930489652453
3010591,0.3463433219509889
3010592,1.6184716268185433
3010593,2553.6236908296733
3010594,0.21564680124130894
3010595,461.08792359819347
3010596,7.98570600372718
3010597,1160.9801477140527
3010598,658.0737573231562
3010599,274.42946488447393
3010600,291.84564990310486
3010601,56.98073662103747
3010602,4124.316901255463
3010603,6.774695540525993
3010604,0.8144480352016331
3010605,15.148846183468837
3010606,20.48938053359757
3010607,0.3565955716576818
3010608,242.52208369754047
3010609,1.652456603133584
3010610,1.2725426109023827
3010611,6.558502525031068
3010612,18.99363351657352
3010613,1.1508270131480167
3010614,251.67078519903285
3010615,267.94051236598153
3010616,1.6614740677020166
3010617,6.759187445517322
3010618,163.62769654457753
3010619,61.017230781416906
3010620,988.4701217082511
3010621,0.6695891957301334
3010622,4.808140603118977
3010623,1.4342905931728418
3010624,0.0
3010625,0.12997675713238366
3010626,816.0998221395893
3010627,0.0
3010628,106.60712137204821
3010629,2.0581649510161073
3010630,423.7619885939979
3010631,163.16848128697328
3010632,81.11618924132956
3010633,149.5463580971071
3010634,16.35182941578214
3010635,1572.8041968138305
3010636,1.3433122589279443
3010637,0.21387608523017188
3010638,4.975253979827251
3010639,4.016191401327263
3010640,0.0
3010641,72.43728741454923
3010642,0.0
3010643,0.05581436214291373
3010644,1.040572804845507
3010645,16.813733724320272
3010646,0.22560072449925478
3010647,49.61948616309253
3010648,91.73472741017372
3010649,0.40703737579274324
3010650,1.506835271734487
3010651,49.84662683235355
3010652,12.69672214564397
3010653,180.20575601381674
3010654,0.02312698921989158
3010655,0.6872070889624667
3010656,5.176653467361457
3010657,0.1474193519149013
3010658,0.8067796752048626
3010659,1869.258539768117
3010660,0.07441336120764361
3010661,267.3918617506377
3010662,5.082031892339399
3010663,846.3445784500365
3010664,409.1407439876849
3010665,209.38420727714868
3010666,218.2749129044946
3010667,42.79657449036075
3010668,2923.785730581554
3010669,2.8718086062095214
3010670,0.5368228088909307
3010671,19.166287292662393
3010672,15.322419039862494
3010673,0.15422185543221412
3010674,213.03950788174734
3010675,0.41797503020493365
3010676,0.3276551992162482
3010677,5.564767251077673
3010678,20.950029463947818
3010679,0.9806996063693962
3010680,178.76498605003684
3010681,221.823363527912
3010682,1.095952157953928
3010683,4.025673865062643
3010684,158.6585703006873
3010685,38.69887698214589
3010686,1027.5111316490165
3010687,0.3694679117044376
3010688,1.6940650299996116
3010689,3.5505090404505024
3010690,0.33115977471589536
3010691,2.3047064668294137
3010692,2323.686653457507
3010693,0.22100186093047242
3010694,557.9247040119196
3010695,6.158230098395919
3010696,933.3600106935206
3010697,677.3058454912369
3010698,244.44650661604948
3010699,165.46440983410946
3010700,62.219695978632494
3010701,3872.430622987098
3010702,4.800687362392662
3010703,1.1032892878774947
3010704,16.938721026444224
3010705,23.756795824226295
3010706,0.43683489497190975
3010707,229.3661828614509
3010708,3.4287361059031007
3010709,2.489389826273393
3010710,4.9765940156597805
3010711,21.320694998429353
3010712,2.7892193730470676
3010713,173.7433514972286
3010714,246.01986595220822
3010715,3.429508305668
3010716,5.55984086144375
3010717,151.45206702592264
3010718,38.04842195493963
3010719,556.7546983243063
3010720,1.5661829025879324
3010721,2.398503163798913
3010722,2.5000687372083386
3010723,0.0
3010724,0.19044091101356517
3010725,1272.5529810049766
3010726,0.0
3010727,119.51689118656184
3010728,2.038053986401894
3010729,461.3652781982621
3010730,140.98885919694658
3010731,102.58202529029498
3010732,259.791750226831
3010733,23.46029319934633
3010734,1798.9873316119065
3010735,1.8587199136533825
3010736,0.20167015293555576
3010737,5.486681563027647
3010738,5.007844910455234
3010739,0.0
3010740,107.13411117554537
3010741,0.007579130581074651
3010742,0.09791929419873387
3010743,0.8063819030493353
3010744,23.279449121504076
3010745,0.33290550163194355
3010746,88.22384637997752
3010747,104.74493369271735
3010748,0.48162599415465623
3010749,1.719749742436552
3010750,52.59798756328194
3010751,17.829791309745016
3010752,252.42421177864148
3010753,0.09989435134141711
3010754,0.35830899424195317
3010755,3.2423698047788254
3010756,0.0
3010757,0.9250761042948175
3010758,2625.038295999607
3010759,0.024833792392343044
3010760,421.4292757647823
3010761,5.089594758048602
3010762,865.0502202749594
3010763,614.4556659678806
3010764,201.8061942635483
3010765,176.76270005168703
3010766,65.33983947823505
3010767,3621.856107064287
3010768,5.512727645763496
3010769,0.4822893809577905
3010770,12.35062918718689
3010771,14.445521083078228
3010772,0.14758462658502336
3010773,223.920483489596
3010774,0.2507473989264759
3010775,6.62536316164711
3010776,1.9089392522251496
3010777,40.73491482634556
3010778,1.325049977042966
3010779,162.0908969993972
3010780,203.04320220322836
3010781,2.542908372786097
3010782,3.8342891653083626
3010783,133.38428648788337
3010784,54.29053749899168
3010785,983.0014236924732
3010786,0.6680676129617064
3010787,1.0870559347942468
3010788,3.483776397494498
3010789,0.13675357508916663
3010790,6.502261651252452
3010791,2514.3905706772553
3010792,0.15240324932712682
3010793,602.3572448490261
3010794,10.30258380904553
3010795,953.2551327553708
3010796,1000.4229354329315
3010797,195.6543295594217
3010798,154.98335003158914
3010799,137.78563326516806
3010800,3227.6353661782405
3010801,31.17031090713555
3010802,1.165257340868181
3010803,21.472794303048055
3010804,23.067636511935447
3010805,0.3764207317971091
3010806,275.7103093792788
3010807,16.591893950114628
3010808,17.74276990401303
3010809,4.106184120891194
3010810,79.0482238679184
3010811,9.97861248949527
3010812,245.00920697805242
3010813,247.89190979481344
3010814,12.135846694930446
3010815,11.14719468150102
3010816,269.8097100865619
3010817,108.93069090022301
3010818,2227.2308461428033
3010819,0.68582873811839
3010820,13.543182784491638
3010821,4.840517815275456
3010822,0.05041740709284713
3010823,5.4225224175188895
3010824,2150.592245937588
3010825,0.04988621713857112
3010826,511.0632042407302
3010827,10.645562879565846
3010828,978.5990865320979
3010829,813.9772709286037
3010830,198.2061546755549
3010831,109.65950969696576
3010832,109.42203625662329
3010833,2948.460903262043
3010834,18.365914834831496
3010835,1.0210475315201077
3010836,19.074088513889482
3010837,20.320960508021784
3010838,0.243214134937476
3010839,272.41338185127626
3010840,15.793288309817116
3010841,8.893915200555206
3010842,6.363356422154504
3010843,84.01410308933393
3010844,7.3544200400265245
3010845,159.33881464638972
3010846,258.91956384366796
3010847,8.043347909829581
3010848,9.774707120096405
3010849,138.8144495471551
3010850,85.81294883199416
3010851,1339.806730782726
3010852,0.4802973499950145
3010853,13.322462573314485
3010854,6.495684193219995
3010855,0.24699691974600704
3010856,3.5928284383923383
3010857,3161.559503042876
3010858,0.1512528883447585
3010859,665.4124249398544
3010860,8.889627801255582
3010861,1156.1968628936274
3010862,788.4640230010609
3010863,246.88635165047026
3010864,441.5668315747183
3010865,74.11254174331953
3010866,4563.098878450671
3010867,18.64449704481721
3010868,1.1708481173571919
3010869,21.085380703054085
3010870,20.57765946798306
3010871,0.38421256104329565
3010872,320.861528158587
3010873,6.007524244397896
3010874,10.331924004488616
3010875,6.190309999147067
3010876,44.59515964651116
3010877,3.403406724255571
3010878,169.01400111927893
3010879,281.4536505005615
3010880,5.392239109630833
3010881,8.746822923901034
3010882,174.6424155295593
3010883,75.89401679596918
3010884,1209.8386848906887
3010885,14.004243050782538
3010886,8.9525008517285
3010887,3.133448265792628
3010888,0.03697506380060391
3010889,6.238553183327904
3010890,2398.162078878179
3010891,0.044389414611160305
3010892,452.90255175313155
3010893,7.7294634154596205
3010894,799.0551596847046
3010895,789.9751456185826
3010896,229.23433398925272
3010897,150.8601361895549
3010898,87.47786018837918
3010899,2851.9553041569693
3010900,12.927877100783402
3010901,0.8175410428569354
3010902,12.198449066389138
3010903,11.021560453077566
3010904,0.22341002498845267
3010905,205.59378290843784
3010906,14.874401490015687
3010907,9.083525229186113
3010908,2.552221603721463
3010909,53.20046673462464
3010910,6.1246193348224836
3010911,312.02407609649697
3010912,247.50329066349806
3010913,8.129058456215692
3010914,8.639085503100597
3010915,350.73819461333494
3010916,78.55497900983613
3010917,1681.3069817954206
3010918,0.4678517056335195
3010919,17.065143149368367
3010920,3.9908450419084622
3010921,0.2464891883974845
3010922,0.8558701206016893
3010923,4103.8233066690345
3010924,0.1569882250878403
3010925,406.3523567787862
3010926,6.722405837869115
3010927,1700.9612561597153
3010928,661.1470006781975
3010929,288.75698572882845
3010930,205.3375487318052
3010931,58.25215816520341
3010932,5146.389161885402
3010933,8.027824027504149
3010934,0.678282601262814
3010935,21.381848493819653
3010936,16.064464880811567
3010937,0.2472290293189207
3010938,340.37479864796865
3010939,0.8075381733837133
3010940,0.6091133228284646
3010941,4.748427651217709
3010942,35.3318340248596
3010943,1.3317146057742961
3010944,137.7274324540394
3010945,275.7897585371662
3010946,1.636922940176093
3010947,5.300367273929453
3010948,174.63648062100788
3010949,58.789675449016144
3010950,1026.901513680831
3010951,0.41688889209691027
3010952,3.014288287546398
3010953,4.080166464566654
3010954,0.12060691182319914
3010955,5.806500315540967
3010956,2021.0355034161578
3010957,0.12822478961110037
3010958,496.1555041021977
3010959,10.15434209375332
3010960,925.4522178078757
3010961,696.7824042414668
3010962,229.9922657661334
3010963,114.24464646800843
3010964,101.98978783829497
3010965,2976.2618988455433
3010966,19.613094896215845
3010967,0.8673888081772766
3010968,17.098555290522228
3010969,24.038326745867728
3010970,0.28899118927489964
3010971,216.59368512645239
3010972,9.555743850049762
3010973,12.034249800515711
3010974,4.982951053374613
3010975,49.86553216838054
3010976,8.348590490207556
3010977,164.80996055729346
3010978,252.70621129240627
3010979,9.443950220528263
3010980,11.80256960354253
3010981,163.53248703481808
3010982,63.092394078042986
3010983,1484.3599602910149
3010984,0.7182658220972842
3010985,7.273141871351221
3010986,4.506788652636478
3010987,0.1995155887176107
3010988,6.696776676199063
3010989,2062.301139957486
3010990,0.19854480637474245
3010991,495.9554406718125
3010992,7.325553282789741
3010993,795.1868880096397
3010994,748.4492297754696
3010995,206.7265290850147
3010996,118.98965892142664
3010997,104.22944863634838
3010998,2910.828277508787
3010999,24.332433216582455
3011000,1.0568839268556418
3011001,17.907893225574572
3011002,18.39787816184534
3011003,0.45715197982033384
3011004,272.3897229508632
3011005,7.182937681442714
3011006,14.84745775954658
3011007,8.428118995991976
3011008,103.82288271456751
3011009,4.742655915471527
3011010,186.09017739916047
3011011,253.38341701364
3011012,7.041245525733764
3011013,5.256130021336248
3011014,232.813377638787
3011015,81.2592650478885
3011016,2612.5743106077443
3011017,0.9705091035145502
3011018,12.388997598844835
3011019,4.264158690985658
3011020,0.1088260996445265
3011021,2.1439953555548454
3011022,3585.336960759588
3011023,0.09572852691289302
3011024,409.1661565755139
3011025,5.199575851603806
3011026,1127.0691022049552
3011027,588.1291217760177
3011028,269.152839149854
3011029,210.3519533759232
3011030,42.841692201546245
3011031,4276.4837719564
3011032,3.89592971851937
3011033,0.6325780477522793
3011034,16.402489106128826
3011035,16.588726823227486
3011036,0.1871700974104152
3011037,249.79631526531324
3011038,0.21483295719783913
3011039,1.9541276919737167
3011040,2.0205865385568265
3011041,46.14843798139053
3011042,1.6275978293476459
3011043,153.6218858748201
3011044,266.96993493235146
3011045,1.8023018618695936
3011046,3.7777722370591924
3011047,146.9931784018704
3011048,49.62283693241329
3011049,618.5167325679449
3011050,0.7476375604675014
3011051,1.0136707511379925
3011052,12.946155675110862
3011053,0.6461141321268995
3011054,13.80164634727109
3011055,6839.956059673842
3011056,0.7213228750826429
3011057,1599.773126019246
3011058,28.97603276259483
3011059,2200.804391665607
3011060,2544.643802750925
3011061,551.4253164377557
3011062,558.050286813226
3011063,391.7952163986164
3011064,7770.795060356536
3011065,70.65221005325878
3011066,2.5816676663939955
3011067,72.33961096580977
3011068,92.73682572827175
3011069,1.1787656456667985
3011070,564.6918418229947
3011071,53.1349191126482
3011072,22.51969784987751
3011073,27.03369390992632
3011074,229.74236776450277
3011075,20.140845577668557
3011076,890.6472216949712
3011077,586.1985501790118
3011078,28.150787567708505
3011079,34.23771820858667
3011080,1115.6774841344857
3011081,379.65636840134795
3011082,5857.975566471124
3011083,99.83617684638139
3011084,81.01991406695153
3011085,10.251043479480572
3011086,0.28710533862413756
3011087,12.748936956896152
3011088,6799.781485840787
3011089,0.38290554614013994
3011090,1314.197974175304
3011091,25.12916385443673
3011092,2212.585958310213
3011093,2231.242357956776
3011094,595.0084771803495
3011095,352.59300429234384
3011096,312.6658786634848
3011097,8162.079327138366
3011098,60.573588608653786
3011099,1.2457882617766096
3011100,50.15884111279093
3011101,73.9532964226428
3011102,0.8144973753892008
3011103,497.4769655653459
3011104,34.92754758688222
3011105,23.174033298866
3011106,11.929210826101636
3011107,132.63887487099387
3011108,14.320065293512013
3011109,906.5694617747656
3011110,628.5030893172939
3011111,23.352919041582393
3011112,24.13225707139353
3011113,940.2025168336945
3011114,292.95868021693144
3011115,4689.7055755055
3011116,86.40932630531361
3011117,65.20717838784333
3011118,9.770853552648136
3011119,0.1917399863805208
3011120,13.857838545544675
3011121,4139.232115137357
3011122,0.2475880263123688
3011123,960.8899795718019
3011124,16.960728372396837
3011125,1841.8137470667675
3011126,1496.0624301765038
3011127,594.3974036197211
3011128,166.8559416148093
3011129,165.93393695128384
3011130,6696.093006545304
3011131,34.08154113957374
3011132,1.083589261652614
3011133,28.021988364858725
3011134,40.03256278620309
3011135,0.6216092652843059
3011136,424.5373508934547
3011137,32.897764972229126
3011138,12.837250633193868
3011139,8.26679893776653
3011140,96.72611783737494
3011141,9.74500504088115
3011142,784.7455295092908
3011143,596.0377119714825
3011144,17.785755149756227
3011145,24.59311001501979
3011146,694.0861901719487
3011147,138.04534864060471
3011148,1942.825727657533
3011149,85.34260894623962
3011150,33.85785202057181
3011151,10.436587231565614
3011152,0.2665045100531608
3011153,15.423137554802606
3011154,5870.968677686449
3011155,0.35911451087969
3011156,1308.3259348434403
3011157,22.52234384135208
3011158,2198.0207489109675
3011159,2182.0913227640267
3011160,628.6900671938857
3011161,310.5503121664963
3011162,262.5998148410312
3011163,8031.273845006108
3011164,53.72326231664313
3011165,1.4153618049894439
3011166,46.807612187685834
3011167,70.07707124352251
3011168,0.8008115105030399
3011169,546.0214724723919
3011170,38.483020097320484
3011171,21.536112344157672
3011172,10.228270335961703
3011173,139.34521528082794
3011174,12.675405797499824
3011175,785.5721099861548
3011176,652.8469219212991
3011177,22.318875900760553
3011178,23.789997985274923
3011179,901.4273348834334
3011180,238.44438962971807
3011181,3712.93654604165
3011182,84.45626464433984
3011183,58.12794827709294
3011184,7.68328125193718
3011185,0.021540937175534274
3011186,11.23189803395799
3011187,3420.3845913168007
3011188,0.06196517315924913
3011189,846.9777173673145
3011190,15.674876770959166
3011191,1836.1412640920214
3011192,1186.9263437159166
3011193,485.243463887629
3011194,123.27868156388382
3011195,122.01255749988334
3011196,5897.05595365
3011197,28.696073865298374
3011198,0.8266785907711962
3011199,25.333428774219858
3011200,34.346918100343714
3011201,0.3489280485994248
3011202,414.9915408680422
3011203,32.67893646055325
3011204,7.255782437669949
3011205,6.070415108623627
3011206,61.45558875822736
3011207,6.189110255360363
3011208,657.3316101876007
3011209,540.6704923415509
3011210,13.061033613889421
3011211,15.594523015572477
3011212,583.2667007183782
3011213,102.52570208637346
3011214,1460.2661817465982
3011215,83.4489570948561
3011216,22.2680839509993
3011217,9.353711304793649
3011218,0.2183803992930541
3011219,9.856534093432856
3011220,5975.578458331733
3011221,0.3071701391972976
3011222,1306.5781893762396
3011223,25.443073233635833
3011224,1640.375449210295
3011225,2308.749766371077
3011226,433.1068649047191
3011227,389.66324577167217
3011228,303.73818358591916
3011229,7169.970820360558
3011230,54.35429619447355
3011231,1.355686473454457
3011232,44.00023944188043
3011233,59.61153531188987
3011234,0.699521270852622
3011235,412.0772582718811
3011236,34.4622613010008
3011237,26.27889229623885
3011238,6.267862746568532
3011239,191.4489592387088
3011240,15.143435432741555
3011241,668.2808626116821
3011242,495.1686028080399
3011243,22.466094968350514
3011244,25.541797853011936
3011245,787.5644100906086
3011246,271.0100986881746
3011247,6051.5166956086905
3011248,70.97961048336987
3011249,62.576257817667226
3011250,4.839291267271413
3011251,0.19151153436457732
3011252,6.663008194537132
3011253,1662.7243241851786
3011254,0.15886519734944707
3011255,360.9474913913004
3011256,13.048414615315028
3011257,749.4839927165984
3011258,579.5399001192194
3011259,229.21603835377442
3011260,116.30154898729573
3011261,92.24830690729293
3011262,2617.0374284385057
3011263,15.903459121003802
3011264,0.9518859946265625
3011265,17.918597665915506
3011266,21.686006977373687
3011267,0.38540997586102077
3011268,220.25926080711162
3011269,10.144084863259241
3011270,4.641431344035626
3011271,8.557090225252441
3011272,46.71378842881313
3011273,5.629532296375544
3011274,251.43885889772517
3011275,254.77496876386624
3011276,4.622354323316098
3011277,9.679426544074826
3011278,225.2634437413611
3011279,72.85517945571469
3011280,1062.553138083417
3011281,0.582055361220099
3011282,11.217276611124799
3011283,7.685400235179569
3011284,0.15016019824408747
3011285,9.587531266417539
3011286,3351.9084034316056
3011287,0.14627302915628956
3011288,708.3637935466703
3011289,18.758906404211984
3011290,1451.2993120343133
3011291,1064.74718430107
3011292,432.3274683050016
3011293,109.44612926745309
3011294,120.01070856251998
3011295,5288.420961274322
3011296,33.26003889672251
3011297,1.0012070654373466
3011298,36.65704483281076
3011299,41.573688108401704
3011300,0.37735583446581433
3011301,378.85221992079846
3011302,24.04749250162775
3011303,6.572571870048024
3011304,3.993494533655838
3011305,82.99160741491261
3011306,7.962349788717651
3011307,470.19654770567075
3011308,470.43916766203756
3011309,11.819757936232852
3011310,16.58382463180406
3011311,386.8046955616063
3011312,106.6342423606832
3011313,1758.7117229764212
3011314,77.05639397149146
3011315,21.40781090306509
3011316,6.395525804645281
3011317,0.11509443167490319
3011318,6.138462738694086
3011319,4563.108532764838
3011320,0.20665237642902767
3011321,933.3696059485475
3011322,13.143126202038516
3011323,1216.9453181166887
3011324,1659.9826979654135
3011325,266.44470880468543
3011326,263.0286027612713
3011327,193.10597274906323
3011328,5006.382382335714
3011329,19.905508141662892
3011330,1.1274308762313554
3011331,17.894991693926457
3011332,33.07329059112798
3011333,0.55367655872917
3011334,312.04425840282846
3011335,3.9571217192582573
3011336,18.97520667812372
3011337,4.105530294926333
3011338,139.11080539301918
3011339,10.175742316985348
3011340,572.2200067456562
3011341,307.77980639253923
3011342,14.522544302191566
3011343,10.999393055731757
3011344,630.508829201216
3011345,145.2046361091395
3011346,4063.8803539506557
3011347,1.6928838814277596
3011348,24.633926513570792
3011349,7.101398955732046
3011350,0.8113781511362621
3011351,6.7143870601215045
3011352,2673.8108450716963
3011353,0.8493358273374385
3011354,798.8865523016032
3011355,13.714157208699167
3011356,981.7174134249597
3011357,1094.495086483212
3011358,394.3497110523987
3011359,193.26673713743995
3011360,161.28012014451636
3011361,4399.390151857975
3011362,11.032482386341858
3011363,1.9981601461248824
3011364,28.15728376319173
3011365,35.92653959096499
3011366,1.2354585603905346
3011367,197.28381391181588
3011368,4.901969386801749
3011369,6.78309645955803
3011370,5.88342814362557
3011371,186.2572745528208
3011372,4.605461195863532
3011373,328.61527059905524
3011374,390.5359165971108
3011375,5.713820248132172
3011376,8.21095370654365
3011377,306.4173579991498
3011378,136.96527588153052
3011379,1939.0568959126897
3011380,1.9035623833432769
3011381,8.065214697574799
3011382,5.431996700124788
3011383,0.09858528806176302
3011384,5.860570561226778
3011385,1887.969352168092
3011386,0.07804572184654109
3011387,435.3508856656267
3011388,8.485205535568976
3011389,809.5432594752731
3011390,604.0201913795283
3011391,212.64423300142627
3011392,106.61963374490934
3011393,92.4282485285764
3011394,2453.4796925591963
3011395,15.222854273262074
3011396,0.9386436191592843
3011397,18.002459601613886
3011398,24.678720257726447
3011399,0.2590525148588821
3011400,284.26262734177396
3011401,3.7804111890279364
3011402,4.241530765147274
3011403,3.865381902315519
3011404,75.72834316044512
3011405,4.4876507847878795
3011406,184.44173784960572
3011407,228.1383134230408
3011408,5.565961457388204
3011409,7.31198180413395
3011410,193.1361087555158
3011411,69.50832868469283
3011412,2054.562608970017
3011413,0.7841859732820236
3011414,5.8721590188740596
3011415,3.831774265637985
3011416,0.05297412125879397
3011417,1.5765920909545572
3011418,1929.5155470681862
3011419,0.0
3011420,217.69733570510965
3011421,3.157480977032744
3011422,876.1982927477119
3011423,265.24444678036934
3011424,182.4561112821147
3011425,91.30587203686909
3011426,25.04066893551973
3011427,3098.2139473193333
3011428,4.667500168263284
3011429,0.4218022135324938
3011430,14.885861495081514
3011431,13.509688057803821
3011432,0.08067658392606102
3011433,202.8792258256779
3011434,0.294891814349187
3011435,0.20790000474366452
3011436,2.004662337724032
3011437,14.572718820083622
3011438,0.6428790299095225
3011439,64.93351372600567
3011440,174.54905510169152
3011441,0.5367357824785186
3011442,2.669384709352483
3011443,52.968030980603345
3011444,33.611810251021815
3011445,263.4318527446797
3011446,0.28407011994671005
3011447,0.9930345418032304
3011448,4.703144563560958
3011449,0.05369722949897106
3011450,6.063190070648923
3011451,3395.5224803319597
3011452,0.07357298064567702
3011453,596.263637523522
3011454,12.436791928844642
3011455,1133.3289066855443
3011456,1121.0101688037948
3011457,316.8383956827739
3011458,182.27479861828718
3011459,127.07708603923855
3011460,4140.392919706875
3011461,27.463204887697756
3011462,0.8374704611644992
3011463,24.69193696366398
3011464,39.48077798952417
3011465,0.28689479772689985
3011466,309.6903880730953
3011467,18.749687742245865
3011468,8.449438114834493
3011469,9.245357338341528
3011470,50.62280740148097
3011471,6.366122056673023
3011472,441.87301015709005
3011473,324.52557431061854
3011474,8.341063586438416
3011475,11.56322970938099
3011476,500.9223189354357
3011477,110.59243244628837
3011478,1965.7427248248946
3011479,0.3891077803863322
3011480,30.56656842836614
3011481,4.255289328296109
3011482,0.19058600764124212
3011483,7.160108084507174
3011484,4030.1171893373344
3011485,0.26203702621149694
3011486,812.4480030448672
3011487,14.44954780063438
3011488,1038.5944559126622
3011489,1391.6806995876318
3011490,230.30377130009956
3011491,284.4449759094683
3011492,207.8143501863555
3011493,4326.543528883074
3011494,30.324314402491535
3011495,1.4011018863676417
3011496,22.698508831132628
3011497,34.164778737883
3011498,0.5385255089696579
3011499,273.48586456734
3011500,11.758932039762202
3011501,26.0550692244902
3011502,6.302498288735333
3011503,168.46535331928422
3011504,10.989218471003326
3011505,517.3131527391124
3011506,288.3629544155966
3011507,11.955572390278498
3011508,11.899582392021422
3011509,575.0513224547207
3011510,176.09937963553014
3011511,4160.985851387609
3011512,0.73539537842151
3011513,37.68142520410818
3011514,5.262571893525038
3011515,0.3058789058345809
3011516,9.976233355325904
3011517,3878.5069394051498
3011518,0.3335394568854707
3011519,833.1396825630986
3011520,18.51240601127452
3011521,1201.2211262160986
3011522,1438.4957857198556
3011523,303.6539454634704
3011524,280.68324513146075
3011525,172.06327958904046
3011526,4542.378606723024
3011527,35.21201207362421
3011528,1.66875047399042
3011529,35.347923800442594
3011530,38.51817811312381
3011531,0.6702713289623552
3011532,332.9048738108796
3011533,26.611658116155457
3011534,23.121298870650513
3011535,16.958577785122504
3011536,116.6633922753361
3011537,13.4669362205378
3011538,439.6724479141683
3011539,329.193602751019
3011540,15.265734629220317
3011541,17.678222168637266
3011542,532.9779618440846
3011543,168.2152076907026
3011544,3766.487918041751
3011545,0.9202751328035744
3011546,41.06127440416722
3011547,8.407478681900706
3011548,0.29322311315715827
3011549,6.06636361151886
3011550,3574.4771296532
3011551,0.15656154125636548
3011552,637.2217216043105
3011553,11.119094341675025
3011554,1625.1355330378947
3011555,900.1747394580362
3011556,462.4862900494836
3011557,264.19383660514575
3011558,72.34009908452964
3011559,5672.919949199591
3011560,10.137862231423833
3011561,1.1571571129066829
3011562,22.8323242407092
3011563,32.269742338596
3011564,0.41750909921964996
3011565,414.2350647981492
3011566,10.980289213217365
3011567,3.8258183616607617
3011568,6.985071302121095
3011569,48.11652463835692
3011570,3.464813981477764
3011571,391.61338842684245
3011572,418.74244316728715
3011573,5.151846415881467
3011574,11.284803466367004
3011575,370.2544976001938
3011576,77.86461911599484
3011577,1061.1119881788466
3011578,59.24517718970397
3011579,12.58450181072022
3011580,3.264274595979654
3011581,0.1465100511010579
3011582,2.9073532369285697
3011583,1718.600200712885
3011584,0.16859073103839092
3011585,401.8640267167918
3011586,11.157311555597067
3011587,632.8706456985699
3011588,731.1157959489584
3011589,145.54856093407952
3011590,140.9834374462121
3011591,112.65914447135292
3011592,2344.9481058315714
3011593,20.303434667994132
3011594,1.0997579905684975
3011595,15.780284095576002
3011596,23.819370798352733
3011597,0.3447957704060412
3011598,202.46557808569824
3011599,11.825784736067057
3011600,11.202045894869007
3011601,4.967182625045048
3011602,78.05032456418772
3011603,6.874458209895986
3011604,255.2499481429186
3011605,150.92527472619693
3011606,6.8355802001734975
3011607,13.36740812008921
3011608,216.2497612119457
3011609,90.24166473644291
3011610,1728.7048819530971
3011611,0.46462835944484204
3011612,19.530995647560438
3011613,2.1775883594794703
3011614,0.01075764316426587
3011615,0.5425870354597981
3011616,1052.4936390261796
3011617,0.0
3011618,119.52436740952481
3011619,2.6157041543319988
3011620,616.3358012205341
3011621,226.08419018293517
3011622,158.68502863592292
3011623,40.06192819202428
3011624,22.29774295297421
3011625,2243.266034931891
3011626,1.9795859966760478
3011627,0.2759990441103036
3011628,5.794656484209707
3011629,7.90053089111849
3011630,0.0
3011631,140.17769165648141
3011632,1.3395050476364694
3011633,0.1957960202647048
3011634,1.3255389596886302
3011635,8.182444707153387
3011636,0.5505476976643531
3011637,121.49465017394337
3011638,152.7056631031521
3011639,0.6565138869730879
3011640,2.4177263797161594
3011641,102.45179150550231
3011642,17.07514769956745
3011643,359.7327217865124
3011644,4.403265475688185
3011645,1.807970579753927
3011646,6.113419095449389
3011647,0.23447336400111032
3011648,4.419803635223163
3011649,4083.43171544767
3011650,0.14854969527498185
3011651,590.7087850951032
3011652,11.435676461434166
3011653,1648.8843844107312
3011654,816.1175501960372
3011655,440.9107020533658
3011656,108.87949729718929
3011657,76.60714347093686
3011658,5846.283457563763
3011659,13.493497697249982
3011660,0.8542166779717306
3011661,20.52058670694735
3011662,22.173791999897496
3011663,0.4363017403508106
3011664,374.34602903953015
3011665,7.692251396126295
3011666,3.1521282350181563
3011667,6.223961386749312
3011668,33.29849524734179
3011669,2.288983783692117
3011670,459.99250319754765
3011671,396.2436081606455
3011672,2.3977607409459547
3011673,10.192896530158821
3011674,378.36651796212004
3011675,55.26184761091246
3011676,2011.2467859948651
3011677,9.39085110938993
3011678,7.591644304752311
3011679,3.9189901451188405
3011680,0.11577455707414773
3011681,0.6983955255806278
3011682,1633.8016815840688
3011683,0.07105600709026466
3011684,190.52073489520524
3011685,5.832900761608628
3011686,745.690836766521
3011687,368.6914081850182
3011688,202.6510467588172
3011689,62.053195645146424
3011690,29.29431969224806
3011691,2475.4648831895493
3011692,4.205228604575544
3011693,0.5350430891076549
3011694,12.222236222650785
3011695,9.82672733277182
3011696,0.16567186191843028
3011697,169.12777882936675
3011698,1.1261843158263924
3011699,0.4745092490553317
3011700,7.690144911705383
3011701,32.555596968430756
3011702,1.146374069115385
3011703,118.75194147273264
3011704,174.836781995745
3011705,1.1064847354553948
3011706,4.093011496632102
3011707,120.05254746467476
3011708,25.43361082740376
3011709,613.9830173760666
3011710,10.201179221327333
3011711,2.3653832508336516
3011712,3.4017807157424826
3011713,0.0
3011714,1.699772379653871
3011715,1404.9949549201008
3011716,0.0
3011717,141.9238075224044
3011718,3.735663037372142
3011719,668.214571152007
3011720,235.8823388659274
3011721,141.44339963398116
3011722,44.93658850364041
3011723,22.72386610759417
3011724,2556.0493969251697
3011725,4.010875087683509
3011726,0.290440197061185
3011727,7.853965369899145
3011728,8.174773628918565
3011729,0.027198129512763358
3011730,143.02647477926624
3011731,1.9169111079141845
3011732,0.216912576426847
3011733,1.8421698996582598
3011734,19.132737164288585
3011735,0.6794885239340118
3011736,114.03366968619689
3011737,151.18802137952648
3011738,0.621745413378785
3011739,2.8685575916474786
3011740,89.10083097052127
3011741,22.704494046600555
3011742,347.533171404619
3011743,8.339849856872426
3011744,1.599058593940959
3011745,2.8639294203032533
3011746,0.0007536441814075657
3011747,0.5051041591816325
3011748,1656.1186257045715
3011749,0.0
3011750,177.8797056809508
3011751,4.6181612928929185
3011752,920.6192365851663
3011753,381.91906995615284
3011754,238.9522943592778
3011755,46.700940616309275
3011756,33.72574378242637
3011757,2986.055356523898
3011758,4.0301496821120395
3011759,0.2712109179418371
3011760,10.379802693907894
3011761,12.021022218757626
3011762,0.03935993308843062
3011763,216.0097653010314
3011764,0.6555141287780571
3011765,0.3030196727536874
3011766,2.2339512916236357
3011767,19.310527737279628
3011768,0.9946560266507503
3011769,170.33434800114188
3011770,215.11525333351344
3011771,0.8242045677476667
3011772,3.4292706140349902
3011773,73.82680964917436
3011774,40.8356080686387
3011775,610.55138289388
3011776,6.386718846763181
3011777,2.724515223190876
3011778,2.727205753005757
3011779,0.3514469493301778
3011780,1.163797446810875
3011781,1780.1742860439476
3011782,0.12567642176463464
3011783,170.09796730790043
3011784,4.324698986987073
3011785,841.0160144032338
3011786,317.86003720172437
3011787,265.66227332657985
3011788,76.08278237820741
3011789,44.70846571898403
3011790,3019.163881775105
3011791,5.451780727966063
3011792,0.7793452711020269
3011793,13.636732406619908
3011794,16.915217540713087
3011795,0.22696757278681515
3011796,216.0122201423155
3011797,5.136395841470743
3011798,0.6527671357944544
3011799,3.0330100187687856
3011800,16.828153459080745
3011801,1.5221087274013843
3011802,126.16817051181984
3011803,194.35455598967627
3011804,1.199847420223103
3011805,3.9636677129513678
3011806,121.68608384417456
3011807,39.87282804730488
3011808,960.0206162849917
3011809,13.500191868049736
3011810,4.029214580771168
3011811,2.993795515376033
3011812,0.0
3011813,0.3333891769235934
3011814,1171.2196829710388
3011815,0.0
3011816,157.33894537113974
3011817,3.1872021604659504
3011818,651.608400576097
3011819,202.58727889061163
3011820,142.9278634615156
3011821,96.71979099599469
3011822,26.250138809351427
3011823,2281.1920895139697
3011824,2.824659982341574
3011825,0.2844830833264659
3011826,8.982972845438056
3011827,10.766998729869181
3011828,0.0
3011829,152.19817979656796
3011830,0.05449978783035048
3011831,0.17402776851682042
3011832,1.614285553549316
3011833,21.588054007594437
3011834,0.6433271940050109
3011835,68.07789591654928
3011836,144.94890200690844
3011837,0.5968102697436951
3011838,2.388541860101638
3011839,67.93620752446805
3011840,30.03429751102911
3011841,719.4678305202231
3011842,0.11231104273380207
3011843,1.1050536730702067
3011844,5.090685068054592
3011845,0.20721264890390853
3011846,2.573108001353797
3011847,2895.3669454294422
3011848,0.09163830166139118
3011849,373.1719710246553
3011850,7.431576268233744
3011851,1139.2176941076125
3011852,655.6891440704893
3011853,362.9853807579959
3011854,142.46261385767025
3011855,70.29202574345153
3011856,4298.795468368883
3011857,6.776617531211352
3011858,0.5812167902380972
3011859,18.752756738314744
3011860,14.65225365514849
3011861,0.19582580470021121
3011862,275.5813520299411
3011863,1.5958941764594303
3011864,0.5344466035660621
3011865,6.736540855889385
3011866,31.342374661676217
3011867,1.4445866132633518
3011868,238.34458745752303
3011869,273.5675283743424
3011870,1.5671282821829466
3011871,5.805401650901754
3011872,256.93256655951774
3011873,67.34120141178039
3011874,1881.7911530485678
3011875,7.288563596577858
3011876,9.36700763653819
3011877,1.0570963582595971
3011878,0.0
3011879,3.722831751104578
3011880,2114.850696500543
3011881,0.0
3011882,425.1738696833884
3011883,1.8703485444157653
3011884,703.4685160084541
3011885,543.713134127736
3011886,169.67979627315611
3011887,133.94823825470317
3011888,8.636979137968366
3011889,2729.7479243715834
3011890,3.6717072743697154
3011891,0.0
3011892,16.55998026367029
3011893,15.549059224422928
3011894,0.0
3011895,136.09924416195008
3011896,2.6327449322520264
3011897,7.156452827902062
3011898,6.386640567572831
3011899,51.06362066001062
3011900,0.6397168091458159
3011901,25.249712886205696
3011902,162.19207009506425
3011903,1.142838975878963
3011904,2.397402427512424
3011905,33.73776002292271
3011906,10.578325384300511
3011907,1207.8505125424947
3011908,33.12453450859377
3011909,1.955426132438813
3011910,4.3167279381115975
3011911,0.07346352728931019
3011912,2.3328800732766855
3011913,1957.8489224669238
3011914,0.0
3011915,181.27817977502542
3011916,5.127743220303966
3011917,769.8880940991465
3011918,282.5877562443183
3011919,216.58127002630297
3011920,52.577499732971134
3011921,34.79509903020583
3011922,3275.618712304964
3011923,5.583797556752878
3011924,0.6091639068222351
3011925,11.593744945288176
3011926,10.112815231423053
3011927,0.11177196140223358
3011928,166.22640012144785
3011929,4.340893684516253
3011930,0.45479050621762285
3011931,2.9043658622896102
3011932,15.624027647488093
3011933,1.3133113193413344
3011934,114.40176719849653
3011935,167.36869621091637
3011936,1.0161091786678909
3011937,4.02010914930073
3011938,95.46508407968307
3011939,29.853474700728377
3011940,599.4951126890232
3011941,11.15654037150043
3011942,3.6913161629446054
3011943,4.4100848732435605
3011944,0.1237737960944735
3011945,6.883238119511938
3011946,2401.2582403029537
3011947,0.10927688175717695
3011948,623.42347975802
3011949,11.513041343063696
3011950,807.824148202702
3011951,940.6028206485078
3011952,243.72241812902834
3011953,164.23522268966002
3011954,116.4882228404472
3011955,3469.2069550379556
3011956,22.040554134328104
3011957,1.0368231757977033
3011958,17.5861736828296
3011959,15.690939218740207
3011960,0.38007715888632265
3011961,229.43829123166324
3011962,18.75238506660811
3011963,9.691526483893396
3011964,5.527617742268178
3011965,73.9710308253557
3011966,7.285722192933987
3011967,387.4123764881816
3011968,273.68268260822555
3011969,8.499081595508082
3011970,10.110670819403111
3011971,406.274472509743
3011972,104.08606534263565
3011973,1826.5053191553798
3011974,0.4985841771518246
3011975,23.438610590046775
3011976,6.0245205266682715
3011977,0.1658418217468679
3011978,5.181935055779126
3011979,2542.8301213721697
3011980,0.11178765703881034
3011981,447.2571884419597
3011982,8.376092407407585
3011983,986.262281275437
3011984,660.7398409918756
3011985,383.42191965550796
3011986,85.80190803677701
3011987,58.22979942260717
3011988,3812.335625233274
3011989,10.397890557457085
3011990,0.9488197446409845
3011991,19.44459564151225
3011992,18.429319169875143
3011993,0.3945105338257752
3011994,328.74365033057916
3011995,5.730932373453158
3011996,10.682007551006205
3011997,4.940247560842774
3011998,26.465288501226176
3011999,2.292671277100798
3012000,240.59016905384817
3012001,335.97549637779485
3012002,4.609906619216954
3012003,8.493524197242154
3012004,258.14688198160457
3012005,53.21114663785431
3012006,2839.8270680650717
3012007,14.904854877664816
3012008,9.320269331412335
3012009,6.937960196795686
3012010,0.29176333176957436
3012011,3.8795450672956666
3012012,2443.2746541444535
3012013,0.15185803276559373
3012014,375.54637113295314
3012015,5.130502179301793
3012016,989.1587732069127
3012017,538.5826595982692
3012018,262.42953730103164
3012019,135.03937973660658
3012020,65.28395506273884
3012021,3467.6313320245936
3012022,12.22611427605191
3012023,0.9877786769521021
3012024,22.211502432582126
3012025,24.506462331821695
3012026,0.40897327064204403
3012027,291.9517405591945
3012028,2.0008886158428156
3012029,4.2198182764751095
3012030,5.997239830243243
3012031,49.02301554898616
3012032,1.5027151831961505
3012033,146.3389677647692
3012034,269.29589053779483
3012035,2.509460488860693
3012036,5.013538877443719
3012037,156.1775251362668
3012038,64.69371387827037
3012039,2144.197651674514
3012040,0.8464997655510271
3012041,6.694093658686207
3012042,3.697964409758052
3012043,0.06942736724234605
3012044,0.9694052394011363
3012045,1076.1117917662018
3012046,0.05780486161158032
3012047,158.60656070121857
3012048,5.425485878332397
3012049,568.4562965737899
3012050,249.23499224872393
3012051,143.27237048041582
3012052,59.37622260441771
3012053,37.93490805611967
3012054,1856.4325827416599
3012055,5.710312416700969
3012056,0.728307125162994
3012057,16.569404458067556
3012058,15.44912872293
3012059,0.2732346533614015
3012060,170.85364368263924
3012061,1.105236621064931
3012062,0.8824311219998309
3012063,4.10109628814187
3012064,39.72122657367087
3012065,1.2822956360138327
3012066,85.36417009635696
3012067,137.57992450617405
3012068,1.3768210650647572
3012069,2.8161374490941187
3012070,100.50679677213188
3012071,32.64907767216923
3012072,427.6728916987727
3012073,10.272421609464203
3012074,3.522880779090679
3012075,2.438535143703559
3012076,0.0
3012077,2.97064095297377
3012078,1255.1198817648583
3012079,0.018325167659174517
3012080,269.128061299658
3012081,7.693495501551164
3012082,471.40568278465247
3012083,490.57991546534697
3012084,124.5236449605187
3012085,63.322033861331384
3012086,51.68475352661605
3012087,1796.98824008358
3012088,12.955857138785118
3012089,0.4596482432954284
3012090,8.898806893847594
3012091,13.706020713417058
3012092,0.1533715269337367
3012093,119.32684530534884
3012094,6.922706088303905
3012095,1.9771072184316976
3012096,4.978456634959852
3012097,49.1747343773106
3012098,3.097750785235249
3012099,360.88286803239794
3012100,130.81820850934648
3012101,2.917752918788969
3012102,4.916306756849617
3012103,264.04087352182324
3012104,43.53142574401589
3012105,796.5014506605514
3012106,0.2564133590372035
3012107,10.206340908532562
3012108,3.86928735683313
3012109,0.20582333188305788
3012110,7.5205304451804995
3012111,3014.3216445864664
3012112,0.24491288284503926
3012113,799.7908726418514
3012114,14.852737438434708
3012115,992.963737624081
3012116,1346.6397118196303
3012117,261.9041079152933
3012118,173.2724194633281
3012119,130.64706386062207
3012120,3725.041653285668
3012121,22.75290831591993
3012122,1.1490060130059478
3012123,24.782900299706967
3012124,38.428283403697705
3012125,0.4513155614535057
3012126,271.5757642048065
3012127,12.84320298917756
3012128,22.841066335638967
3012129,5.790446826370891
3012130,103.82306820980725
3012131,11.461669374314162
3012132,307.65237087649365
3012133,284.30920818419094
3012134,14.669987245374394
3012135,13.187133565629862
3012136,365.68846699394487
3012137,103.23646890410174
3012138,2815.7471149153703
3012139,1.0101674729655643
3012140,25.56911001336105
3012141,1.0342673438667624
3012142,0.0
3012143,3.276705424700719
3012144,1446.812354076014
3012145,0.0
3012146,266.3106129039449
3012147,2.6479410341605245
3012148,399.15442311605136
3012149,407.3055236002523
3012150,115.10296969167102
3012151,33.62518494192214
3012152,21.661448720795715
3012153,1603.779458959293
3012154,4.1929560719468855
3012155,0.05049326734586479
3012156,6.309297365551158
3012157,18.080282984594977
3012158,0.0
3012159,111.00948725888935
3012160,0.025938614356943304
3012161,6.1365642925984885
3012162,1.3911630824994767
3012163,105.27686543031608
3012164,1.7925676667644588
3012165,50.07252421211655
3012166,117.53990984340192
3012167,2.352383556365965
3012168,2.337907540500172
3012169,39.07219723915165
3012170,17.4415699464027
3012171,524.0349648714238
3012172,0.0
3012173,1.1076811911252513
3012174,2.5377019913412946
3012175,0.0
3012176,0.5296090296376892
3012177,649.851378856257
3012178,0.0
3012179,152.86041448629464
3012180,4.0253501264413
3012181,306.3881408859235
3012182,195.93995264434224
3012183,80.31175531381422
3012184,37.7220952456929
3012185,23.45548642801342
3012186,1160.875942294323
3012187,2.7441854994371226
3012188,0.3605371407780837
3012189,6.069580353775957
3012190,8.26419443634007
3012191,0.05541461386738015
3012192,68.17470007360325
3012193,0.48283255275325776
3012194,1.9924211509822294
3012195,1.4431250595567475
3012196,24.60067560369108
3012197,0.7811522329252434
3012198,155.97888787817698
3012199,104.25841646079787
3012200,1.25049645597451
3012201,2.362516434776366
3012202,108.36852456072552
3012203,16.274514945950383
3012204,271.93841482051613
3012205,0.23245336596691357
3012206,1.7872926818603965
3012207,4.856898689494965
3012208,0.11539316148403624
3012209,3.31685387483656
3012210,2381.3690103721633
3012211,0.13543981840161434
3012212,620.1442908186842
3012213,11.09051487581794
3012214,654.2482108940867
3012215,853.6520263380773
3012216,218.1781231182419
3012217,181.25984363487686
3012218,97.52782224752144
3012219,2942.3570029154234
3012220,17.147688014724157
3012221,1.0526348860864905
3012222,14.226531035812702
3012223,23.831532713454063
3012224,0.35631345585373414
3012225,225.42840939996546
3012226,6.4794012160251615
3012227,17.327523948532395
3012228,4.011952993560663
3012229,91.93528535410559
3012230,6.380583298398971
3012231,273.748468710435
3012232,247.0725413066124
3012233,10.16943009634365
3012234,9.255559266706939
3012235,324.9829735758461
3012236,83.20885493092419
3012237,1881.7831488318946
3012238,0.7499985174947995
3012239,16.651337891166158
3012240,5.308000113139722
3012241,0.09570287582183538
3012242,2.64954814073366
3012243,2624.558409572266
3012244,0.0631912377685801
3012245,557.8766450323326
3012246,7.44159408209501
3012247,1006.5852664176377
3012248,773.4930982301282
3012249,308.3772163777329
3012250,170.8888825485617
3012251,63.15882826868101
3012252,4038.7898995751375
3012253,6.506598124646233
3012254,0.8553945020641989
3012255,17.88890501687369
3012256,15.942372697859899
3012257,0.297928390303951
3012258,255.4473404957333
3012259,0.32550703751770627
3012260,5.478073544611503
3012261,4.004821678325793
3012262,61.55806695089585
3012263,1.5596873644784799
3012264,195.46615535399894
3012265,297.28456446002474
3012266,3.131436238666027
3012267,4.8403678381672925
3012268,206.0235362412556
3012269,58.12394218624594
3012270,2664.6273210351865
3012271,0.9517565199391507
3012272,3.992814529079107
3012273,5.447017873252776
3012274,0.16560128937103508
3012275,3.0429413963407907
3012276,2422.8234107565654
3012277,0.1325439547800185
3012278,491.77286305822486
3012279,10.460562452966185
3012280,918.1378107043147
3012281,638.329793176272
3012282,249.02862130132317
3012283,136.32480675675438
3012284,61.278833510996606
3012285,3306.1880843553363
3012286,10.500260758041513
3012287,0.9132210314169783
3012288,19.933394662458525
3012289,16.84815384016988
3012290,0.36344489917132994
3012291,302.5144365187074
3012292,1.1465730579720603
3012293,6.93486277152762
3012294,3.55954160483423
3012295,50.40581470450917
3012296,1.5488466379690764
3012297,166.4748411589565
3012298,242.6546347271959
3012299,3.1549945991433592
3012300,7.094469221699391
3012301,177.51635826267295
3012302,57.602754458930875
3012303,3745.598376377129
3012304,0.9786951730134015
3012305,5.402000965564001
3012306,8.647664025744096
3012307,0.695338173328094
3012308,12.796733923443696
3012309,5933.85754176103
3012310,0.6967302177961201
3012311,1198.3850852358808
3012312,29.995520109186224
3012313,1778.308953892818
3012314,2181.03604753322
3012315,354.0117109895915
3012316,481.2661622390453
3012317,353.11963718061975
3012318,6704.770258333303
3012319,71.37851237379391
3012320,2.68227507163168
3012321,48.0228330815406
3012322,58.8707518831034
3012323,1.240965413165166
3012324,409.71172002804394
3012325,33.1498917205525
3012326,36.30694491692484
3012327,22.08568138054291
3012328,170.2850896624133
3012329,18.721666062979672
3012330,789.1832121809606
3012331,454.63940200549115
3012332,20.503754409336842
3012333,24.641723148716835
3012334,992.34001046386
3012335,332.9702921532897
3012336,4942.695222984765
3012337,1.8129940603354446
3012338,78.90103026130605
3012339,2.317467778520503
3012340,0.0
3012341,0.4692795583493781
3012342,1250.9407780590745
3012343,0.0
3012344,152.07296051244973
3012345,3.286555810719295
3012346,472.28017577974
3012347,262.89226738086876
3012348,96.67509380459644
3012349,89.8399214037754
3012350,30.062890196957053
3012351,1770.1091676396534
3012352,2.165318159159735
3012353,0.4084311783883167
3012354,12.0624833852377
3012355,9.341048428416233
3012356,0.07633216050141972
3012357,114.12254559434572
3012358,0.4711255796157017
3012359,0.35811449078703567
3012360,2.045346391998647
3012361,28.289758423940693
3012362,0.7836640465252078
3012363,58.51944203725077
3012364,109.97813935560455
3012365,0.8882739873584532
3012366,2.529150604483177
3012367,70.29795858295144
3012368,21.15007551474609
3012369,806.2241570737043
3012370,0.2106267552080393
3012371,1.8895635043934422
3012372,7.070691791915364
3012373,0.35888580350205274
3012374,1.5663630277105705
3012375,2409.451535486778
3012376,0.2159789951134349
3012377,422.3674154378586
3012378,8.335102772778116
3012379,1044.9462970576992
3012380,620.5894320202498
3012381,258.22796241612997
3012382,176.83882718911929
3012383,58.696577882536424
3012384,3901.182719815122
3012385,6.878418584433631
3012386,0.8151793282163308
3012387,14.029945378414949
3012388,20.426479746269198
3012389,0.3573065861207842
3012390,233.43511978258127
3012391,1.6538468000699296
3012392,2.563565853904482
3012393,6.574261483683874
3012394,24.72035313354095
3012395,1.1632917011294628
3012396,238.52197583056397
3012397,269.9854199840383
3012398,1.6893722852243749
3012399,6.696809725734536
3012400,161.71385230367656
3012401,59.54111232941712
3012402,2187.157539563257
3012403,0.630284787581567
3012404,4.728428457127002
3012405,1.4652794265469282
3012406,0.0
3012407,0.10875437591051339
3012408,848.5231535370617
3012409,0.0
3012410,85.00607939167921
3012411,2.178066583982605
3012412,395.4925374854999
3012413,150.07212755437993
3012414,78.32893917262348
3012415,66.83964143075
3012416,17.097341763603985
3012417,1523.7958118769893
3012418,1.3479070816620593
3012419,0.2183919832044202
3012420,5.104712683711561
3012421,3.9877024333944076
3012422,0.0
3012423,87.09552303257
3012424,0.0
3012425,0.08587906182603111
3012426,1.05046972394933
3012427,15.460914239010082
3012428,0.22056403444334355
3012429,48.947734407550904
3012430,85.70933194662705
3012431,0.4088766017156785
3012432,1.5041002452879733
3012433,48.859969404942056
3012434,12.979145590392077
3012435,361.0834040570793
3012436,0.03462258547226549
3012437,0.689848228002791
3012438,5.046401441585265
3012439,0.14176502474669156
3012440,0.7243922273874398
3012441,1713.0047343162623
3012442,0.06290696533399444
3012443,242.12823505573132
3012444,5.3263725359620935
3012445,782.6021621010259
3012446,404.1462887280487
3012447,191.1421493873882
3012448,110.82187433677062
3012449,44.17973543783483
3012450,2747.192181795409
3012451,2.811348702761747
3012452,0.5185016010861576
3012453,15.40475548433574
3012454,11.097277570540932
3012455,0.1437234047089429
3012456,188.220081604049
3012457,0.3879499279069183
3012458,0.3667314184321385
3012459,5.439944861470114
3012460,22.62203157533738
3012461,0.9418199304292597
3012462,169.06892765292295
3012463,190.97663108090592
3012464,1.0765698053759944
3012465,3.878454822026551
3012466,151.82637159116427
3012467,37.78513167766212
3012468,1783.5324682702449
3012469,0.33861067865716044
3012470,1.661033520828843
3012471,3.5641778231537113
3012472,0.3327964673264101
3012473,2.2664265512162034
3012474,2355.7455902651745
3012475,0.22114416483664026
3012476,523.7001138397205
3012477,6.3028080636941946
3012478,878.888026393784
3012479,587.6470110655406
3012480,230.27346258570512
3012481,96.76154841530663
3012482,62.97874434174454
3012483,3759.4649801657843
3012484,4.787630205797707
3012485,1.102112263034013
3012486,16.94747574107213
3012487,26.957408033904745
3012488,0.4420377411927521
3012489,222.23269332791367
3012490,3.4305391357735933
3012491,6.469179310552882
3012492,5.044452240911455
3012493,31.194146535939694
3012494,2.7601970311843784
3012495,171.00766613685
3012496,241.82422981632493
3012497,3.385777182313569
3012498,5.539636886552036
3012499,148.62588188286685
3012500,37.909889559039726
3012501,1389.683970903708
3012502,1.5754751706581485
3012503,2.4039230787725905
3012504,2.432627740279333
3012505,0.0
3012506,0.17638975282308753
3012507,1223.634310873591
3012508,0.0
3012509,110.77553850223467
3012510,1.9740819180997982
3012511,457.8986672243004
3012512,177.55223188434186
3012513,77.40887519094024
3012514,111.73089966572832
3012515,24.560508291936024
3012516,1747.6831286651445
3012517,1.898784702429314
3012518,0.21964489129776332
3012519,5.548508725343968
3012520,4.971721252201627
3012521,0.0
3012522,101.05686208967059
3012523,0.0015208110473540284
3012524,0.14623386305552227
3012525,0.8035745432982969
3012526,20.709322686109356
3012527,0.3382978566856059
3012528,84.98886966439974
3012529,95.21332011739952
3012530,0.4791279978456294
3012531,1.7033965722573203
3012532,51.35403386368856
3012533,17.41916084936903
3012534,551.9311593723595
3012535,0.07936490062486405
3012536,0.3526550889735419
3012537,3.2286371915044114
3012538,0.0
3012539,0.9072923782826823
3012540,2510.299688333608
3012541,0.017619608687596947
3012542,401.7489176926395
3012543,5.1937100181739915
3012544,840.4985929245742
3012545,608.6906543972932
3012546,193.94461154282058
3012547,103.82103584510675
3012548,66.83831665488545
3012549,3549.068820847903
3012550,5.589995530273865
3012551,0.476976514256366
3012552,12.34806210759723
3012553,16.356888646538053
3012554,0.14844239238217635
3012555,217.72036755966766
3012556,0.24767397405709984
3012557,11.7560592261236
3012558,1.876961765457243
3012559,68.83048885213228
3012560,1.3006358288690198
3012561,163.1467652545286
3012562,216.11543743954635
3012563,2.505545030757446
3012564,3.8056007726103718
3012565,131.80085995299385
3012566,54.889446890366685
3012567,2399.4153107233246
3012568,0.6693144154306412
3012569,1.0961606247132114
3012570,3.4592422460788095
3012571,0.13570389394573285
3012572,4.994978178815485
3012573,2462.8545472854935
3012574,0.1460505722394911
3012575,578.9861873850173
3012576,10.517220735380302
3012577,941.5925882069615
3012578,1001.990243964343
3012579,186.56268389261336
3012580,151.95336178927025
3012581,140.52173877822005
3012582,3256.588154962142
3012583,31.49417103995406
3012584,1.1831288551350552
3012585,21.467677051618274
3012586,26.40604014207
3012587,0.37771724964108105
3012588,264.1788008237222
3012589,16.608464613349113
3012590,18.05095106086099
3012591,4.054917967019824
3012592,119.25635283091333
3012593,9.988503115280249
3012594,246.06018726200475
3012595,234.25501390063218
3012596,11.996856137862412
3012597,11.158636716843077
3012598,266.67081845785714
3012599,109.67117703025912
3012600,2135.7621940169975
3012601,0.6874167024597855
3012602,13.523380098903118
3012603,4.802572481578009
3012604,0.051330021538912904
3012605,6.785344377233335
3012606,1990.751305844718
3012607,0.042424401364184454
3012608,474.81731131809306
3012609,10.7041820259001
3012610,923.960721332953
3012611,784.7294126973131
3012612,176.6850576660277
3012613,106.21393345665281
3012614,109.54219761858548
3012615,2845.9693459084615
3012616,18.424698474027082
3012617,1.0169627690319833
3012618,18.809795521788867
3012619,19.876279085831516
3012620,0.24007442764614687
3012621,246.1706269008413
3012622,15.750877265516701
3012623,8.94848320016364
3012624,6.281914344137029
3012625,75.72503651025092
3012626,7.310196965041588
3012627,154.35108636222165
3012628,240.67686251856426
3012629,7.947365393766853
3012630,9.767130143897631
3012631,135.38214460646464
3012632,85.50214016576554
3012633,1323.2797958521837
3012634,0.4765588947663435
3012635,13.236124396996775
3012636,6.453739922198919
3012637,0.25512967813733384
3012638,3.4860436352109536
3012639,3008.462170401663
3012640,0.1483796057894971
3012641,633.7637697317867
3012642,8.933017224395966
3012643,1103.4406531490856
3012644,741.1879218020829
3012645,235.13880487911274
3012646,201.63985103208273
3012647,74.12268305333721
3012648,4280.173182541513
3012649,18.750923218866404
3012650,1.1816269481750197
3012651,21.367701510759026
3012652,20.23436214817474
3012653,0.37858135600161785
3012654,316.78802170822337
3012655,5.9790164797920085
3012656,17.147252636796765
3012657,4.788939416124881
3012658,40.504254075052806
3012659,3.4166652095083343
3012660,162.18755314382088
3012661,261.70337042494947
3012662,5.441363011850967
3012663,8.711032418170381
3012664,171.80371713395633
3012665,75.77218387049116
3012666,2486.5371414325587
3012667,13.131884882898364
3012668,8.881796858863677
3012669,3.110831026075112
3012670,0.03292920271154429
3012671,4.574676681471399
3012672,2145.7578227756107
3012673,0.035536059047971295
3012674,422.98160495789955
3012675,8.171396368903606
3012676,735.9932838665821
3012677,773.9252960479043
3012678,199.3225260545148
3012679,147.22419418556606
3012680,90.47057565898244
3012681,2927.222977536014
3012682,13.101648073296996
3012683,0.8134972521402515
3012684,12.22692037033471
3012685,10.97761246569359
3012686,0.22456241458216414
3012687,218.839660850089
3012688,14.889354363304147
3012689,9.567523847058473
3012690,2.5165572533944705
3012691,62.763189808507896
3012692,6.1097806380496
3012693,308.88418955299676
3012694,227.25830046371868
3012695,8.005538458879627
3012696,8.648165028034823
3012697,343.2960708514354
3012698,78.72186801539013
3012699,1595.8183981555617
3012700,0.4692343467727399
3012701,17.040544795954283
3012702,3.8749754964756895
3012703,0.2405107945443144
3012704,0.7857055163966815
3012705,3715.6384468591973
3012706,0.14112308476187937
3012707,368.4568513908338
3012708,6.985108269360881
3012709,1341.2625707814477
3012710,596.640108890688
3012711,261.50221556435156
3012712,130.99093964090648
3012713,58.58727386307292
3012714,4807.417105264909
3012715,7.970831425870342
3012716,0.6584944237099606
3012717,21.45428549816336
3012718,15.753847546758951
3012719,0.22452623970635718
3012720,322.2019656442426
3012721,0.7746363102115448
3012722,0.664649952124992
3012723,4.64494196293856
3012724,31.38360962323393
3012725,1.2997410915945011
3012726,126.31145176642269
3012727,252.79989817272752
3012728,1.6128836704650267
3012729,5.1582482799320974
3012730,162.12387112859804
3012731,57.04557190990548
3012732,1890.829885945878
3012733,0.3775743971568249
3012734,2.87783761254805
3012735,4.000906134880391
3012736,0.11026199311995502
3012737,7.171015817735614
3012738,1704.8285228991394
3012739,0.11401867325427968
3012740,440.92158675566554
3012741,10.146535732976648
3012742,889.7874336603847
3012743,632.6937094587616
3012744,202.50190705371372
3012745,110.25894477147848
3012746,102.79664622411715
3012747,2589.394719704332
3012748,19.520562075553244
3012749,0.8398000783730052
3012750,16.958103909782235
3012751,17.73703958176012
3012752,0.27276077226370465
3012753,221.11158309523347
3012754,9.422830509776224
3012755,12.127138521653293
3012756,6.898201549602108
3012757,40.9227793576722
3012758,8.247740720574534
3012759,158.99604775302478
3012760,231.2788980750618
3012761,9.328667417464008
3012762,11.424489946538543
3012763,158.6068839355588
3012764,62.60215798379105
3012765,1354.9196343253502
3012766,0.6982190286101191
3012767,7.181101130137367
3012768,4.477152382330754
3012769,0.21121240214214967
3012770,4.90018917436676
3012771,2043.7984241431402
3012772,0.1975596263761585
3012773,481.02051952448676
3012774,7.286857560419364
3012775,747.0881995156307
3012776,725.6316641795918
3012777,197.7531099354766
3012778,117.8676816609062
3012779,104.07930822702201
3012780,2656.465080840636
3012781,24.415535710648374
3012782,1.044174924711853
3012783,18.10556405330582
3012784,17.638233836632338
3012785,0.45601394205648027
3012786,260.7460090484789
3012787,7.176546795502393
3012788,14.897339445659897
3012789,5.471279319993567
3012790,88.44288368220975
3012791,4.737935566497855
3012792,182.19624218777503
3012793,229.5279592709563
3012794,7.006261933414031
3012795,5.251243974912499
3012796,229.70549702375166
3012797,81.14361874925763
3012798,2478.9026239539535
3012799,0.9677388127259419
3012800,12.284601775282152
3012801,4.157181864263346
3012802,0.09435197975321154
3012803,0.7129972418265382
3012804,3359.788519037982
3012805,0.07645797267880483
3012806,379.2540109804527
3012807,5.224799799510448
3012808,999.1142078626029
3012809,537.3477282366132
3012810,261.0320550866544
3012811,128.96554969140297
3012812,42.12366435437304
3012813,4078.2900001678154
3012814,3.8536867079067734
3012815,0.6142991785200622
3012816,15.98788853133892
3012817,11.21836457679143
3012818,0.17479376102600816
3012819,235.36563769287775
3012820,0.1983184937465025
3012821,5.3041709512954265
3012822,1.9627859002738046
3012823,41.429928998229954
3012824,1.5840459766036532
3012825,145.74393542685556
3012826,248.40120945473404
3012827,1.7401226620461712
3012828,3.7128231059706485
3012829,142.21681977344466
3012830,48.393270627942485
3012831,1707.8763229814317
3012832,0.7131761874792257
3012833,0.9397183722017539
3012834,12.72987170343726
3012835,0.6355394987811263
3012836,13.65875283819199
3012837,6518.902243130498
3012838,0.7024091931574734
3012839,1509.1267472262573
3012840,30.468537014696036
3012841,2087.9960560975974
3012842,2434.8323367450403
3012843,556.1934395312719
3012844,547.4576407133752
3012845,402.6881505037396
3012846,7601.874259622286
3012847,71.36247077557898
3012848,2.5913476185703903
3012849,71.30096785256984
3012850,89.67583242446196
3012851,1.1792762389889693
3012852,492.9557400886596
3012853,51.71327411202144
3012854,23.62901649777305
3012855,26.276640938980456
3012856,240.40391018758103
3012857,20.043391782302535
3012858,875.4655757418936
3012859,553.6717770725165
3012860,27.683546039317214
3012861,30.40191396411719
3012862,1100.52851405109
3012863,374.57852616784635
3012864,5214.579399858958
3012865,95.53667564361011
3012866,80.05999593562589
3012867,9.819926502391999
3012868,0.254940713169135
3012869,12.137445525683345
3012870,5730.541360431068
3012871,0.3530631890687513
3012872,1210.6279370644404
3012873,25.895957978298675
3012874,2044.067025954942
3012875,2088.959230961005
3012876,576.2716557312154
3012877,333.5962919879433
3012878,313.93291848176784
3012879,7683.3035936575125
3012880,60.190035146092775
3012881,1.2156378505409209
3012882,49.49801071858724
3012883,66.76223912779732
3012884,0.7925309468302858
3012885,458.554863801415
3012886,33.59609810892155
3012887,23.845107862855947
3012888,9.246338947510125
3012889,144.17890850329172
3012890,14.11654166864581
3012891,865.8306044415867
3012892,572.4928254049909
3012893,22.95893593083625
3012894,23.55284510340337
3012895,925.2965266700104
3012896,280.18415728312374
3012897,4152.133929112862
3012898,80.48998137686165
3012899,63.80128219192622
3012900,9.382221273414078
3012901,0.1687077020879341
3012902,12.958444704104735
3012903,3805.1246789131565
3012904,0.2277559172061084
3012905,856.3164417785351
3012906,17.196273505677397
3012907,1790.3540783778285
3012908,1346.6628324097273
3012909,545.3810669250314
3012910,158.20724614630316
3012911,165.99241824280816
3012912,6187.79420078036
3012913,33.74857317326113
3012914,1.0560330364402688
3012915,27.82544761362812
3012916,37.941899412147365
3012917,0.6026078767570402
3012918,429.7706736660823
3012919,32.91167018469142
3012920,12.919023878242982
3012921,7.893858382608434
3012922,95.1037974161684
3012923,9.60642904234931
3012924,745.14588608823
3012925,548.2548563108619
3012926,17.59689687258609
3012927,23.368196125823932
3012928,663.377293544602
3012929,131.53942741884634
3012930,1717.357008730634
3012931,78.9015927715974
3012932,33.11765250222829
3012933,9.998360597345018
3012934,0.23965983455334178
3012935,14.61312843180871
3012936,5492.013365883846
3012937,0.3349600893673507
3012938,1206.1408097562303
3012939,22.83082652091298
3012940,2014.9455636447783
3012941,2027.4730343017263
3012942,566.5157653047216
3012943,293.8123349533502
3012944,262.69216069891377
3012945,7464.460808033758
3012946,53.393402550415445
3012947,1.3834177673172614
3012948,45.871511543111666
3012949,64.77676474397728
3012950,0.7859333527015868
3012951,453.4176200810151
3012952,40.62207961805281
3012953,21.748559731169937
3012954,9.764817365654974
3012955,138.17588281175873
3012956,12.546238685080022
3012957,745.9308089406935
3012958,596.5951287033448
3012959,22.030893361474156
3012960,23.218476634115845
3012961,890.5913976648742
3012962,228.03888690927045
3012963,3277.537319006084
3012964,78.34641907971016
3012965,56.872378117189925
3012966,7.453852495213475
3012967,0.008342542076434882
3012968,10.516423720734146
3012969,3183.4505023402435
3012970,0.05025888759029177
3012971,779.1452228456599
3012972,15.865873354059921
3012973,1683.7209679314512
3012974,1030.672751808782
3012975,416.12752426322777
3012976,116.73341200606188
3012977,120.64889671342146
3012978,5435.3877214737895
3012979,28.52945071305637
3012980,0.8028894597180594
3012981,26.622792363731975
3012982,32.74292729389842
3012983,0.33834432598652586
3012984,369.1882861867203
3012985,19.915252183434205
3012986,7.373980920006653
3012987,6.600699078563267
3012988,87.57922035771558
3012989,6.124193921403189
3012990,627.7511154721658
3012991,498.5292063656092
3012992,13.004801109821603
3012993,18.07500252924702
3012994,576.4931669558268
3012995,99.00756507133255
3012996,1448.806958801969
3012997,78.59779613334618
3012998,21.905056724564403
3012999,9.016442986925462
3013000,0.1975165213264919
3013001,11.007988778938744
3013002,5469.484217775114
3013003,0.28244294393645336
3013004,1193.7455805619413
3013005,25.8886563733448
3013006,1663.3114451932613
3013007,2125.2053919218943
3013008,386.57983735334324
3013009,372.8652475795191
3013010,304.9691603641388
3013011,6675.267112150523
3013012,54.1488070407417
3013013,1.3299468200144364
3013014,47.87964885540403
3013015,50.76083889913156
3013016,0.6835161844178086
3013017,386.8524724047063
3013018,25.794475360257103
3013019,26.695816282759875
3013020,10.603582515224925
3013021,185.2718837106711
3013022,14.96931701918484
3013023,636.6555731487149
3013024,442.0167463235035
3013025,22.022196584435257
3013026,25.037752138365946
3013027,766.4162433698411
3013028,260.7432865167897
3013029,5136.67224569379
3013030,65.98238328463626
3013031,60.81249041002358
3013032,4.716423352063163
3013033,0.17474388738316676
3013034,6.32856689061221
3013035,1355.0130509225173
3013036,0.14655345332349207
3013037,346.31527328410357
3013038,13.485098228532468
3013039,702.1147296395675
3013040,536.6015506250145
3013041,215.88405582730888
3013042,111.44011825342449
3013043,93.21712092285725
3013044,2307.9027719279734
3013045,15.89200183248013
3013046,0.9260715929848058
3013047,18.128603626908827
3013048,24.538669512632005
3013049,0.3739638316530634
3013050,185.70571344833024
3013051,10.016621146520409
3013052,4.795619047499775
3013053,8.5348390146914
3013054,42.421323219527736
3013055,5.566914955720608
3013056,241.52975142637342
3013057,214.7737262578736
3013058,4.565831274725463
3013059,9.43321755722056
3013060,181.26650496677456
3013061,71.0800490324151
3013062,1037.748415566937
3013063,0.5551383890371447
3013064,11.072328607463085
3013065,7.495667325247505
3013066,0.12872692537173616
3013067,9.056111216345684
3013068,2931.0999966224135
3013069,0.12884695977172245
3013070,636.1704853387401
3013071,19.09185694574002
3013072,1329.4111902508644
3013073,1001.1187490400519
3013074,370.18830188697996
3013075,104.29457400270397
3013076,120.49952611207527
3013077,4949.592414345957
3013078,33.17911085868768
3013079,0.9872084667898269
3013080,36.31526066397425
3013081,39.59170997215091
3013082,0.36955003714189955
3013083,335.13968863133266
3013084,22.59223430814705
3013085,6.688309225435903
3013086,3.9275217965536484
3013087,82.07652583552678
3013088,7.900925217861745
3013089,452.91030479752203
3013090,428.24540574202354
3013091,11.694563115549734
3013092,16.306996527206703
3013093,379.92447573283675
3013094,103.72037072568637
3013095,1575.0818476743912
3013096,72.72096323778017
3013097,21.307664515665834
3013098,6.2809521455641075
3013099,0.10997683141928592
3013100,4.1171083590984665
3013101,3790.556061299755
3013102,0.1955973983863276
3013103,876.8025386094382
3013104,13.544881443278829
3013105,1035.661394103771
3013106,1571.6668548744303
3013107,254.03405786251878
3013108,258.03016578998825
3013109,195.58888661233183
3013110,4792.275212965256
3013111,20.038482586666973
3013112,1.1212319365116952
3013113,25.54773467160757
3013114,32.15367028000909
3013115,0.5540662461159888
3013116,279.1767498228346
3013117,3.9583650461257864
3013118,19.450418224555712
3013119,4.050780822003655
3013120,139.1592158001138
3013121,10.144765624708256
3013122,564.4765386235423
3013123,279.84070575739474
3013124,14.30194473506029
3013125,11.002402698953198
3013126,622.758167510587
3013127,143.29516250695292
3013128,3804.476546772614
3013129,1.668262287267378
3013130,24.542890877735594
3013131,7.066257686533517
3013132,0.8255034237578617
3013133,6.6195569434609824
3013134,2514.317587893379
3013135,0.8442414097040984
3013136,761.0826107555768
3013137,13.775850736514318
3013138,898.8047046902007
3013139,1040.8805408280846
3013140,369.6378160068127
3013141,191.65224619121338
3013142,162.10313729806865
3013143,4269.04892256511
3013144,11.048603440041498
3013145,2.0007477944382677
3013146,13.975320736608465
3013147,35.231595880459004
3013148,1.2360574824857533
3013149,194.53748030698102
3013150,4.903550637259122
3013151,6.8157905934325855
3013152,5.826357897523934
3013153,183.9999751531305
3013154,4.590019673595332
3013155,323.8553189442713
3013156,365.80078193400993
3013157,5.671681345764856
3013158,8.213421497175345
3013159,302.64954175717855
3013160,136.9159379708149
3013161,1818.626409429223
3013162,1.9025240372760417
3013163,8.053065342528061
3013164,5.440595656625307
3013165,0.1160928397350237
3013166,2.985609105344525
3013167,1575.542485651328
3013168,0.08375766635033118
3013169,383.32196643500697
3013170,8.89650501216446
3013171,868.5353541715776
3013172,570.0861923607958
3013173,209.55650688218842
3013174,105.5851578800986
3013175,95.85625722592317
3013176,2364.7379234056407
3013177,15.511777967054709
3013178,0.9527127121282222
3013179,21.66199771558125
3013180,26.396175061447277
3013181,0.26577542066589727
3013182,239.63486611546423
3013183,3.8059369345892624
3013184,4.471436288490431
3013185,3.849507991542531
3013186,58.408020569634985
3013187,4.516726691406384
3013188,183.40145602809625
3013189,224.19019151740832
3013190,5.577440545565068
3013191,7.356364917689049
3013192,191.7289865519975
3013193,70.50241491807114
3013194,1847.0859506082877
3013195,0.793712910482032
3013196,5.884593133637892
3013197,3.710313831707397
3013198,0.05587548695417879
3013199,1.4496842472805356
3013200,1724.5860698985205
3013201,0.0
3013202,193.6526624430716
3013203,3.2769106758951887
3013204,791.1626616008411
3013205,252.3443899649536
3013206,177.60749522041843
3013207,65.18926195929477
3013208,25.245398551365355
3013209,2839.336141525888
3013210,4.644075894210727
3013211,0.4053714170605574
3013212,11.163582588554156
3013213,9.20233710706678
3013214,0.06905636734834292
3013215,186.54551457991826
3013216,0.2809682006138111
3013217,0.2523305282113286
3013218,1.9729599774283966
3013219,19.958302452645334
3013220,0.6326463294593669
3013221,59.90020751050078
3013222,166.32022571825533
3013223,0.5342806860725015
3013224,2.6138286123851597
3013225,51.0089829781597
3013226,32.536062375471694
3013227,706.9264565964052
3013228,0.24598514101252023
3013229,0.9215015629734831
3013230,4.603620231169009
3013231,0.030640233231578766
3013232,5.8132947905833205
3013233,2868.8245253039513
3013234,0.05375408175180362
3013235,588.3124739107543
3013236,13.066917062025441
3013237,1030.0253484575674
3013238,1030.1890977105363
3013239,294.1955382471821
3013240,175.07507471003422
3013241,130.43910628011895
3013242,3906.5773271347553
3013243,27.267920098307883
3013244,0.8019505478494692
3013245,24.146894380926188
3013246,38.38883364286326
3013247,0.2712838026015066
3013248,283.35775184668654
3013249,18.51010927816562
3013250,8.905724954199059
3013251,8.121207179984813
3013252,60.97404302402193
3013253,6.251401232847438
3013254,422.95594291430757
3013255,300.00464849113945
3013256,8.168621099417612
3013257,11.372487931119542
3013258,486.12352073473437
3013259,108.40951570148297
3013260,1830.693706993904
3013261,0.373668784810363
3013262,30.270763230782276
3013263,4.112848096930488
3013264,0.16658994290583262
3013265,6.888101136176167
3013266,3796.650076449655
3013267,0.2343458874903678
3013268,758.1977842044732
3013269,14.722386257262297
3013270,975.8255402466823
3013271,1308.6872084278502
3013272,217.29129841191542
3013273,274.9873676824676
3013274,209.79587474804734
3013275,3873.9229723418744
3013276,30.111804934086273
3013277,1.3852757057051113
3013278,21.858067584348795
3013279,30.380259625338567
3013280,0.5193374273862909
3013281,239.50689059024927
3013282,11.559457287577294
3013283,26.490434485625723
3013284,9.776098882770864
3013285,138.2549007682616
3013286,10.82333784077413
3013287,502.78878827110196
3013288,257.84943434252756
3013289,11.6713061248522
3013290,11.7261661504618
3013291,563.3364410354499
3013292,171.17172095729669
3013293,3688.3688558509366
3013294,0.699246824083646
3013295,36.82095879760273
3013296,5.236814145434728
3013297,0.3032021876112205
3013298,9.804987343145621
3013299,3719.545766261931
3013300,0.32723877658591777
3013301,794.7258520676243
3013302,18.856994397285074
3013303,1118.706684672066
3013304,1407.3242607448215
3013305,287.52649763209837
3013306,274.2898859174899
3013307,175.97224590615627
3013308,4486.306368711257
3013309,35.349573926620224
3013310,1.669851062453201
3013311,32.072414255520656
3013312,37.78387547526391
3013313,0.6700508529385744
3013314,324.4914951905301
3013315,26.608013373839693
3013316,23.453597845581072
3013317,16.82221840920238
3013318,136.25269046565995
3013319,13.3483947039621
3013320,438.6541386531734
3013321,314.39936837514404
3013322,15.131712518429593
3013323,21.97256673490712
3013324,521.1191813602608
3013325,169.66699306654203
3013326,3604.679005488969
3013327,0.9200216562464999
3013328,41.136532029005366
3013329,8.174089700142224
3013330,0.293331515542368
3013331,5.802850647723078
3013332,3566.955305279596
3013333,0.15396033201804782
3013334,589.0631844217447
3013335,11.554235476687822
3013336,1502.297069213539
3013337,837.405123616687
3013338,441.68331682819405
3013339,139.59936413067146
3013340,73.63526272081285
3013341,5408.685432418557
3013342,9.934323814486934
3013343,1.1540015529100083
3013344,23.259315438830498
3013345,21.347248605176404
3013346,0.4143209958349534
3013347,395.9697713686917
3013348,10.84556887020259
3013349,7.935728662917906
3013350,8.860713863589671
3013351,45.45574492059188
3013352,3.423504633903112
3013353,368.53170134673564
3013354,393.9445041960686
3013355,5.181016107635746
3013356,11.003921849292084
3013357,381.1656008485505
3013358,74.99075343685435
3013359,2303.300728238736
3013360,49.57578709626632
3013361,12.322162214881189
3013362,3.2886465398249127
3013363,0.15562461281833653
3013364,4.245850479260015
3013365,1978.696152447898
3013366,0.1779812612828287
3013367,397.3728714034156
3013368,11.226795194108922
3013369,585.8245101500999
3013370,647.28605128095
3013371,128.9606494024616
3013372,138.48102157461815
3013373,113.30874951535442
3013374,2406.6755496140267
3013375,20.425191862976135
3013376,1.1166311698542108
3013377,15.876189772492411
3013378,24.08587211919665
3013379,0.35560224440859356
3013380,171.0166736119514
3013381,11.89908895190098
3013382,22.466779484456698
3013383,5.001287333027295
3013384,112.29263582121644
3013385,6.919463719973682
3013386,255.75697585545436
3013387,141.73722804434667
3013388,6.881035419094546
3013389,8.634223216457483
3013390,264.0930832677149
3013391,90.41440525351736
3013392,3208.874121049802
3013393,0.47639778097192104
3013394,19.332110773206477
3013395,2.166637165329824
3013396,0.0
3013397,0.5372706860126929
3013398,990.6971687285687
3013399,0.0
3013400,101.92201054834086
3013401,2.603243044300661
3013402,587.752728672095
3013403,284.3255641077093
3013404,178.70929824144616
3013405,38.724095570936164
3013406,22.188618699600006
3013407,1984.4143051827984
3013408,1.9693171949799995
3013409,0.2726775825494267
3013410,5.771239479261048
3013411,7.641977786986727
3013412,0.0
3013413,128.3541471689155
3013414,1.3314422115821039
3013415,0.1916748463114373
3013416,1.3175242561559526
3013417,12.055185416504699
3013418,0.5452039127072008
3013419,118.11158245609008
3013420,137.04615643647398
3013421,0.6509456559323148
3013422,2.4062379821445714
3013423,102.10404707594175
3013424,16.7458307087124
3013425,190.96253251706804
3013426,2.879183126265567
3013427,1.800661353005071
3013428,6.059885377185012
3013429,0.2251830426540117
3013430,4.3564840150835735
3013431,3794.6678229393547
3013432,0.13990601282432738
3013433,533.8139033774494
3013434,11.342088836245704
3013435,1490.2421954431197
3013436,891.0920592568912
3013437,398.4194331109071
3013438,107.59577403002697
3013439,76.02309255278783
3013440,5583.808418363053
3013441,13.495135813578294
3013442,0.8402623316991841
3013443,20.269161476961344
3013444,21.903052355920174
3013445,0.425492511809818
3013446,349.50178933149164
3013447,7.626835801869937
3013448,2.2372342592034977
3013449,6.1695957563201445
3013450,34.43875328604563
3013451,2.2642317581345455
3013452,452.8947102959043
3013453,358.0472374649471
3013454,2.3721900886625926
3013455,10.108661739354611
3013456,375.51150548232494
3013457,54.395597205892486
3013458,835.6978017867121
3013459,32.81425612360395
3013460,7.5269858529632705
3013461,3.8819711210685774
3013462,0.10983785292801966
3013463,0.6856138482538869
3013464,1477.7968894208439
3013465,0.06544807366119712
3013466,176.54833125937432
3013467,5.781478150429369
3013468,669.4563267155615
3013469,432.57041673912585
3013470,181.84340069252218
3013471,60.47864455957391
3013472,29.02899648024545
3013473,2301.5621654229585
3013474,4.205816921498611
3013475,0.5270057694927335
3013476,8.993512838430972
3013477,9.770039759260332
3013478,0.15956853010524638
3013479,150.1932497151119
3013480,1.1101832127542564
3013481,0.4746759043187871
3013482,7.316110937717091
3013483,28.270470790499804
3013484,1.1302210232784693
3013485,116.11996066372248
3013486,157.19032360242025
3013487,1.090810141892745
3013488,4.055113816256862
3013489,119.15178162987179
3013490,25.102520954757424
3013491,303.03001662916733
3013492,12.450082578547454
3013493,2.3359098719671993
3013494,3.3866104829215895
3013495,0.0
3013496,1.6351815377055527
3013497,1323.1439642840924
3013498,0.0
3013499,131.28552157746088
3013500,3.7193421173905303
3013501,618.4027442083272
3013502,297.3393957816724
3013503,121.35913297641491
3013504,43.43993529451008
3013505,22.612745936796237
3013506,2444.354736158881
3013507,3.99360568090804
3013508,0.2869714124284833
3013509,7.823451192859582
3013510,8.07333518383878
3013511,0.0244369561592763
3013512,133.86685125388897
3013513,1.9068583080401127
3013514,0.212718626682589
3013515,1.8323746867935775
3013516,19.042134695004776
3013517,0.6737003591949151
3013518,110.84712343093554
3013519,135.92962859701043
3013520,0.6161562536532258
3013521,2.8552250512198194
3013522,88.79030878156024
3013523,22.27261416495761
3013524,190.12729233071974
3013525,16.210644743320213
3013526,1.5920721605280153
3013527,2.8348505053392405
3013528,0.0
3013529,0.4937771417607534
3013530,1438.717763806107
3013531,0.0
3013532,178.95304057142351
3013533,4.57588049096323
3013534,814.6484718622839
3013535,435.9087923061161
3013536,182.97702663995196
3013537,45.062331362633614
3013538,33.46440698232716
3013539,2748.9801832758776
3013540,4.030718210875781
3013541,0.2627118157291479
3013542,10.294161296550948
3013543,15.674939047586163
3013544,0.03241094753267826
3013545,193.30587124359596
3013546,0.6430551655476476
3013547,0.3031669455408805
3013548,2.2096134261044718
3013549,14.545639992558552
3013550,0.9796447708351927
3013551,165.12673609810142
3013552,209.05079455604454
3013553,0.8106304531607921
3013554,3.3963119053933264
3013555,73.27001481031357
3013556,39.956118286226356
3013557,324.51054747726613
3013558,9.353938491528007
3013559,2.6996137413613552
3013560,2.699155784345479
3013561,0.3310341071744785
3013562,1.1475132772231653
3013563,1784.5575656927806
3013564,0.11512504947602666
3013565,159.44386449775106
3013566,4.284626705066508
3013567,753.5495604403318
3013568,408.72441871655815
3013569,230.72323362227843
3013570,82.47645932190366
3013571,50.16326339105801
3013572,2880.712212584678
3013573,5.452509935475383
3013574,0.7626668242389929
3013575,15.59734425285956
3013576,16.279159188876605
3013577,0.2154667618999452
3013578,192.30917285316053
3013579,5.090214942844069
3013580,0.6529539385172061
3013581,3.0026586477606725
3013582,32.07924703600182
3013583,1.5031280015038755
3013584,119.95476754425539
3013585,185.34593404604513
3013586,1.1775704435958583
3013587,3.913402631559671
3013588,123.12553285505487
3013589,38.09017048117035
3013590,449.0886488209883
3013591,22.306526814185712
3013592,3.943316033985833
3013593,2.9800313567957084
3013594,0.0
3013595,0.32879380392319674
3013596,1129.2617657597245
3013597,0.0
3013598,140.66643374901233
3013599,3.1727714480464875
3013600,576.254303207619
3013601,257.0780322892766
3013602,134.71864945871116
3013603,92.75416674883041
3013604,26.122501936633064
3013605,2102.089758887196
3013606,2.8408144774120876
3013607,0.2776732616182613
3013608,8.948567673511082
3013609,10.367904702952442
3013610,0.0
3013611,132.49464018492216
3013612,0.050865575150523624
3013613,0.17898659515414675
3013614,1.60527571796941
3013615,20.18811552887734
3013616,0.6376636551456574
3013617,64.33568501440003
3013618,124.89129216279248
3013619,0.5871368890767085
3013620,2.36801427711957
3013621,66.98555769498653
3013622,28.950170124786908
3013623,268.0671636835425
3013624,0.09713039253351041
3013625,1.0776041266796645
3013626,5.044848176667317
3013627,0.188978384316125
3013628,2.489018007250395
3013629,2547.0481262828234
3013630,0.08140598098501349
3013631,324.78352044391016
3013632,7.3681224463217205
3013633,993.6624540467145
3013634,687.7591843264347
3013635,319.3966976295617
3013636,136.695727983041
3013637,69.66763709724391
3013638,3953.9016185824676
3013639,6.718092756222063
3013640,0.5663954732945962
3013641,14.824716623334991
3013642,22.223994862760676
3013643,0.1846168968704313
3013644,253.79902757146203
3013645,1.576358160709196
3013646,0.5228987626382605
3013647,8.528035147441006
3013648,32.33821686279937
3013649,1.4261892983756317
3013650,226.65027461183467
3013651,242.50111854669723
3013652,1.541131998888204
3013653,5.736486065155912
3013654,252.33432734775184
3013655,64.68384514941376
3013656,938.570716219567
3013657,12.887673610714685
3013658,9.189940049504644
3013659,1.0416151929566568
3013660,0.0
3013661,3.6676548604660266
3013662,1935.2804691390893
3013663,0.0
3013664,388.7292363816856
3013665,1.8487470573902616
3013666,620.972860671027
3013667,637.6487225253943
3013668,158.29471703449659
3013669,120.23257578044908
3013670,7.8298980117403625
3013671,2532.1690442229533
3013672,3.6365492360643747
3013673,0.0
3013674,5.125608316780792
3013675,4.43479258812213
3013676,0.0
3013677,124.66254106828966
3013678,2.5830877237665497
3013679,1.058621690995575
3013680,6.692685908387764
3013681,51.49455390061568
3013682,0.6173029703084116
3013683,22.163301382901945
3013684,144.04938985568293
3013685,1.1211393010093471
3013686,2.3629982894002617
3013687,32.907280145520616
3013688,9.324119962925819
3013689,351.11568019238257
3013690,22.070727394090866
3013691,1.8403482410522165
3013692,4.298404444535907
3013693,0.06976395825456126
3013694,2.253142414032497
3013695,1896.3452985937147
3013696,0.0
3013697,157.16773081216198
3013698,5.106624655495363
3013699,698.9696700100229
3013700,356.14267401623175
3013701,199.568794887619
3013702,51.23074173018588
3013703,34.62743843475626
3013704,3110.1263591426723
3013705,5.561107252934615
3013706,0.6036181078172629
3013707,11.550342046496853
3013708,10.074516187185493
3013709,0.10794036673921599
3013710,152.09850652436032
3013711,4.322486906464819
3013712,0.4497767374476301
3013713,2.8909099127605815
3013714,15.775040599148824
3013715,1.3053387569699044
3013716,111.84981717148044
3013717,166.56994592719303
3013718,1.0091608894168276
3013719,4.002807918390061
3013720,95.13262822168402
3013721,29.46541624661082
3013722,312.2069119125634
3013723,2.5526042702225222
3013724,3.67514807938384
3013725,4.4335029663523855
3013726,0.12863816329143787
3013727,6.833610963795522
3013728,2433.067263520684
3013729,0.1140784976114738
3013730,594.3413183172336
3013731,11.567205293188712
3013732,756.1085142805714
3013733,854.8527773188564
3013734,229.33698617340502
3013735,163.63435453885776
3013736,116.99678235589494
3013737,3268.6715753916883
3013738,22.31839095652742
3013739,1.045639768493494
3013740,16.683786595631858
3013741,20.178971140855694
3013742,0.38605096080651097
3013743,202.41245011595362
3013744,18.837885239608887
3013745,19.10488456498123
3013746,8.202634663581398
3013747,63.09396008394455
3013748,7.321587769599454
3013749,385.99993776833617
3013750,248.62440640487742
3013751,8.540199319622193
3013752,10.158764468550304
3013753,408.0374007708596
3013754,103.7039260582283
3013755,3510.730319456806
3013756,0.5050709485452861
3013757,23.54439555861141
3013758,5.985602065336501
3013759,0.15938262361564165
3013760,3.3295182915035246
3013761,2312.5222058535755
3013762,0.1056279391227853
3013763,388.30388249447844
3013764,8.324145361567878
3013765,888.2082371040576
3013766,781.4770404737365
3013767,344.7831090947228
3013768,84.7611823542378
3013769,57.9016442624413
3013770,3731.2838538519245
3013771,10.33474199646419
3013772,0.9380225570483998
3013773,17.93980689952688
3013774,18.240881231600767
3013775,0.3867844258186304
3013776,281.9432380718233
3013777,5.693640499892751
3013778,4.132692823555618
3013779,3.225457809640537
3013780,30.602530755671125
3013781,2.274428651246182
3013782,235.04444515586627
3013783,289.90470679202156
3013784,4.5788256460735255
3013785,8.440926535527035
3013786,230.4484528883091
3013787,52.48324567430116
3013788,1319.8606868123034
3013789,30.6416139494541
3013790,9.263091193575995
3013791,6.878221199406799
3013792,0.28489024376186584
3013793,2.5918324482439745
3013794,2208.2490455409647
3013795,0.14272685686009057
3013796,333.9329251019025
3013797,5.084365634824069
3013798,880.2579557739941
3013799,611.7156865870945
3013800,235.99224798686294
3013801,131.21094210110826
3013802,57.81185904052575
3013803,3315.1542574728464
3013804,12.12657802409122
3013805,0.9720208697882468
3013806,19.72577931953922
3013807,23.95384129342595
3013808,0.3978038535659705
3013809,259.58483999990733
3013810,1.9783047186271885
3013811,2.145744015833535
3013812,5.944580446524356
3013813,56.14744208945821
3013814,1.4838804080035985
3013815,140.70811676210036
3013816,216.64756771603368
3013817,2.4739215834957653
3013818,3.346901123078112
3013819,153.37547548069094
3013820,62.845796565780276
3013821,967.7599798789416
3013822,0.8318619250454272
3013823,6.546904050440617
3013824,3.6626087671685483
3013825,0.061379138589715436
3013826,0.9545840143587467
3013827,1069.442218089159
3013828,0.04984410087467559
3013829,138.41287784991337
3013830,5.377129364241664
3013831,533.856917542974
3013832,329.87915323928235
3013833,135.29315034919154
3013834,58.225438410126635
3013835,37.641894194493105
3013836,1807.1447530755424
3013837,5.711070844553753
3013838,0.7153003410172406
3013839,12.800438263519371
3013840,10.174165295217998
3013841,0.26365262476124574
3013842,160.3992653950001
3013843,1.0893931648254362
3013844,0.882643882316373
3013845,4.062706781230413
3013846,36.15739391472597
3013847,1.265119680269493
3013848,84.66508908558018
3013849,130.10346152107138
3013850,1.3589337358416824
3013851,2.787418203915856
3013852,99.74288335898919
3013853,32.376702783317505
3013854,284.5038703044704
3013855,6.3105867131907685
3013856,3.4888427697842816
3013857,2.453419186752766
3013858,0.002640027958686669
3013859,3.655185058142207
3013860,1287.275613876847
3013861,0.022733089928424637
3013862,256.0216188671562
3013863,7.731126165739697
3013864,450.4847171395623
3013865,478.39103544838395
3013866,119.42928969205218
3013867,63.48325814846956
3013868,51.84709803117956
3013869,1846.1019617260165
3013870,13.016266461290556
3013871,0.46596647660756746
3013872,8.94165486886789
3013873,14.016413032388295
3013874,0.15836401086691568
3013875,118.0688834662063
3013876,6.957000313477223
3013877,1.989993924586899
3013878,2.5183649246685644
3013879,52.57442800195122
3013880,3.1154883090770644
3013881,361.78993368196717
3013882,125.46838947556503
3013883,2.9347113038751846
3013884,4.9419160819782295
3013885,265.1881294335511
3013886,43.64304453060937
3013887,1364.9782793391298
3013888,0.26185186983961645
3013889,10.254848675222723
3013890,3.90290026959474
3013891,0.21684472258209989
3013892,4.122390420233804
3013893,3201.576757966098
3013894,0.2563986738584343
3013895,738.3861244701643
3013896,14.962169608175737
3013897,998.8921054089262
3013898,1232.3767250987385
3013899,246.0677238324157
3013900,171.67428459920546
3013901,131.5558295482045
3013902,3643.712515780087
3013903,23.1009563607426
3013904,1.1688331304629591
3013905,21.73586564980076
3013906,39.0066773186978
3013907,0.4647056608436315
3013908,232.5654389330088
3013909,12.938763250940196
3013910,40.87439728185717
3013911,5.837321590594211
3013912,92.48285371139298
3013913,11.547692846507694
3013914,310.92461983206556
3013915,267.6655453967385
3013916,14.779503191198861
3013917,13.286285998024894
3013918,368.25121536488655
3013919,104.33257467719166
3013920,5531.417749750688
3013921,1.0287136409862871
3013922,25.342805585485422
3013923,1.0552289105130663
3013924,0.0
3013925,0.5484814840155761
3013926,1425.3756083625192
3013927,0.0
3013928,261.9634527041955
3013929,2.685530272045056
3013930,405.51827577603063
3013931,393.4086234423354
3013932,108.02696409750534
3013933,33.96192106684522
3013934,21.89495759026409
3013935,1678.254189161769
3013936,4.246465506250901
3013937,0.061317795744923624
3013938,6.3846140756815135
3013939,5.872057801235118
3013940,0.0
3013941,108.84745817049807
3013942,0.030093937047955818
3013943,24.520253825475663
3013944,1.4008479253112949
3013945,108.45518062698353
3013946,1.8038783042914104
3013947,50.249990714893826
3013948,110.31538262061565
3013949,2.386927300850977
3013950,2.3723021207309096
3013951,39.234500234805004
3013952,17.505650603754177
3013953,1748.7727509047681
3013954,0.0
3013955,1.1162178573120414
3013956,2.5361744444676364
3013957,0.0
3013958,0.5289485586605238
3013959,712.1681537959162
3013960,0.0
3013961,148.90854380710783
3013962,4.023180226915147
3013963,285.3243709586984
3013964,213.46045519489
3013965,76.31349232245404
3013966,37.91096704611184
3013967,23.58886416533869
3013968,1210.6609163208566
3013969,2.742568794901789
3013970,0.35994967347276036
3013971,6.066527774617533
3013972,5.87631605311673
3013973,0.0549588956362314
3013974,67.9878069040593
3013975,0.473017235888199
3013976,4.1177502978268326
3013977,1.426953276332816
3013978,25.36850297412937
3013979,0.7693622479275395
3013980,154.2540973622287
3013981,99.7822695456164
3013982,1.2495247124998152
3013983,2.361064531399502
3013984,107.64458123911831
3013985,16.25131951621054
3013986,631.0643109681016
3013987,0.23192120404634503
3013988,1.7688427491169305
3013989,4.889197314501792
3013990,0.12154414127178091
3013991,4.97167883034596
3013992,2321.6991704617126
3013993,0.13870942143724177
3013994,590.5939399183615
3013995,11.157189583170133
3013996,747.9455865139666
3013997,754.2905368214301
3013998,225.15397808233809
3013999,181.88206594303585
3014000,98.6545206311861
3014001,3008.787228041681
3014002,17.24776578642607
3014003,1.0585456363929493
3014004,16.971648521112613
3014005,24.328707028897046
3014006,0.36021908477448517
3014007,192.12535063989912
3014008,6.5206473409727055
3014009,31.556702599486275
3014010,4.0395920562921415
3014011,112.2577120792744
3014012,6.4212844791645205
3014013,271.8249063544983
3014014,224.3168744469645
3014015,10.201593494136628
3014016,9.285091089677255
3014017,293.44016996122156
3014018,83.49633804863998
3014019,3644.51900670883
3014020,0.7550377986371493
3014021,16.564453046702255
3014022,5.260527765969216
3014023,0.07915290331660116
3014024,1.1437424233873155
3014025,2340.0067174281266
3014026,0.05322556171213708
3014027,501.1356849544054
3014028,7.3780648687548025
3014029,874.5835584924389
3014030,793.5015105667655
3014031,265.6913779061983
3014032,164.84354688478354
3014033,62.596913475165294
3014034,3681.8886309935465
3014035,6.507446552073134
3014036,0.8380032182503062
3014037,17.54098968249259
3014038,12.558102029383667
3014039,0.2857624380060586
3014040,242.84236197769346
3014041,0.30738823739865145
3014042,3.37270012480334
3014043,3.9364090927608615
3014044,70.31610040038758
3014045,1.5246981396674903
3014046,184.28060897816383
3014047,256.7693440550225
3014048,3.0895988331807036
3014049,4.781224764593503
3014050,198.85625374095434
3014051,55.8920565296834
3014052,1229.860737481258
3014053,0.9172388505165758
3014054,3.8771591287067633
3014055,5.385054603505792
3014056,0.1569633083691378
3014057,2.960135658997394
3014058,2173.5783968408223
3014059,0.12424680307334923
3014060,398.52975074195734
3014061,9.430776307527463
3014062,820.4078727046264
3014063,743.7271157664655
3014064,221.2652717235619
3014065,132.87741040195118
3014066,60.68026216588225
3014067,3158.3691132477566
3014068,10.389730002036078
3014069,0.8992045466005985
3014070,19.504646132565394
3014071,19.056875142894345
3014072,0.353456139684899
3014073,267.0683617668533
3014074,1.1127820445648589
3014075,2.658132182147164
3014076,3.4877660223878504
3014077,61.20091754546968
3014078,1.5087230975208972
3014079,161.62745869938843
3014080,214.42060151082757
3014081,3.1154111803757636
3014082,7.017355579970469
3014083,174.72116341270436
3014084,55.90170793538496
3014085,1752.4114308225398
3014086,0.9641990168488177
3014087,5.293399257544852
3014088,8.64976164206163
3014089,0.6957067774800031
3014090,11.025562746106498
3014091,6881.56227544026
3014092,0.697099124609397
3014093,1193.620784939205
3014094,30.002259223294885
3014095,1771.2410302699036
3014096,2154.644261377775
3014097,387.56808265704956
3014098,480.3632584709978
3014099,355.28222242923226
3014100,6678.133022616035
3014101,71.39424906903838
3014102,2.6830756799712003
3014103,59.26258189973976
3014104,59.94795304162059
3014105,1.2414526487908204
3014106,408.0802557104824
3014107,33.15731666507005
3014108,64.72292656197479
3014109,15.30031068116185
3014110,208.1006123323642
3014111,18.72595399096227
3014112,787.703822881878
3014113,452.82947209651195
3014114,20.508429802884642
3014115,28.68172970855751
3014116,992.5559846322442
3014117,332.34502946888085
3014118,9819.479247218294
3014119,1.813605667686855
3014120,80.92826104030586
3014121,2.2925013899212314
3014122,0.0
3014123,0.4582221474372894
3014124,1216.6026333973432
3014125,0.0
3014126,139.55275540119763
3014127,3.254296320871104
3014128,417.30457629021583
3014129,293.89235370091023
3014130,95.9259014980172
3014131,87.99783810815504
3014132,29.79083570341284
3014133,1558.715681290529
3014134,2.1414968085158543
3014135,0.3941685581021983
3014136,11.813509554655244
3014137,5.643504645094432
3014138,0.06543257439275665
3014139,104.70547199412206
3014140,0.45101627082093076
3014141,0.34789367888983275
3014142,2.003718531106078
3014143,34.17088583270575
3014144,0.75928254463665
3014145,56.991103059104304
3014146,100.19891579683654
3014147,0.8691521905031274
3014148,2.493412305177798
3014149,68.59342956715079
3014150,20.80766268929623
3014151,382.53449314889224
3014152,0.1983672213502995
3014153,1.8204823562914738
3014154,7.009953891506345
3014155,0.33836060165949683
3014156,1.5470492556065962
3014157,2147.364285139665
3014158,0.2045811841399614
3014159,385.5715711155311
3014160,8.264849248403795
3014161,949.1566733635693
3014162,755.6074562070123
3014163,212.90074569396614
3014164,171.51657856827265
3014165,58.24731716292616
3014166,3560.0162674099765
3014167,6.81912768153467
3014168,0.798164995773823
3014169,15.205744674813454
3014170,19.778843097524764
3014171,0.34458406051481183
3014172,205.44479291363388
3014173,1.6338746481405364
3014174,1.3614908242683752
3014175,6.5172595870027585
3014176,24.760890301925485
3014177,1.147011337650526
3014178,231.0527272236543
3014179,235.7747541665621
3014180,1.6621380857116526
3014181,6.618867206272367
3014182,158.81310492640577
3014183,58.268385765427865
3014184,907.7788146800088
3014185,0.6014524866323958
3014186,4.630587398264186
3014187,1.456783123508587
3014188,0.0
3014189,0.10493318101009699
3014190,706.5888284603415
3014191,0.0
3014192,94.3212750831807
3014193,2.1671137416870105
3014194,374.102110438684
3014195,198.39584249191267
3014196,77.18389605588764
3014197,90.85176693880896
3014198,17.012575659351
3014199,1466.043529987483
3014200,1.339815288960244
3014201,0.21370160725799026
3014202,5.083673491008172
3014203,3.9377456115253002
3014204,0.0
3014205,68.1296336159455
3014206,0.0
3014207,0.08213670407424221
3014208,1.0307539735356248
3014209,15.814838662187492
3014210,0.20882802313531965
3014211,47.233298601179214
3014212,86.57125835489028
3014213,0.4003417119172844
3014214,1.4889305564652344
3014215,47.86800016395041
3014216,12.640905162041948
3014217,163.7786101085605
3014218,0.030639656369457986
3014219,0.6540314291213136
3014220,5.000897817105411
3014221,0.13317240193918542
3014222,0.7114149057310659
3014223,1458.5356363340343
3014224,0.05214333081734252
3014225,217.1091740053867
3014226,5.2787619227771705
3014227,658.7220949927013
3014228,484.7645909845453
3014229,173.51038238543958
3014230,107.27141715540765
3014231,43.78404302270322
3014232,2533.48156093895
3014233,2.7826654964269095
3014234,0.5031243415704049
3014235,15.281297615973077
3014236,14.552241354908919
3014237,0.13214137437333448
3014238,176.86242600935896
3014239,0.3775045823693325
3014240,0.3564457578073873
3014241,5.391479532881135
3014242,29.208700295624382
3014243,0.9272063051555497
3014244,164.50655605101636
3014245,168.32830254816676
3014246,1.0555412119408591
3014247,3.8290526575635564
3014248,149.10189122090344
3014249,37.140544623312344
3014250,898.4179212023913
3014251,0.32505510269889626
3014252,1.613594498907294
3014253,3.529829023172344
3014254,0.31266533015769454
3014255,3.6538346870978224
3014256,2181.700584514289
3014257,0.20969793885897048
3014258,434.77513613747504
3014259,6.247849053944474
3014260,782.4683606405721
3014261,732.3587953259446
3014262,186.8843466593123
3014263,94.88159750752058
3014264,62.497257165389236
3014265,3510.0614844019065
3014266,4.74407402547174
3014267,1.082408404402107
3014268,20.87448433040021
3014269,26.032038173605745
3014270,0.42852099982075464
3014271,180.86980294411708
3014272,3.3699766108313898
3014273,2.507950345727668
3014274,4.961828596613538
3014275,40.99451048036201
3014276,2.70879763722576
3014277,163.00017051773665
3014278,211.05107620747842
3014279,3.3413641676269434
3014280,5.473412594479264
3014281,145.04875762499097
3014282,36.487621474816116
3014283,540.350693998538
3014284,1.5299267635496645
3014285,2.325073346979185
3014286,2.4207975821296417
3014287,0.0
3014288,0.17233546034672348
3014289,1153.1264633954816
3014290,0.0
3014291,95.33533245875203
3014292,3.6091431745482963
3014293,389.79308689684257
3014294,226.07209713844267
3014295,70.63647211626304
3014296,109.14768558082507
3014297,24.472416929178614
3014298,1664.9023192224347
3014299,1.8887943731345758
3014300,0.2131788160610608
3014301,5.525940040439281
3014302,4.853758569400683
3014303,0.0
3014304,81.52432003490085
3014305,0.0
3014306,0.14228349939757007
3014307,0.7862327483267073
3014308,21.622576640578636
3014309,0.3254298068853924
3014310,80.71676087541071
3014311,86.54687147221082
3014312,0.4701675293106573
3014313,1.6870195582608667
3014314,50.31244495269601
3014315,16.687649981662208
3014316,231.7803953458855
3014317,0.06463389430977165
3014318,0.3267526942467889
3014319,3.214063677998664
3014320,0.0
3014321,0.9007191136644374
3014322,2436.561132375796
3014323,0.014112499318952969
3014324,354.50711172546784
3014325,5.172364106355904
3014326,768.2672303729919
3014327,715.4921514958189
3014328,165.38800022181815
3014329,101.84919536022372
3014330,64.66953050776775
3014331,3264.9160551523855
3014332,5.56728386585011
3014333,0.47188628395204235
3014334,15.547869723831129
3014335,10.255148722339698
3014336,0.14448441728098319
3014337,192.74078477456942
3014338,0.23567729428032821
3014339,6.710545439912007
3014340,1.8492990989691571
3014341,41.27623244950382
3014342,1.2785146723042473
3014343,158.72159913150563
3014344,173.84681201846058
3014345,2.493463571521977
3014346,3.7890388202386784
3014347,130.52394833660787
3014348,53.91307543768714
3014349,892.0403946684585
3014350,0.6635613145906133
3014351,1.0760055455032231
3014352,3.4602117843291307
3014353,0.13847462527133908
3014354,6.372738664186519
3014355,2366.682924870619
3014356,0.14884654594193283
3014357,552.5310870176688
3014358,10.519724834826834
3014359,859.5134822135368
3014360,878.7385407511085
3014361,170.230094814104
3014362,151.69610283235994
3014363,140.55250874572255
3014364,3076.389281884526
3014365,31.501235994042048
3014366,1.1884549472080006
3014367,21.47256202334561
3014368,19.66593653428869
3014369,0.38107841126230846
3014370,234.54651605694934
3014371,16.612293084427826
3014372,34.683282224793984
3014373,4.056017018394655
3014374,114.24069745493095
3014375,9.990892259779725
3014376,247.00048823242292
3014377,214.18552922670037
3014378,11.999681942890312
3014379,11.161280274362095
3014380,266.7290160355326
3014381,110.0923870046874
3014382,4108.2740152336255
3014383,0.6915334254381783
3014384,13.507267415727078
3014385,4.8623635459920935
3014386,0.06216317204894307
3014387,6.8231307269985875
3014388,1829.359006140087
3014389,0.05316578628038446
3014390,436.261669412623
3014391,10.824784655793394
3014392,849.0108330038636
3014393,696.0016206994237
3014394,170.75715788053458
3014395,107.25660816151019
3014396,110.6812502851865
3014397,2697.409703057407
3014398,18.62485511168599
3014399,1.037746025290629
3014400,18.90594282447639
3014401,25.047575786734495
3014402,0.25285244467515355
3014403,251.84358361247104
3014404,15.923482223878649
3014405,17.49349507331292
3014406,6.356948893208226
3014407,82.28726019336759
3014408,7.395827178814534
3014409,155.86190350043896
3014410,224.49026702414304
3014411,8.039561140100657
3014412,12.320929325198144
3014413,136.78745813231623
3014414,86.3433889713915
3014415,2512.9006146669403
3014416,0.49177370307222007
3014417,13.382816753452492
3014418,6.397645039041225
3014419,0.23617165391192874
3014420,4.6425070573003655
3014421,2948.4311900233197
3014422,0.13761542834467233
3014423,558.3022597785487
3014424,8.858263953364009
3014425,970.54511263118
3014426,820.2293844839188
3014427,207.6130171117645
3014428,197.74309430025352
3014429,73.5573295298236
3014430,3882.8628448558957
3014431,18.602282973595806
3014432,1.161177769636689
3014433,21.19936808138683
3014434,22.813383784608757
3014435,0.3656594142818965
3014436,271.5062224288113
3014437,5.88361796356704
3014438,10.301400161653218
3014439,6.081203998350385
3014440,47.04464033514651
3014441,3.3562923319159763
3014442,154.59066141078998
3014443,243.54433546636346
3014444,5.376133900075546
3014445,8.612692669596337
3014446,165.41537159521425
3014447,72.96594031358089
3014448,1075.917190352603
3014449,16.69554973019394
3014450,8.652891265544783
3014451,3.1286251690467655
3014452,0.03740034000618382
3014453,4.539582555993276
3014454,2062.8480644157075
3014455,0.0400184803808169
3014456,402.97372120042405
3014457,8.2110956747624
3014458,702.5541610384566
3014459,683.1655164773535
3014460,198.71221753391046
3014461,147.55479020843978
3014462,91.4074465021209
3014463,2804.2230498644703
3014464,13.271694204375962
3014465,0.8213471562541881
3014466,12.569227602639227
3014467,12.469672266225228
3014468,0.22986305538801918
3014469,189.28936836358787
3014470,14.958133021797893
3014471,19.868489502707725
3014472,2.531779022943741
3014473,62.07171386916722
3014474,6.14055603416004
3014475,309.5753485178376
3014476,213.13536579891706
3014477,8.044519832197476
3014478,8.689928074687431
3014479,344.78639080631757
3014480,78.8996779380331
3014481,3007.592770582604
3014482,0.47559407449190616
3014483,17.118635097246052
3014484,3.8382877150765835
3014485,0.22177358029108377
3014486,0.7722667670786386
3014487,3390.872814000395
3014488,0.13042692531352515
3014489,336.3686720149242
3014490,6.92501444799782
3014491,1298.0460801312402
3014492,706.9004759373297
3014493,235.17907356458323
3014494,127.17212538685958
3014495,63.350261499001945
3014496,4465.374934815051
3014497,7.97184534712967
3014498,0.6429487555545309
3014499,20.999733297949405
3014500,22.481666672170196
3014501,0.21304831231754617
3014502,285.8292198319626
3014503,0.7612808648233524
3014504,0.6648380978938367
3014505,4.60245961674079
3014506,40.211610833218394
3014507,1.2824338459470197
3014508,120.09104811489021
3014509,224.18624213132492
3014510,1.5864240406190824
3014511,5.095886158025068
3014512,137.3732378718056
3014513,54.78854743812233
3014514,916.1026509246802
3014515,0.35321139021395886
3014516,2.8116044840470362
3014517,4.028484278281532
3014518,0.11638467641639526
3014519,7.084114272689433
3014520,1757.747229569791
3014521,0.12016207324898664
3014522,415.3873833890782
3014523,10.208004745307417
3014524,815.4699778239151
3014525,563.630267734498
3014526,185.523957636583
3014527,110.63877499649354
3014528,103.9835953605421
3014529,2650.2101400142665
3014530,19.63372536803027
3014531,0.8499458937557234
3014532,17.057136195427887
3014533,17.840367408870193
3014534,0.2797795760856792
3014535,209.75101583847115
3014536,9.48030855609258
3014537,26.272525816381183
3014538,4.918897207421933
3014539,52.78770335199118
3014540,8.298738582331977
3014541,159.54226302537322
3014542,219.68292553520374
3014543,9.385626189234344
3014544,8.631471739998934
3014545,159.4870567311014
3014546,62.81929128510041
3014547,2532.3748251503243
3014548,0.7075840769902311
3014549,7.226216869977495
3014550,4.550258590335044
3014551,0.22737904123257074
3014552,4.87675193691908
3014553,2143.920053280704
3014554,0.21354403524997947
3014555,451.7701933477288
3014556,6.484447143627587
3014557,705.9441436248333
3014558,628.4003502441507
3014559,179.10816347992647
3014560,119.38522798950541
3014561,105.48185269318907
3014562,2672.2934236389556
3014563,24.754769186459118
3014564,1.0714595183859748
3014565,18.360575278523168
3014566,17.59722366201931
3014567,0.47544806597249845
3014568,237.4239625692565
3014569,6.693478860888936
3014570,37.113698816141344
3014571,9.745803539679205
3014572,106.91022226434373
3014573,4.814522574081
3014574,184.53505102850187
3014575,208.98749792668514
3014576,7.113125392632218
3014577,4.881922354031314
3014578,232.78483513155405
3014579,82.19232050998008
3014580,4131.78787666047
3014581,0.994003176559479
3014582,12.46191779514879
3014583,4.1394082279482145
3014584,0.09058042106072882
3014585,2.03104172760486
3014586,3019.334978836322
3014587,0.07274808363116532
3014588,336.9541987925093
3014589,5.203346740323674
3014590,916.7161631448914
3014591,599.1453982664978
3014592,223.8559095874188
3014593,127.23636304882858
3014594,41.92167750590753
3014595,3751.777587559177
3014596,3.8741875781432675
3014597,0.6087356813896527
3014598,15.821622161364909
3014599,15.496102024391078
3014600,0.1707449689524823
3014601,207.3529414602633
3014602,0.18679637856338802
3014603,1.9588867256851494
3014604,1.9342980144704798
3014605,42.08067318845312
3014606,1.5591997645688174
3014607,141.6106121854584
3014608,220.65758541726532
3014609,1.7306791432919595
3014610,3.696580901195302
3014611,140.8397562446746
3014612,47.47012071519049
3014613,801.0883484972263
3014614,0.7072719220681114
3014615,0.9210675221782043
3014616,12.824649634164247
3014617,0.6468297025546922
3014618,13.759942877767845
3014619,7882.460603885684
3014620,0.7141610014819215
3014621,1519.551221054497
3014622,30.68576576130638
3014623,2102.416491173053
3014624,2448.696359933726
3014625,560.039771263578
3014626,546.8639832570265
3014627,405.4748282229618
3014628,7654.357247480356
3014629,71.86199221252615
3014630,2.616138855019029
3014631,71.8000647320337
3014632,91.6898733607018
3014633,1.1943198822855157
3014634,543.4785975117318
3014635,57.486233172513856
3014636,37.653704480126834
3014637,26.536448059556108
3014638,298.0077488587168
3014639,20.18865527577747
3014640,874.5168783664765
3014641,557.5007016538315
3014642,27.881549866172943
3014643,30.618682808770036
3014644,1108.1324156354285
3014645,374.171995241932
3014646,10938.086383909913
3014647,96.20307271959098
3014648,88.88412771676532
3014649,9.798310085850025
3014650,0.2524335500026064
3014651,12.031038563075144
3014652,6899.108858611047
3014653,0.35035999348825864
3014654,1302.7965253466114
3014655,25.842224320234934
3014656,2027.5029709309529
3014657,2034.5603010427708
3014658,571.5960341755566
3014659,332.2301893394942
3014660,315.1544279745672
3014661,7635.827947740759
3014662,60.06778761625566
3014663,1.2112113740142212
3014664,44.264526360346196
3014665,72.25448556994638
3014666,0.7889497676418232
3014667,454.83269139633506
3014668,37.81531930363303
3014669,39.825983166065825
3014670,8.318223784333924
3014671,187.6994423013032
3014672,14.086341328439126
3014673,862.2914750105678
3014674,609.0018393653165
3014675,22.911069955141414
3014676,23.503792595798224
3014677,923.4459400179239
3014678,279.03612775869544
3014679,8686.273997208651
3014680,83.01601881894084
3014681,63.67181999012608
3014682,9.404067942777974
3014683,0.17116694178993647
3014684,12.820085682415174
3014685,4512.858702419443
3014686,0.23033940843369888
3014687,836.9218639727303
3014688,17.234562804322138
3014689,1835.519261873617
3014690,1305.332352753363
3014691,533.020601643259
3014692,158.2089439135384
3014693,167.32916921671415
3014694,6121.201294381261
3014695,33.82169245756374
3014696,1.0603594202424882
3014697,27.365118513918382
3014698,37.624491166809484
3014699,0.6059801458968956
3014700,420.0255959564517
3014701,43.56682951891834
3014702,35.865080133220594
3014703,7.8057005992057205
3014704,97.27230531648783
3014705,9.628747498324929
3014706,745.153842899674
3014707,535.8293789412246
3014708,25.09601617118303
3014709,23.051380914021504
3014710,715.1943570531224
3014711,131.54084080361807
3014712,3800.3258208475227
3014713,77.09402489782413
3014714,33.189444178986044
3014715,9.976387699109665
3014716,0.2371832000449526
3014717,14.481519015326002
3014718,6635.014492561615
3014719,0.3288016721559957
3014720,1257.7288420103741
3014721,22.78321648654706
3014722,1977.2038716602285
3014723,1970.7349256632833
3014724,529.3745870076583
3014725,292.60866377940386
3014726,263.7149260516857
3014727,7398.894218633001
3014728,53.284733563948166
3014729,1.372422621382185
3014730,49.48092087393504
3014731,68.08875088061865
3014732,0.7776945126154965
3014733,443.82490833901176
3014734,36.75214171190575
3014735,51.66009108794952
3014736,11.357549617293
3014737,148.53373113294043
3014738,12.51917554949135
3014739,735.159969374354
3014740,585.4072019627976
3014741,21.924647600870628
3014742,23.106752332749636
3014743,827.609409756852
3014744,227.10375810630137
3014745,7068.512587908748
3014746,77.47139444904818
3014747,56.157262607357715
3014748,7.471641416818046
3014749,0.010464335240167936
3014750,10.518346646365643
3014751,3537.9392356413946
3014752,0.052468882740600555
3014753,730.5837816521309
3014754,15.901363173530733
3014755,1569.0731205059792
3014756,1027.3956555103334
3014757,414.9986137566756
3014758,116.73466750123711
3014759,121.6226791334102
3014760,5168.496826809669
3014761,28.819344819323376
3014762,0.8066831690687714
3014763,24.886905627022315
3014764,32.781541800093066
3014765,0.3411605215977429
3014766,347.3607400750889
3014767,13.699244670158315
3014768,13.70324636458022
3014769,7.2001385258308535
3014770,89.22594120924518
3014771,6.094992053093138
3014772,617.8309794801046
3014773,467.43517737073734
3014774,13.034270551022674
3014775,15.252871075878266
3014776,574.126038885277
3014777,98.38955966864526
3014778,3234.2689155056123
3014779,77.34189485608906
3014780,21.811169548347124
3014781,9.037519971548976
3014782,0.2000363816540901
3014783,11.0332564508242
3014784,6438.446931244007
3014785,0.2851415097092697
3014786,1305.2315711803533
3014787,25.945236518379094
3014788,1645.4030558215889
3014789,2085.6633976633943
3014790,405.80061623783513
3014791,372.869234434283
3014792,307.4184007392753
3014793,6603.428880586971
3014794,54.264853281859416
3014795,1.3348495837363636
3014796,42.3667412281716
3014797,51.364988613175925
3014798,0.6870587039308462
3014799,382.6790869997992
3014800,28.313572736623428
3014801,44.034989837772315
3014802,11.108531126402312
3014803,201.3334846236196
3014804,15.002920270329057
3014805,636.6623730322984
3014806,437.24978013202156
3014807,22.070640776055285
3014808,25.092541777978283
3014809,768.0310701484142
3014810,260.7460777162272
3014811,9745.537106130341
3014812,64.83615942432294
3014813,60.9425586300108
3014814,4.724418322138476
3014815,0.17900052324436955
3014816,3.5539917936969045
3014817,1427.0961452380584
3014818,0.15070794231349163
3014819,295.1438057850272
3014820,13.505357037186538
3014821,699.5480519497017
3014822,491.65191194802435
3014823,184.94181686645078
3014824,110.55621615153221
3014825,93.34889266472598
3014826,2325.7109774890805
3014827,16.045821163649205
3014828,0.9330506336948673
3014829,17.918038343282653
3014830,24.3477800203585
3014831,0.37894233273795774
3014832,190.16971396596745
3014833,10.032028955035102
3014834,8.801643516129364
3014835,8.548174407803582
3014836,46.20656595634521
3014837,5.576099420432999
3014838,238.60932284704344
3014839,214.40253549569388
3014840,4.5736156272384045
3014841,9.447809419478123
3014842,220.9792733742382
3014843,70.90654106025019
3014844,2030.8027004578978
3014845,0.5607733686331268
3014846,11.073175804908345
3014847,7.513544235225873
3014848,0.13110203598548
3014849,9.077271672383414
3014850,3383.645106168566
3014851,0.13122232296646802
3014852,614.8661546517178
3014853,19.13413500397446
3014854,1265.2697435580633
3014855,924.6408119470852
3014856,370.50130022386793
3014857,105.07660978589216
3014858,121.47211284127205
3014859,4767.7697889058
3014860,33.251031858483145
3014861,0.9913900272851961
3014862,36.393780870824486
3014863,40.14251379511192
3014864,0.3724318970108822
3014865,322.05373679227466
3014866,19.774008674660195
3014867,14.841501152274832
3014868,3.9378904774589913
3014869,98.85502500502008
3014870,7.9196548870863195
3014871,451.8653021190442
3014872,427.6245389639988
3014873,11.721275503563913
3014874,16.343414575026603
3014875,380.72603166723576
3014876,104.49814183034098
3014877,3471.6709789636593
3014878,69.85099873466963
3014879,21.35460516142171
3014880,6.321103897456971
3014881,0.11857763801591603
3014882,6.013628543176271
3014883,4400.941917575974
3014884,0.20496437893790012
3014885,928.9661927443732
3014886,13.625091072369365
3014887,1088.9557105520405
3014888,1472.6198803860948
3014889,243.78587050427362
3014890,255.30087408783413
3014891,196.67300144269245
3014892,4570.646316241532
3014893,20.154502018759633
3014894,1.137850857162992
3014895,17.925165042914024
3014896,36.896762890428946
3014897,0.5662416726624759
3014898,279.3402208825337
3014899,3.98570859119325
3014900,38.18076855034528
3014901,4.078634005814768
3014902,172.60236910742248
3014903,10.206224875548138
3014904,569.6835670863477
3014905,265.0322011621671
3014906,14.387641187673193
3014907,11.069620516814947
3014908,626.2514399782033
3014909,144.6114476947463
3014910,6609.069579965523
3014911,1.6891669504801459
3014912,33.08683205259854
3014913,7.105695389149409
3014914,0.8385043609265987
3014915,5.526921928946187
3014916,3326.5582386237184
3014917,0.8575341630551501
3014918,763.8579145915462
3014919,13.848093110845646
3014920,1037.7465475509985
3014921,1080.6189956258877
3014922,368.86556108041145
3014923,192.22653902531405
3014924,162.9005843019275
3014925,4299.826187854737
3014926,11.107511704303683
3014927,2.022376307977924
3014928,14.048538363510465
3014929,35.74794552014017
3014930,1.252174331634166
3014931,205.25240896956666
3014932,4.9324143908680345
3014933,19.201475562459482
3014934,5.859733458183453
3014935,176.1648782037603
3014936,4.617350505571144
3014937,326.6427418771312
3014938,404.72961231967594
3014939,5.704872294399939
3014940,8.259257349311811
3014941,304.16016791289616
3014942,138.08746731477314
3014943,4349.541113747884
3014944,1.9234445826666804
3014945,13.09283656939554
3014946,5.4684744186589835
3014947,0.12092395914467889
3014948,5.705245152779465
3014949,1721.0170281179223
3014950,0.08844881973010803
3014951,353.6289234095554
3014952,8.93934302325982
3014953,843.7493374597935
3014954,503.902684691988
3014955,198.18521718678767
3014956,105.98516878208153
3014957,96.2755092160549
3014958,2438.5535744222675
3014959,15.583250848328184
3014960,0.961165224275225
3014961,18.50678900944371
3014962,26.974411858061224
3014963,0.2712544560878029
3014964,260.1577363023347
3014965,3.8267399129613704
3014966,11.429758250095553
3014967,3.8704995715895647
3014968,85.68114486845815
3014969,4.540606394283918
3014970,184.0935091640098
3014971,202.2842599333825
3014972,5.605911654378091
3014973,7.39253627844932
3014974,192.56323323344338
3014975,70.77076133753707
3014976,3563.6137656279398
3014977,0.8014771760956669
3014978,5.914393783128119
3014979,3.694080274858252
3014980,0.04420148038720511
3014981,0.46626915438348104
3014982,1582.195978878354
3014983,0.0
3014984,181.97516827873844
3014985,3.262170793357321
3014986,725.2548941990616
3014987,285.8830089318523
3014988,159.54818142320897
3014989,63.888178283446734
3014990,25.12246777960746
3014991,2447.668919508269
3014992,4.6246242334163234
3014993,0.4015936900602361
3014994,11.121662195031462
3014995,9.027081580798809
3014996,0.06618267641171896
3014997,166.10635837016434
3014998,0.2686513889895206
3014999,0.24801451455491605
3015000,1.944374265471617
3015001,18.67940976500971
3015002,0.6169480496118231
3015003,56.844862625991446
3015004,143.56917058275278
3015005,0.528992963506705
3015006,2.601373966194217
3015007,50.50890432998871
3015008,31.164197858771317
3015009,444.53346875276145
3015010,0.2322092376051112
3015011,0.9044739696065301
3015012,4.627876061418367
3015013,0.03510146249304303
3015014,5.768151495226883
3015015,2950.927838896404
3015016,0.058315361616804055
3015017,560.6787197114041
3015018,13.127807118509
3015019,1014.255664379893
3015020,913.9763162698373
3015021,267.17672980629476
3015022,175.4677887318319
3015023,131.78534757612996
3015024,3680.7673068832205
3015025,27.60879163483905
3015026,0.8097504708997965
3015027,25.779811458913702
3015028,38.49284855772717
3015029,0.2767866816051803
3015030,245.93674019473997
3015031,18.594560736200794
3015032,17.941587032896106
3015033,9.357213383546203
3015034,68.61608011183462
3015035,6.28278964785736
3015036,423.9015250398929
3015037,285.8900847622108
3015038,8.208308392245051
3015039,11.426043481752721
3015040,488.23208358196104
3015041,108.65354030862754
3015042,3553.846098949095
3015043,0.37961484744285007
3015044,33.70783150044234
3015045,4.113959743601493
3015046,0.16943602568865776
3015047,6.856767344347416
3015048,3820.6724219524813
3015049,0.23735727173879256
3015050,713.0502378292358
3015051,14.725804653039328
3015052,934.1781064153412
3015053,1208.7839177443177
3015054,207.9843423261113
3015055,268.64102005705416
3015056,209.8417064504533
3015057,3992.8773383197095
3015058,30.118569331097152
3015059,1.391094967357058
3015060,21.820062173800753
3015061,30.501865112577967
3015062,0.5230440940858299
3015063,231.24171185962464
3015064,11.562187992385784
3015065,45.851809118581826
3015066,10.774442549689024
3015067,175.61807592000213
3015068,10.825908496874545
3015069,500.9832888132925
3015070,247.29333442586702
3015071,11.674061148080728
3015072,11.728933101477677
3015073,563.4591403048415
3015074,170.55468469909547
3015075,7241.098655440292
3015076,0.7033924085361817
3015077,46.9148375976212
3015078,5.238170167274417
3015079,0.30348553269522077
3015080,9.762066845768919
3015081,4034.5117456666408
3015082,0.3275273477579241
3015083,786.2209921249757
3015084,18.86131174865156
3015085,1089.8629132426236
3015086,1339.4832428983232
3015087,275.2354580759224
3015088,272.16602052226744
3015089,176.01072360083685
3015090,4281.49367687555
3015091,35.63730914396946
3015092,1.6704315473393918
3015093,32.01742576286012
3015094,38.16238135643445
3015095,0.6704139590657041
3015096,294.8971794545254
3015097,26.614015968788394
3015098,46.57546209803004
3015099,16.730922404308014
3015100,140.3202530711732
3015101,13.351514363475653
3015102,435.2622007044189
3015103,296.4150787525655
3015104,15.135219910822006
3015105,17.61470585107839
3015106,521.2327016602626
3015107,168.35029478148644
3015108,6652.358856656645
3015109,0.9204391115751076
3015110,41.14569344641299
3015111,8.105047917737792
3015112,0.27379647415961705
3015113,5.723372875487804
3015114,3009.1956333591606
3015115,0.14314384440758426
3015116,503.7492989041786
3015117,11.459755607581894
3015118,1320.491531938676
3015119,929.2524522577353
3015120,392.2277158446188
3015121,136.7244058767741
3015122,72.98159339154878
3015123,5063.573029564988
3015124,9.852034973826514
3015125,1.1338113171943442
3015126,22.737081075809684
3015127,24.463236368182272
3015128,0.40106405354308616
3015129,352.8806346448535
3015130,10.756422239297013
3015131,3.934721951178583
3015132,9.191167416664154
3015133,45.150799742740624
3015134,3.3902145032872975
3015135,347.0820552357186
3015136,361.9610673854568
3015137,5.118423425026666
3015138,10.882362924789568
3015139,358.39810522451364
3015140,72.03595456946753
3015141,1207.9385429072972
3015142,44.244797667670866
3015143,12.094620845166698
3015144,3.274148504932312
3015145,0.12904130785354512
3015146,2.8750064277998306
3015147,1892.5853571611055
3015148,0.15990062769450009
3015149,301.8792415004928
3015150,11.48861320288255
3015151,614.3113842390044
3015152,619.838957632591
3015153,122.42678145503353
3015154,131.5535435465297
3015155,112.92232171730355
3015156,2301.6079150404967
3015157,20.352762676675603
3015158,1.0841433588154405
3015159,18.19703649044082
3015160,23.78291644548854
3015161,0.3279444186650965
3015162,172.37358360341221
3015163,11.72169806975207
3015164,11.23029967813045
3015165,4.861659148611256
3015166,91.85759482230972
3015167,6.891312270637423
3015168,252.0304127626327
3015169,138.5779159447879
3015170,6.802876007349696
3015171,8.538676733137223
3015172,254.20092023836605
3015173,89.15725584943878
3015174,1713.5215904160887
3015175,0.45373680308904324
3015176,21.00868168453016
3015177,2.1804610630339867
3015178,0.0
3015179,0.5354798519015734
3015180,947.7492067414549
3015181,0.0
3015182,99.87433882767348
3015183,2.6678801415508775
3015184,569.082159709974
3015185,206.41041036993667
3015186,172.37840380813753
3015187,36.915923975412014
3015188,27.49068099213591
3015189,2157.632264155806
3015190,1.9984874174735185
3015191,0.2697325858978071
3015192,7.850773943628304
3015193,5.674067541508265
3015194,0.0
3015195,127.58425527174771
3015196,1.3180685002439967
3015197,0.2102796234469959
3015198,1.2820018513459297
3015199,8.406504094237867
3015200,0.548713877530351
3015201,159.47536856008372
3015202,138.14944564752886
3015203,0.6478579368686406
3015204,2.3998673872584924
3015205,100.0495939725366
3015206,17.359155235149643
3015207,189.0340793341105
3015208,2.954003693850671
3015209,1.7081581785661273
3015210,6.090705180074288
3015211,0.2003836301526493
3015212,3.0922164774956777
3015213,3468.886047059619
3015214,0.1255828941629826
3015215,464.7902662628968
3015216,11.680085452389475
3015217,1420.6845946944977
3015218,629.6666816466854
3015219,387.86043285161054
3015220,100.54358422348281
3015221,76.35933548076382
3015222,5282.697854052109
3015223,13.637534321043484
3015224,0.8171391132510049
3015225,20.328142960399642
3015226,21.436680485543356
3015227,0.4003564542524611
3015228,314.9687878994965
3015229,7.54404523296681
3015230,2.269036467389358
3015231,6.059702070373287
3015232,30.38803895676117
3015233,2.2716465326840027
3015234,648.6698432085775
3015235,346.4375675897572
3015236,2.3362271298080026
3015237,9.990192633355775
3015238,373.31593188868027
3015239,53.7829295542187
3015240,837.4999061421803
3015241,32.45649928935287
3015242,7.300037687767512
3015243,3.9032832783663016
3015244,0.09877606728381162
3015245,0.6773371927556556
3015246,1393.2327564833506
3015247,0.06309310075929729
3015248,158.05929805966974
3015249,5.911273213740457
3015250,629.7910156633668
3015251,300.11958668018156
3015252,175.02382191703373
3015253,58.357098359527804
3015254,29.33296814819785
3015255,2431.4805140584317
3015256,4.256958253962981
3015257,0.5236306099733744
3015258,9.004842001099899
3015259,13.720567640343171
3015260,0.15106712064722222
3015261,149.04885718675675
3015262,1.090211746262277
3015263,0.4976989769563872
3015264,7.1579396523968475
3015265,26.84971422057069
3015266,1.1350598673920225
3015267,215.68763300104052
3015268,167.83485618089082
3015269,1.0871166781022554
3015270,4.0267401836622465
3015271,116.3160913725288
3015272,26.007473161149786
3015273,311.4604256106813
3015274,4.248603052094507
3015275,2.213632769055615
3015276,3.3973431815113
3015277,0.0
3015278,0.5936157092003496
3015279,1308.763831714301
3015280,0.0
3015281,110.60967111103326
3015282,3.7816299442469417
3015283,587.3152994275396
3015284,203.92012617251683
3015285,127.12970955635177
3015286,41.563114007632514
3015287,22.66741904759554
3015288,2271.3274947974046
3015289,4.005823511704213
3015290,0.2777741159268466
3015291,7.833453913172386
3015292,9.901078199417807
3015293,0.011895444272794774
3015294,129.93688851447672
3015295,1.8793468469759425
3015296,0.2155265635495019
3015297,1.80575225185245
3015298,15.495688682742884
3015299,0.6775022065349052
3015300,164.46163577386363
3015301,135.7446044770943
3015302,0.6053201339523071
3015303,2.814621135993771
3015304,87.05178677612298
3015305,23.079455909232053
3015306,176.912075618332
3015307,8.088266640778967
3015308,1.5253891858112953
3015309,2.8515914763847965
3015310,0.0
3015311,1.506233948797565
3015312,1325.5857656605763
3015313,0.0
3015314,165.0604398248138
3015315,4.761416613943391
3015316,769.9931136232685
3015317,298.60658445349
3015318,178.51596021574977
3015319,44.075609549948545
3015320,33.813276558514964
3015321,2698.8340281779456
3015322,4.080139394224444
3015323,0.2609535590084241
3015324,10.305789765855376
3015325,11.763103289752973
3015326,0.025681838783206443
3015327,190.38621994526136
3015328,0.6351392058819467
3015329,0.32351237002244937
3015330,2.160417312146692
3015331,15.24385587003705
3015332,0.9841415776649082
3015333,225.52113462600727
3015334,186.4757930807078
3015335,0.8089134471744773
3015336,3.3921429189245034
3015337,73.56207326364256
3015338,39.758798690867906
3015339,329.7413273623533
3015340,0.15107910785958345
3015341,2.6645058326219924
3015342,2.715304382522254
3015343,0.3176306915515829
3015344,1.145011544726784
3015345,1495.1309686893874
3015346,0.11254463195168753
3015347,159.15890877570786
3015348,4.348065278476902
3015349,706.6693766869531
3015350,277.62800753252384
3015351,226.97964034563694
3015352,72.21867735438937
3015353,44.49997464974851
3015354,2729.37401131951
3015355,5.515898633313954
3015356,0.7585879845026116
3015357,13.541536782260351
3015358,16.209227592337548
3015359,0.20643013109012517
3015360,189.3095886859884
3015361,5.055280010196799
3015362,0.668973752621105
3015363,2.9413069443537223
3015364,24.412685820865395
3015365,1.508813912056437
3015366,164.96241403968193
3015367,170.26598178553445
3015368,1.173497792417412
3015369,5.150298434511942
3015370,118.2002562266928
3015371,37.99452533739664
3015372,450.0580630021359
3015373,0.3501190193510996
3015374,3.8246628270827165
3015375,2.9974061122423032
3015376,0.0
3015377,0.32226919654965785
3015378,1099.5258042760383
3015379,0.0
3015380,121.87138001879786
3015381,3.2228629081637954
3015382,533.4509998813148
3015383,173.96102154358675
3015384,119.9033890075558
3015385,88.41200102949911
3015386,26.237337045646537
3015387,2087.1589917084807
3015388,2.8785461865915085
3015389,0.26623571482597536
3015390,12.691047900608147
3015391,6.863932572843431
3015392,0.0
3015393,127.38893823741837
3015394,0.02757863478155739
3015395,0.19041289424527627
3015396,1.535141857407992
3015397,20.863531017754724
3015398,0.6381603980455286
3015399,95.98368722365453
3015400,118.97337903981828
3015401,0.5736286641250467
3015402,2.3061854049769783
3015403,64.53024850606818
3015404,28.580246278870483
3015405,271.05005512545597
3015406,0.08730903947024947
3015407,0.9879272151773857
3015408,5.071236852877633
3015409,0.17700545938074702
3015410,2.4849534969995037
3015411,2440.4572466488553
3015412,0.07890358993427883
3015413,306.6979380043156
3015414,7.468576419657096
3015415,928.9761597916671
3015416,523.7448503131795
3015417,308.109592903638
3015418,132.5240240335521
3015419,69.96683979722879
3015420,3817.1467081130345
3015421,6.793914390672317
3015422,0.5627708086605856
3015423,14.841009752738227
3015424,14.286585044040645
3015425,0.17580962555405288
3015426,247.2784956793736
3015427,1.561579552784138
3015428,0.5376581304028624
3015429,7.7570313893000815
3015430,25.145433329226886
3015431,1.4317004409643672
3015432,319.2755318302768
3015433,237.13697290721132
3015434,1.5363793883536994
3015435,5.723886997239405
3015436,247.28638296749588
3015437,64.30706687018328
3015438,955.2284934865482
3015439,10.162827743129986
3015440,8.853376044395514
3015441,1.0693692659469536
3015442,0.0
3015443,3.7451382019573822
3015444,1850.0347234774972
3015445,0.0
3015446,228.63123162173838
3015447,1.9342196955305142
3015448,607.1692445517027
3015449,406.2576563316875
3015450,156.59499562786965
3015451,115.74033606786061
3015452,7.948761030548761
3015453,2542.0938254135717
3015454,3.699579294992609
3015455,0.0
3015456,16.4210919009888
3015457,15.519791149988205
3015458,0.0
3015459,123.70794201388416
3015460,2.6733267760748944
3015461,1.0863336745825698
3015462,5.552823067316587
3015463,41.45593622995297
3015464,0.6540109173940002
3015465,182.50446001869858
3015466,141.21254484553924
3015467,1.1503912841192037
3015468,2.3804977970970156
3015469,33.26512558710105
3015470,9.584130008226278
3015471,355.32899263343677
3015472,21.530461910787523
3015473,1.8430827790206197
3015474,4.311368024988511
3015475,0.0628673766382961
3015476,2.2171251775793377
3015477,1730.0319708370137
3015478,0.0
3015479,143.9333335374074
3015480,5.153627168833015
3015481,679.2268670080598
3015482,253.6831965461763
3015483,193.2011516186833
3015484,50.39643967037557
3015485,34.70993044539544
3015486,3024.148753120246
3015487,5.577160282223327
3015488,0.5981461015928475
3015489,13.292439147611184
3015490,9.817761184419545
3015491,0.10079766847740608
3015492,152.61435748353168
3015493,4.249122980945848
3015494,0.4531335602590416
3015495,2.849408514330887
3015496,16.531136772345793
3015497,1.310774825585511
3015498,148.61809534623828
3015499,148.15855550275052
3015500,0.9940740361695989
3015501,3.93069005570587
3015502,98.53981181826985
3015503,29.331482936361443
3015504,324.0799808044706
3015505,0.2634551309767178
3015506,3.7775489610583795
3015507,4.425499802664115
3015508,0.09089682936050565
3015509,3.695941940725132
3015510,2547.8082486457447
3015511,0.08151491587700972
3015512,536.4438536018461
3015513,11.733285287295665
3015514,743.6051085726839
3015515,767.9580045915247
3015516,216.62468474084457
3015517,154.14130106376422
3015518,117.4983545360729
3015519,3371.5829756200283
3015520,22.410585844442792
3015521,0.9919126615740167
3015522,16.56110183284657
3015523,23.552497416299275
3015524,0.3386317971081287
3015525,197.90763029436812
3015526,18.339041142854313
3015527,9.925501719983675
3015528,8.0426398307486
3015529,59.94222592869583
3015530,7.292006883219196
3015531,372.05711698739117
3015532,234.56900426131466
3015533,8.32621015370435
3015534,9.89962716722086
3015535,391.1083835855886
3015536,101.3144932683875
3015537,1757.2278943880572
3015538,0.46107898482441967
3015539,22.45948424191517
3015540,6.0026937040235495
3015541,0.14900892453807754
3015542,5.080460264735207
3015543,2064.2284278570614
3015544,0.09573521579005273
3015545,325.3538512439728
3015546,8.49552225305207
3015547,860.1316317760879
3015548,521.4476584809006
3015549,341.0827606602258
3015550,80.51375897491613
3015551,58.38421479367151
3015552,3577.389166504917
3015553,10.362474654723643
3015554,3.085906327865373
3015555,20.326831578036888
3015556,16.216747273603346
3015557,0.36732195673714624
3015558,279.10973102905143
3015559,5.645385426036341
3015560,4.174744048670296
3015561,4.92073027358987
3015562,27.945700077213115
3015563,2.282149867389045
3015564,438.45291081698906
3015565,290.72947911823684
3015566,4.534459867456055
3015567,8.366862346341367
3015568,252.046497629551
3015569,52.22432632698375
3015570,1353.893255685468
3015571,18.428812140712576
3015572,8.87527948910126
3015573,6.897496804999205
3015574,0.27635689680839715
3015575,2.5876481649370286
3015576,2105.6619122485126
3015577,0.14008256830396826
3015578,325.304208651463
3015579,5.157404564065829
3015580,847.374733479164
3015581,411.48948224946463
3015582,230.83648784239278
3015583,126.43765740549684
3015584,64.93743878596116
3015585,3120.4575541812965
3015586,12.158694758867513
3015587,0.9674575813811261
3015588,21.924691315372723
3015589,24.09966717354987
3015590,0.38741160116947154
3015591,253.79568284705778
3015592,1.9612204489052234
3015593,2.1530276926911194
3015594,5.905197726665901
3015595,56.59105662906632
3015596,1.489522597222321
3015597,184.28315596951182
3015598,211.85295626506087
3015599,2.4674244017984
3015600,3.3387712313294626
3015601,151.7117068396838
3015602,62.479561773778784
3015603,993.3134940532979
3015604,0.827622966718935
3015605,6.417121138119141
3015606,3.682963302047873
3015607,0.05002827847468201
3015608,0.945829892649453
3015609,1124.2761428679412
3015610,0.03861660157837749
3015611,134.20049456084405
3015612,5.494340386234196
3015613,522.5658921043511
3015614,227.51650655021209
3015615,132.0280389794552
3015616,55.02190406983826
3015617,38.03305082334906
3015618,1839.4726929643825
3015619,5.776999614318183
3015620,0.6969561570039517
3015621,12.816083153611336
3015622,14.74489263672516
3015623,0.24372215017267373
3015624,157.56970918555015
3015625,1.0706743017679758
3015626,0.9120362706549661
3015627,4.042097584183516
3015628,32.85364192303701
3015629,1.2704609109095792
3015630,137.04847206564378
3015631,122.03954009322428
3015632,1.3360494314504983
3015633,2.739660715883458
3015634,97.44439247272031
3015635,32.156576541124956
3015636,285.118796944746
3015637,6.18434575284962
3015638,3.3116096443323633
3015639,2.4417446895883614
3015640,0.0
3015641,1.484495507690511
3015642,1424.5440193931518
3015643,0.0
3015644,244.32834045004785
3015645,7.969209178329222
3015646,435.79938501932656
3015647,426.6319761516067
3015648,116.29770019254865
3015649,59.76506081616731
3015650,51.97034591601445
3015651,1818.9745376320357
3015652,12.968883605573076
3015653,0.4274640291864027
3015654,8.872682674327748
3015655,13.548869126268864
3015656,0.12215127540136028
3015657,112.38003459823665
3015658,6.780604710955994
3015659,1.9969670686308176
3015660,5.754481743217662
3015661,38.275165350710274
3015662,3.1008589143701046
3015663,354.65277729906427
3015664,122.97220852002089
3015665,2.8582026498690314
3015666,4.803928395030493
3015667,254.1712800960497
3015668,42.757490635579046
3015669,795.9413741032922
3015670,0.22871033076143188
3015671,12.256938208752903
3015672,3.8876667756392216
3015673,0.19101841961491298
3015674,4.042849706012039
3015675,3349.040316744289
3015676,0.23508986371047455
3015677,717.2439446753464
3015678,15.05462094534263
3015679,1043.8819643178717
3015680,1184.0734835386593
3015681,234.96370612964574
3015682,163.39710089481713
3015683,131.14397364309582
3015684,3628.4444258062767
3015685,23.156647698650445
3015686,1.1320492223124423
3015687,23.581427105231512
3015688,38.795265641584955
3015689,0.4324737275264735
3015690,233.91892048005064
3015691,12.724577210915701
3015692,23.24630418179934
3015693,5.7326995738291116
3015694,88.94884306349228
3015695,11.48262781289941
3015696,304.66455874641
3015697,234.74846153466294
3015698,14.597444131427382
3015699,13.121455219456557
3015700,353.8905701796315
3015701,102.71401163472295
3015702,3158.47894862052
3015703,0.9943061915677093
3015704,28.420387547449145
3015705,1.0739311930440643
3015706,0.0
3015707,3.3116751790241845
3015708,1429.7062387696205
3015709,0.0
3015710,226.52014503759693
3015711,2.766492300206486
3015712,400.5011812723709
3015713,354.9411993746114
3015714,102.32182252063122
3015715,32.326540473861606
3015716,22.10329835619921
3015717,1582.4487007466464
3015718,4.294207575119787
3015719,0.04980838277712435
3015720,6.425215961061851
3015721,18.217042410888364
3015722,0.0
3015723,61.56506764419919
3015724,0.02263952037741851
3015725,6.275711986533196
3015726,1.4013490823730992
3015727,68.71870871850106
3015728,1.849197184577711
3015729,49.43908353185809
3015730,66.64752968523452
3015731,2.3739815229860506
3015732,2.295394077643368
3015733,39.792063798203394
3015734,18.416779190626688
3015735,539.6292685565452
3015736,0.0
3015737,1.1611464033104115
3015738,2.544826385327412
3015739,0.0
3015740,1.6351158984805672
3015741,782.0936421715332
3015742,0.0
3015743,133.22987169930815
3015744,4.170411820808306
3015745,279.15837380903366
3015746,169.19920380112828
3015747,71.57656235164687
3015748,35.581283659197005
3015749,23.649025620014775
3015750,1292.105847637918
3015751,2.7517257198175806
3015752,0.32672037394674597
3015753,6.058533841430832
3015754,5.7169048669272104
3015755,0.02604802104146317
3015756,60.44164328338606
3015757,0.45271598385238443
3015758,1.9984474322530001
3015759,1.4114552468916002
3015760,25.733532338681798
3015761,0.7861060774266052
3015762,151.78846469037555
3015763,83.14485942137391
3015764,1.2261516132088752
3015765,2.2627581056855406
3015766,103.93754396886723
3015767,16.981350132847908
3015768,332.5417533021254
3015769,0.1981607233412269
3015770,1.6938155985198557
3015771,4.859683317492066
3015772,0.08042214900311445
3015773,4.818119752130183
3015774,2194.905318271621
3015775,0.10173664473620528
3015776,523.8837964705715
3015777,11.170282266784156
3015778,692.2937682722934
3015779,728.8110176712621
3015780,189.88073985488225
3015781,167.80610415851848
3015782,98.15509718400898
3015783,3019.1801420057636
3015784,17.156316226139037
3015785,0.9977898073809596
3015786,14.179398002726566
3015787,23.183105972306414
3015788,0.31605410682745155
3015789,184.23826800823792
3015790,6.212506040605639
3015791,17.336237661883146
3015792,3.8715799748394204
3015793,87.73002419994735
3015794,6.368304132666181
3015795,257.6776419365544
3015796,176.70143406023328
3015797,9.970097800964387
3015798,8.932278783025062
3015799,303.5826008997637
3015800,81.30783836943215
3015801,1875.4052043728989
3015802,0.6980534447631037
3015803,17.842927228118764
3015804,5.287857987555185
3015805,0.07393851469323764
3015806,1.1412450837241146
3015807,2241.6437951825515
3015808,0.04862502590355968
3015809,397.5273130594456
3015810,7.489753915870862
3015811,844.3276664523021
3015812,587.7050409135704
3015813,260.99565901540313
3015814,157.25758180152533
3015815,62.874544659377605
3015816,3495.153115982255
3015817,6.581198823016912
3015818,0.8133869187888558
3015819,17.40709195395169
3015820,15.333667017693434
3015821,0.273575743037286
3015822,222.47420591545605
3015823,0.3168925569135209
3015824,3.4156570159544763
3015825,3.972621562608495
3015826,51.12970460212456
3015827,1.5536044723934754
3015828,325.41627428216464
3015829,230.4364261981821
3015830,3.0735462806246687
3015831,4.758532217437305
3015832,187.10890031571716
3015833,56.305644680202505
3015834,1233.2478692603572
3015835,0.8915613515792394
3015836,3.8110787525138345
3015837,5.412928444765773
3015838,0.15149262449606965
3015839,1.7064371753331886
3015840,2068.33209181861
3015841,0.1194523922691882
3015842,371.44122663052804
3015843,9.61788972016593
3015844,797.0979690005175
3015845,484.43164860207656
3015846,217.13656688878712
3015847,125.61307920367943
3015848,61.30462709205081
3015849,3071.677041042706
3015850,10.501621368462747
3015851,0.8739633484404583
3015852,21.59993253465501
3015853,16.66099080007994
3015854,0.3407671822607484
3015855,263.545969270927
3015856,1.1201616623873711
3015857,2.7152440144493415
3015858,3.50373658387263
3015859,64.11428214945128
3015860,1.5374465252586202
3015861,258.7241834976147
3015862,208.45299212317707
3015863,3.099683404440627
3015864,6.95594188571303
3015865,186.77720915803545
3015866,56.3213238709622
3015867,1757.2365384877078
3015868,0.9380940158372233
3015869,5.242585477413671
3015870,8.617140025966028
3015871,0.6396493059917303
3015872,10.740623938204259
3015873,6648.971118063626
3015874,0.6409956242554357
3015875,1110.3116919801494
3015876,30.099997937959905
3015877,1643.6056679461606
3015878,1933.7669758382406
3015879,357.99998188268586
3015880,448.91235563832635
3015881,354.0777883392634
3015882,6443.4477771009915
3015883,71.14951583227476
3015884,2.572195913100482
3015885,58.844498333461864
3015886,57.10918275809747
3015887,1.1673536538344909
3015888,401.2283142284095
3015889,31.986642112497535
3015890,36.18891041911004
3015891,21.383590057662772
3015892,193.43988892800255
3015893,18.618928210938876
3015894,749.027427695432
3015895,419.6602770412843
3015896,20.031751769552983
3015897,23.752422719398375
3015898,938.7160511151834
3015899,325.97962320965337
3015900,4880.24987558026
3015901,1.7205921693684776
3015902,77.0521346199884
3015903,2.3005571371004727
3015904,0.0
3015905,0.46612501174363574
3015906,1158.5301839268743
3015907,0.0
3015908,125.22735159221914
3015909,3.3343156851493103
3015910,416.19435521569403
3015911,215.09893422242462
3015912,93.86659472494249
3015913,84.56888061647525
3015914,29.86617149176621
3015915,1573.9694521435977
3015916,2.1491830935182747
3015917,0.37207457137438443
3015918,11.720974050705014
3015919,5.690636242942789
3015920,0.05270875714482603
3015921,105.0794798432781
3015922,0.47255852736408316
3015923,0.3511915638155226
3015924,2.0471190935522303
3015925,21.70197666482444
3015926,0.7794253117244343
3015927,132.8136672441015
3015928,94.8569070906576
3015929,0.8758198336028107
3015930,2.4761780714428108
3015931,68.98538064182863
3015932,21.994403631793958
3015933,382.8551800883241
3015934,0.17937618233303612
3015935,1.7879880743529493
3015936,7.044921201441178
3015937,0.3261072152244445
3015938,1.5440820861086386
3015939,2066.2366323666256
3015940,0.2029038711249973
3015941,361.6194510471621
3015942,8.431047574332682
3015943,878.2136269168083
3015944,496.2096505718022
3015945,228.48618082405972
3015946,167.8210237388184
3015947,58.84705434800216
3015948,3612.7192496275434
3015949,6.895941871194575
3015950,0.7956611499640305
3015951,15.59455744777669
3015952,17.317931900563167
3015953,0.33582025150287337
3015954,221.49705656587764
3015955,1.621185089130968
3015956,1.3983591114770637
3015957,6.4020370009166685
3015958,25.905575089332856
3015959,1.151888321334094
3015960,394.94100371418574
3015961,211.7101409933092
3015962,1.6596136020316257
3015963,6.611642297081605
3015964,159.44155192975856
3015965,57.98284078738438
3015966,932.9782248120443
3015967,0.5992225521671706
3015968,4.577155293631951
3015969,1.4675081661350475
3015970,0.0
3015971,0.11092138864529744
3015972,795.66248407609
3015973,0.0
3015974,79.18795247941547
3015975,2.230491333857575
3015976,365.72088716268024
3015977,115.10057890545794
3015978,77.42791121353703
3015979,84.19305309490196
3015980,17.09120923506647
3015981,1488.7320640260227
3015982,1.362801358851362
3015983,0.196234604550129
3015984,5.089937241683487
3015985,4.011052978814934
3015986,0.0
3015987,71.03174609046421
3015988,0.0
3015989,0.09276748763607119
3015990,1.0600962250576902
3015991,12.149719770696944
3015992,0.2226684044847694
3015993,94.21131331954334
3015994,85.29408625212236
3015995,0.40533701342355183
3015996,1.476651785105582
3015997,48.14322535835092
3015998,12.843422448988193
3015999,165.60535365903445
3016000,0.015807192145153894
3016001,0.6475605665615078
3016002,5.027094628809968
3016003,0.11575515158899288
3016004,0.7094212033731483
3016005,1401.1630790530912
3016006,0.044088161275039284
3016007,215.0749423450916
3016008,5.361631616431594
3016009,642.873238711485
3016010,318.2020244861532
3016011,156.01521213092627
3016012,103.70029490335966
3016013,43.9736560781135
3016014,2448.663251253806
3016015,2.8198259568640354
3016016,0.49161647846860973
3016017,15.29806084120003
3016018,10.768757292839709
3016019,0.11770744576167932
3016020,172.70644492780355
3016021,0.3642848583986617
3016022,0.3695919250270193
3016023,5.293512608608864
3016024,25.431273536315295
3016025,0.9315839968520444
3016026,269.7921143929823
3016027,179.59866672620313
3016028,1.0437302605607979
3016029,3.8013053636543357
3016030,148.9685005889993
3016031,36.718715469253866
3016032,900.8929753907555
3016033,0.3149105309542442
3016034,1.5566810597471228
3016035,3.549603910462646
3016036,0.30752928810130176
3016037,2.238067718717134
3016038,2064.1288281101592
3016039,0.2055264525182179
3016040,385.7297286961729
3016041,6.344471050450508
3016042,761.5765152635377
3016043,495.60595022569026
3016044,197.80230151790676
3016045,93.575593562513
3016046,62.774453301770045
3016047,3467.0669456075366
3016048,4.80050313234706
3016049,1.0564165736757591
3016050,16.83074742279826
3016051,26.288452021060717
3016052,0.4162882432954751
3016053,190.80652867860994
3016054,3.405810957844676
3016055,2.542412036871373
3016056,5.005563330553687
3016057,37.18858889512174
3016058,2.751261223993054
3016059,239.02878508786236
3016060,226.10707692455537
3016061,3.32831779764822
3016062,5.453959138728587
3016063,132.94368659201757
3016064,36.79502459301622
3016065,546.3521336766303
3016066,1.4983491786488201
3016067,2.35986923238532
3016068,2.4291672309800125
3016069,0.0
3016070,0.1742693472962791
3016071,1118.0010784892775
3016072,0.0
3016073,72.83921791891557
3016074,2.0650717399240586
3016075,391.9051877391759
3016076,152.21443904574122
3016077,77.80630323925041
3016078,100.77955636712738
3016079,24.534740168115995
3016080,1679.1915449952091
3016081,1.8958623723141736
3016082,0.19584362566574554
3016083,5.5333381833627096
3016084,4.918390259493127
3016085,0.0
3016086,89.43969835850712
3016087,0.0
3016088,0.14507831889448344
3016089,0.8052474990690605
3016090,23.18197050852801
3016091,0.3406052111845429
3016092,181.41853789726608
3016093,82.93416618195133
3016094,0.4710722845277237
3016095,1.6637380080198718
3016096,51.33513869797348
3016097,17.62283927557151
3016098,206.3968388064821
3016099,0.046225859575147
3016100,0.33627172065294597
3016101,3.2243742071577715
3016102,0.0
3016103,0.9038545437635997
3016104,2175.9831386649817
3016105,0.01232024963097986
3016106,269.4178608732832
3016107,5.295880218174636
3016108,693.5075124204412
3016109,457.8790441302982
3016110,170.39615586022694
3016111,98.52480689417408
3016112,66.76992732070867
3016113,3164.3826982145833
3016114,5.58335200742768
3016115,0.4737725381464292
3016116,12.31713944335948
3016117,13.788206829080822
3016118,0.13659800596432783
3016119,193.35462615918567
3016120,0.24551638839676299
3016121,6.729410794037026
3016122,1.8796303714240288
3016123,39.72547152041322
3016124,1.3046023467885084
3016125,231.56207747880967
3016126,168.8206719924281
3016127,2.4870162178513127
3016128,3.7514687495613037
3016129,138.18840910105445
3016130,54.48234063267825
3016131,892.7870977579356
3016132,0.6606212884603748
3016133,1.1529342360118995
3016134,3.4451337625156957
3016135,0.0978330906026815
3016136,4.829681098404098
3016137,2448.8544193118087
3016138,0.10783475201219235
3016139,494.01438625448816
3016140,10.55604228803375
3016141,811.0377331749112
3016142,789.7278224889967
3016143,159.16108957447818
3016144,141.5334810382579
3016145,140.0739817344911
3016146,3121.2361557465133
3016147,31.391363555472292
3016148,1.1167764002322256
3016149,21.316654185049664
3016150,18.935852903777686
3016151,0.33177634963921887
3016152,241.01395995419855
3016153,15.992969975476388
3016154,17.990676239473977
3016155,3.9854563995500962
3016156,102.49967000286465
3016157,9.931259715883751
3016158,238.02181170005966
3016159,200.16521801301897
3016160,11.699847067967196
3016161,10.687621379711777
3016162,253.0109110882028
3016163,108.03151085465001
3016164,2117.076879779793
3016165,0.6311486677746037
3016166,12.970739680547219
3016167,4.832984027710326
3016168,0.032797821538196034
3016169,3.339387162397877
3016170,1906.0912351658171
3016171,0.02404918416699003
3016172,392.52965934535825
3016173,10.828694835572408
3016174,805.4355269756888
3016175,666.0254988000332
3016176,160.43515241734644
3016177,100.7497282573392
3016178,110.12155430100829
3016179,2838.192689411727
3016180,18.526504201680588
3016181,0.9874606627575059
3016182,18.769864378997713
3016183,19.297180638278043
3016184,0.21821515716200976
3016185,222.3641243938549
3016186,15.316716916606353
3016187,9.00062365282475
3016188,6.149934265857829
3016189,62.19187517393093
3016190,7.336609123223371
3016191,148.82780750863415
3016192,210.79925295967593
3016193,7.824757379914773
3016194,9.48134252189687
3016195,137.11699933083491
3016196,84.53530942888594
3016197,1230.7711265078374
3016198,0.45053102132029416
3016199,15.769112514117023
3016200,6.415744821273274
3016201,0.224778579571091
3016202,4.651814948369074
3016203,2548.1759468723103
3016204,0.12713068934794866
3016205,450.21111793102034
3016206,9.101260169623618
3016207,943.3508395037202
3016208,603.7144821234954
3016209,199.08761465126852
3016210,180.03831282341343
3016211,74.1681642623483
3016212,3797.1145967843763
3016213,18.65024378425929
3016214,1.1283306033308191
3016215,21.224534432419496
3016216,23.217545925786766
3016217,0.34612819785153554
3016218,280.2236583261835
3016219,5.932025674662437
3016220,10.393990491650706
3016221,7.207676112084703
3016222,47.41759317824227
3016223,3.4061693582501444
3016224,231.66830537445426
3016225,228.40300828378614
3016226,5.374169957303547
3016227,8.520609690765362
3016228,164.75927315698203
3016229,73.7742070501794
3016230,1097.3340967535607
3016231,5.3993612606968675
3016232,8.579696971837112
3016233,3.122543997610951
3016234,0.0
3016235,3.2668809360155864
3016236,1945.2948152406818
3016237,0.002913380807952473
3016238,376.2359013771298
3016239,8.289073084806953
3016240,652.3621705209057
3016241,621.7746371789899
3016242,181.97117808937298
3016243,135.66621813874536
3016244,91.80024538596632
3016245,2839.1166755109425
3016246,13.328120792727958
3016247,0.7617306660686215
3016248,12.64680485166084
3016249,10.484493196702182
3016250,0.18598480515303295
3016251,176.81118566821445
3016252,14.32937187575469
3016253,9.798785387749597
3016254,2.4196313502201505
3016255,44.76597713074098
3016256,6.101201049624588
3016257,292.4940817570451
3016258,187.7608062505986
3016259,7.828231137828193
3016260,8.326502275116994
3016261,322.6074840733112
3016262,76.95781360832959
3016263,1579.8833607329648
3016264,0.4229487935704534
3016265,17.55244164915441
3016266,3.859409173249566
3016267,0.19801979671676945
3016268,0.7584791583396991
3016269,3063.5958517071404
3016270,0.11713359188218597
3016271,317.82318168058725
3016272,6.982552322635982
3016273,1105.2407334041463
3016274,461.82644512525394
3016275,232.23126468497873
3016276,123.0199266188912
3016277,58.315477069084686
3016278,4386.242879565483
3016279,8.059983699406645
3016280,0.6236283862948084
3016281,20.840857511513768
3016282,15.176029641601058
3016283,0.19878338698459036
3016284,275.3048487138891
3016285,0.7312269430468699
3016286,0.6809730888454133
3016287,4.480053445090318
3016288,32.83989197435555
3016289,1.287618444849831
3016290,154.08191309046424
3016291,223.3999677590359
3016292,1.5703380669974405
3016293,5.01516595126707
3016294,152.64065863192175
3016295,54.22683993125928
3016296,997.1192757577794
3016297,0.3372982074947742
3016298,2.7039059481295236
3016299,4.003283786257396
3016300,0.0777121199381287
3016301,3.3521178419300366
3016302,1911.2187252762037
3016303,0.08135866439032186
3016304,372.07764620365583
3016305,10.2117109703926
3016306,755.4285331696235
3016307,526.6619370811894
3016308,171.04838910404487
3016309,103.17385381640891
3016310,103.45746499776553
3016311,2664.956122897882
3016312,19.530318455969102
3016313,0.7913165554513113
3016314,16.902515417317783
3016315,21.72592746483798
3016316,0.23544687519732924
3016317,181.06255536244382
3016318,9.104553285562414
3016319,12.133379742372172
3016320,4.752347416536353
3016321,45.15970842468377
3016322,8.233152046715128
3016323,151.2401314876485
3016324,186.87348487625087
3016325,9.138836381326955
3016326,8.280202070734527
3016327,153.27518338876587
3016328,61.49817979230514
3016329,1315.4121699722468
3016330,0.6484318483240594
3016331,6.9653150940535005
3016332,4.593007329817624
3016333,0.2138545925722014
3016334,4.839983096905526
3016335,2174.794248132073
3016336,0.20017203405843734
3016337,417.6653055564393
3016338,6.661969670427981
3016339,700.2521274494899
3016340,613.060117394535
3016341,172.22956525556788
3016342,115.01626057533812
3016343,95.37512987242984
3016344,2774.545790313845
3016345,24.953135424800347
3016346,1.0548911709959237
3016347,18.440058662793483
3016348,17.19145614333558
3016349,0.45170077111869694
3016350,230.65266085006746
3016351,6.660688606300546
3016352,15.326659061308304
3016353,8.190677987866405
3016354,88.05557011011888
3016355,4.858788484347816
3016356,184.0049241795778
3016357,183.52528958952354
3016358,7.072497063245502
3016359,4.853101569319131
3016360,226.98764877942395
3016361,82.0353288976647
3016362,2286.3210972725515
3016363,0.972031322157509
3016364,17.271823897208492
3016365,4.219245330665001
3016366,0.09775152939785497
3016367,2.051021450361215
3016368,2903.708527149609
3016369,0.07980193548619986
3016370,292.91167718032267
3016371,5.357869614675765
3016372,900.5948004254108
3016373,437.22930276209877
3016374,229.20057958057072
3016375,122.59193575013741
3016376,42.58272697685462
3016377,3662.3575070767856
3016378,3.9768057883012444
3016379,0.6046356345884483
3016380,16.418570640599004
3016381,11.140579413681344
3016382,0.172394767898155
3016383,226.63977098669096
3016384,0.20582012527128582
3016385,2.0207856670146764
3016386,2.020213019791128
3016387,45.47166681407063
3016388,1.6172859557549555
3016389,234.93662702306335
3016390,222.67641345161073
3016391,1.7406020040966819
3016392,3.684373119709978
3016393,149.8459770217696
3016394,48.36453429193634
3016395,837.2292837493969
3016396,0.7029207443924754
3016397,1.0081993414499717
3016398,12.75536673427592
3016399,0.5845622796553693
3016400,13.386631914395355
3016401,7593.812066097638
3016402,0.6493477497952269
3016403,1414.9246178563212
3016404,30.915541881056754
3016405,1980.2318100261575
3016406,2192.2339909964553
3016407,520.7239362935918
3016408,505.87506951234656
3016409,405.7560374580042
3016410,7514.469789393499
3016411,71.49684081659855
3016412,2.4900378203676303
3016413,78.12797395276046
3016414,87.66895177401457
3016415,1.1113515924406663
3016416,510.71450063347396
3016417,46.592796773255216
3016418,23.816188299361993
3016419,26.14961808951629
3016420,297.29588197024674
3016421,20.039205919650996
3016422,830.220813147748
3016423,551.237915455337
3016424,27.195248239899417
3016425,29.36548860628703
3016426,1046.3127394466032
3016427,366.405628290678
3016428,5486.923932370455
3016429,91.90629900226331
3016430,84.49146176961492
3016431,9.780758791461569
3016432,0.21316280816641348
3016433,10.01585874455218
3016434,6739.8406872175965
3016435,0.3080187142322932
3016436,1124.2173786503613
3016437,26.34839403437942
3016438,1905.98913289958
3016439,1805.9461657657112
3016440,532.6139116485962
3016441,311.0064002231898
3016442,314.6405587308169
3016443,7463.697214805045
3016444,59.96852961110637
3016445,1.1484194095317093
3016446,49.14167306709901
3016447,64.24584946606446
3016448,0.7328562651299868
3016449,473.8314252974187
3016450,37.23388277488571
3016451,23.75516954371924
3016452,9.211234976701732
3016453,187.19432816224966
3016454,14.030913406852877
3016455,843.5934986614369
3016456,529.6743937034072
3016457,22.422321191707553
3016458,22.690464745199968
3016459,874.8908753402598
3016460,274.1724498228781
3016461,4564.880143508625
3016462,76.67789694928402
3016463,64.3491661042619
3016464,9.387157439389071
3016465,0.13133781931696478
3016466,10.954029467091722
3016467,4431.1544619199385
3016468,0.18905194609526113
3016469,780.8819147842537
3016470,17.31632374983686
3016471,1629.4651518000821
3016472,1166.678874549937
3016473,465.89098152341404
3016474,147.73598184445763
3016475,167.05557133152664
3016476,5921.467086978571
3016477,33.76509417778033
3016478,0.9972999615945392
3016479,27.736219753854922
3016480,38.5852646338095
3016481,0.5520870133714493
3016482,393.5157241750969
3016483,31.104821042333803
3016484,12.925641596192111
3016485,7.91680453702203
3016486,86.52031811871073
3016487,9.589696984348645
3016488,708.1658166242976
3016489,498.1222280154884
3016490,17.23035330884847
3016491,22.200203136877583
3016492,619.7338290803115
3016493,129.0622879390911
3016494,1603.3671147047564
3016495,73.8512486855726
3016496,31.815999472852113
3016497,9.958546961966793
3016498,0.19928659360024445
3016499,12.236510793204545
3016500,6431.585308790709
3016501,0.288098667127366
3016502,1112.3623706501135
3016503,22.90021387123598
3016504,1845.4054477509453
3016505,1623.7053756080297
3016506,487.5535692417053
3016507,270.275480770093
3016508,263.28466524613236
3016509,7156.805260771531
3016510,53.196500559709065
3016511,1.3067760524880665
3016512,48.805040316511885
3016513,64.92111799584166
3016514,0.7232413084974169
3016515,421.06887866539
3016516,42.73879982484702
3016517,27.277441386196703
3016518,11.383529261570988
3016519,138.29432103866452
3016520,12.469505468061111
3016521,712.2359070408188
3016522,543.9126052156886
3016523,21.54687924742298
3016524,22.32402771545142
3016525,768.4198655424393
3016526,222.93519260253115
3016527,3452.6983939572992
3016528,74.44069576134173
3016529,60.04762981282903
3016530,7.474061073139272
3016531,0.0
3016532,8.32664822693099
3016533,3652.449552121767
3016534,0.019468142873286524
3016535,685.2241493263767
3016536,16.08186336256752
3016537,1540.3499622529123
3016538,940.0424787851198
3016539,400.37420370667405
3016540,109.23601991568259
3016541,122.36078857741808
3016542,5204.807556788156
3016543,28.989966513055613
3016544,0.7553786277135185
3016545,26.537287268490708
3016546,31.394041666037268
3016547,0.2991076968355436
3016548,344.5484099251973
3016549,26.454023339151263
3016550,7.553323357454128
3016551,5.643469314058801
3016552,77.73241303377809
3016553,6.1330398638923995
3016554,593.8681570241021
3016555,436.80873306688
3016556,12.747406249660298
3016557,14.713407127735753
3016558,456.6934442351172
3016559,97.54916467291244
3016560,1411.4992405245325
3016561,71.40591373779003
3016562,20.967674056426386
3016563,10.60169727088375
3016564,0.15859201041582965
3016565,9.169945603891998
3016566,6292.896112124172
3016567,0.24075795381350998
3016568,1096.7885992857039
3016569,26.077788909022214
3016570,1529.5211677302113
3016571,1808.5099866404728
3016572,375.5070265869338
3016573,346.0750569678063
3016574,306.9171054344399
3016575,6361.631723456525
3016576,54.17502721633866
3016577,1.2610982659887664
3016578,48.46373420456429
3016579,54.2826550744609
3016580,0.6287945643636157
3016581,415.0534904814109
3016582,29.600648687222588
3016583,26.708984095541393
3016584,10.960574461263663
3016585,181.09594953841557
3016586,14.944124794966008
3016587,614.3170424361667
3016588,404.59857209239647
3016589,21.59907061327805
3016590,24.14365342758169
3016591,727.6389263422923
3016592,256.20006205330486
3016593,5046.078607672727
3016594,63.93868985738538
3016595,68.8486817907108
3016596,4.706632340961182
3016597,0.1324084283568801
3016598,3.4368879101978984
3016599,1463.6162738891098
3016600,0.1138932156022387
3016601,283.0663867024858
3016602,13.722379680280536
3016603,654.278852707684
3016604,408.5652827188261
3016605,170.65265738358195
3016606,102.89659857684487
3016607,93.0557471371632
3016608,2365.6487949568627
3016609,16.085209832386344
3016610,0.8712063305649054
3016611,17.78062782136358
3016612,20.24339306663241
3016613,0.33482567788263273
3016614,151.39477485233456
3016615,9.622133321797309
3016616,4.86190840594826
3016617,8.140214663425745
3016618,59.19838447619824
3016619,5.5291528269045855
3016620,227.21063793908633
3016621,189.24498031101137
3016622,4.453047378321972
3016623,9.04877569551395
3016624,207.68647648231143
3016625,69.42698538912222
3016626,932.6011119864094
3016627,0.5108393732972569
3016628,11.860987224880363
3016629,7.525448146934897
3016630,0.09895387479493455
3016631,7.873250661152399
3016632,3185.1709356971733
3016633,0.0990707429815689
3016634,576.1208592616183
3016635,19.575935468177104
3016636,1199.3973496315266
3016637,852.1592917793769
3016638,342.64153545248837
3016639,98.62127136403244
3016640,121.64335729338264
3016641,4537.6150485318185
3016642,33.29892275420426
3016643,0.9407000688443476
3016644,34.22660724892254
3016645,38.61128116853474
3016646,0.33342466296438833
3016647,318.3287635394986
3016648,19.158218031486598
3016649,6.715259923639422
3016650,3.892325175904887
3016651,100.63568343428811
3016652,7.9137978428295455
3016653,443.3985307862304
3016654,383.941178118009
3016655,11.498988430485378
3016656,15.81853502286956
3016657,368.3147190109287
3016658,102.97980116743551
3016659,1514.040904260667
3016660,67.61659722669852
3016661,22.111105637754118
3016662,6.284413831392218
3016663,0.07915851923650738
3016664,4.013017499975877
3016665,4006.2708795680637
3016666,0.1675650658219703
3016667,768.3083110351595
3016668,13.707411238808781
3016669,970.351299760536
3016670,1218.6681643183026
3016671,214.97848597322394
3016672,237.39504367848312
3016673,196.80975646333485
3016674,4344.235879457376
3016675,20.04848520934038
3016676,1.0778237248127298
3016677,17.7631114529578
3016678,27.47539585109367
3016679,0.517629146221858
3016680,237.26868360581426
3016681,3.781430600365024
3016682,19.577420821096183
3016683,3.9093203271037766
3016684,126.43871661424251
3016685,10.126223943295548
3016686,540.2527702846545
3016687,229.28525751312452
3016688,14.06963530173467
3016689,13.993839096511028
3016690,587.9722579051434
3016691,141.04986687079378
3016692,3769.049706809913
3016693,1.6057014152660134
3016694,30.553953502878898
3016695,7.20729259876812
3016696,0.838323997139776
3016697,3.4609725951340953
3016698,3327.271157821747
3016699,0.8573519323773657
3016700,741.9573952596834
3016701,14.27315826595655
3016702,917.507878555891
3016703,801.5254934064607
3016704,361.0553915490291
3016705,186.87039537560702
3016706,165.90619292229357
3016707,4478.102050960106
3016708,11.259267888755144
3016709,2.022079802161732
3016710,24.460443966913413
3016711,35.57508450945336
3016712,1.2403950981273382
3016713,187.147519828998
3016714,4.953582883973373
3016715,6.9980304133803735
3016716,5.884944336322167
3016717,157.70836175585774
3016718,4.687255621528843
3016719,326.17100421789866
3016720,334.8722681527911
3016721,5.757186760782845
3016722,8.273548374974498
3016723,299.5066729895087
3016724,139.12368616031904
3016725,1774.989062634371
3016726,1.9231577824029984
3016727,7.990093200970953
3016728,5.446607340793564
3016729,0.09111548104600169
3016730,4.550877548066253
3016731,1711.0527998685513
3016732,0.059503945691361276
3016733,341.9500678693461
3016734,9.063187497347144
3016735,714.2912272016185
3016736,462.4939089116737
3016737,181.63052077376898
3016738,100.47892142071784
3016739,96.50237126153647
3016740,2319.7112864206056
3016741,15.527190143115195
3016742,0.914842958790882
3016743,21.550104005447828
3016744,23.371962451735797
3016745,0.23109699472320036
3016746,239.249130960613
3016747,3.7304836420002445
3016748,4.507935445924436
3016749,3.8115656686561135
3016750,66.5951283026341
3016751,4.521387654164146
3016752,178.33883319152824
3016753,198.89221115117385
3016754,5.46932652120981
3016755,7.2199013115338015
3016756,188.14180310673134
3016757,72.36494183276405
3016758,1869.6663593052936
3016759,0.7535708997503119
3016760,5.716264602256005
3016761,3.7055652582964
3016762,0.018650788853047336
3016763,0.45003532379260225
3016764,1532.8330971613946
3016765,0.0
3016766,133.54278444563514
3016767,3.294976598669401
3016768,704.2230732466259
3016769,221.66177988050637
3016770,153.16614338127917
3016771,60.11656016198566
3016772,25.182951917246026
3016773,2413.361262925878
3016774,4.638385974243933
3016775,0.3590422288419448
3016776,11.135403937804552
3016777,8.831875199395526
3016778,0.04009412434994928
3016779,161.26707806055512
3016780,0.2463313522022291
3016781,0.25090417575806534
3016782,1.953427176381367
3016783,16.40698367923832
3016784,0.6322495530112875
3016785,80.34851772436224
3016786,141.14203617812709
3016787,0.5034999055089993
3016788,2.4837518422172282
3016789,49.950212417620676
3016790,32.44514176075347
3016791,263.0514486594165
3016792,0.19116209616766805
3016793,0.8849966036051662
3016794,4.619586599975951
3016795,0.0
3016796,5.604920551835986
3016797,2822.8570881536316
3016798,0.02055747787429142
3016799,498.93879402358465
3016800,13.149510496088553
3016801,897.671224870859
3016802,818.0539070938933
3016803,244.69659680676017
3016804,161.34538970737552
3016805,131.58976419674534
3016806,3427.3080537281676
3016807,27.721903398986306
3016808,0.750513564406576
3016809,25.93291553846322
3016810,36.58157757217339
3016811,0.23123432090393564
3016812,235.34854894069392
3016813,17.822521898833166
3016814,9.064811073541426
3016815,9.173729496320927
3016816,66.45597725352434
3016817,6.242650746545575
3016818,352.3913452301946
3016819,240.0504397694847
3016820,7.988102893616108
3016821,10.959998248697811
3016822,456.85250057623085
3016823,105.98854460343618
3016824,1884.7308483396203
3016825,0.3303938506507307
3016826,30.777666461950794
3016827,4.096671686375607
3016828,0.12791787820351627
3016829,5.7210179369110445
3016830,3642.199200974316
3016831,0.19862656841632637
3016832,630.7175063466797
3016833,14.768546078852877
3016834,834.844146137033
3016835,1122.7115499933263
3016836,190.68581502865078
3016837,248.97155082123732
3016838,209.12894302065132
3016839,3710.527732264017
3016840,30.013371082703262
3016841,1.3162509494555756
3016842,21.950527790399395
3016843,25.78602852015013
3016844,0.47537106520211947
3016845,216.64033432402454
3016846,11.104085428324069
3016847,26.40345819645364
3016848,9.392469480526685
3016849,183.37778264751967
3016850,10.760730316942098
3016851,475.5275810321058
3016852,227.50146405404365
3016853,11.40876016881826
3016854,11.251527835470853
3016855,527.2544574131246
3016856,167.14486909554665
3016857,3641.76729375709
3016858,0.6500742703366572
3016859,43.34238641191871
3016860,5.228981785990161
3016861,0.2589830397254198
3016862,8.176534413759052
3016863,3820.1146746897803
3016864,0.28778960105175383
3016865,637.6910539338456
3016866,18.91529313792824
3016867,919.0968767060267
3016868,1099.141996208913
3016869,257.9316325113763
3016870,254.81656120400675
3016871,175.7499993858453
3016872,4050.8159101108195
3016873,35.782163590245204
3016874,1.5904957685371244
3016875,35.46382999629
3016876,41.28701253280562
3016877,0.6204123625547839
3016878,279.4130138300199
3016879,25.84781088137511
3016880,23.74461566295068
3016881,16.3072766726867
3016882,148.35579467921903
3016883,13.300498796792391
3016884,416.2698272536412
3016885,265.7003627827662
3016886,14.843171987186734
3016887,17.07869347643689
3016888,494.7570484947386
3016889,165.21861019953704
3016890,3470.8480548615207
3016891,0.8629533482051241
3016892,39.29815989026391
3016893,8.144795840987221
3016894,0.26096943729398536
3016895,5.715540523256834
3016896,2918.0644780474718
3016897,0.14049859093548642
3016898,454.20776730204636
3016899,11.61097866208285
3016900,1279.8344298503353
3016901,644.3044152367396
3016902,398.5779658144346
3016903,130.85010448556844
3016904,73.30455870953124
3016905,5232.9978958374195
3016906,9.95864408760835
3016907,1.1288736430571626
3016908,22.80290634380922
3016909,30.83212952758737
3016910,0.39064756253761573
3016911,338.41668984867647
3016912,10.68898458349058
3016913,3.98320007857531
3016914,5.67896809357876
3016915,30.440227487479262
3016916,3.4001869725166993
3016917,479.9403553313982
3016918,339.35154788435375
3016919,5.106980302970409
3016920,10.860139662386876
3016921,351.23673209148245
3016922,71.61700282841092
3016923,1176.8665787758969
3016924,46.62903261982807
3016925,11.662118002596094
3016926,3.5391164744834698
3016927,0.054115872150913694
3016928,2.992095955968599
3016929,2020.9475022831161
3016930,0.07477999385256542
3016931,336.46489995971547
3016932,11.842426779155193
3016933,571.2401161627514
3016934,621.3595828539517
3016935,174.49687002553
3016936,176.3735046191681
3016937,92.60325681279585
3016938,2439.9041268081637
3016939,19.29094895194792
3016940,1.0179046364645292
3016941,15.172053548523008
3016942,26.388946656608542
3016943,0.25180976307621894
3016944,168.0938280153334
3016945,11.270134719902684
3016946,12.63344770056788
3016947,4.395278470499707
3016948,126.06333666786489
3016949,6.758550171689935
3016950,439.5671135803604
3016951,137.74283053921852
3016952,6.301832897018345
3016953,7.878361204264309
3016954,381.6417547408168
3016955,87.12806308817575
3016956,1823.3293260345897
3016957,0.3460707307581945
3016958,32.73941070453778
3016959,2.262023463959133
3016960,0.0
3016961,0.6075620234834693
3016962,983.9350356202468
3016963,0.0
3016964,100.24129163050901
3016965,3.1282832797554705
3016966,580.2728551398077
3016967,206.41097633315178
3016968,232.72653403217083
3016969,36.1701576579182
3016970,25.982686520310715
3016971,2215.3077868997966
3016972,2.4599506266951354
3016973,0.2551784321754777
3016974,6.391636172320573
3016975,5.792402562568147
3016976,0.0
3016977,125.2489114728805
3016978,1.4910721597697798
3016979,0.27665546946211683
3016980,1.490692394191077
3016981,13.209380429564185
3016982,0.6528874375337744
3016983,116.86162831406756
3016984,138.92137338596632
3016985,0.6472738695167812
3016986,2.397875838992401
3016987,102.53819485816406
3016988,17.26905188152316
3016989,212.29702595639412
3016990,9.521459853583435
3016991,1.7191947168670492
3016992,6.376968089497069
3016993,0.13658935210238707
3016994,4.64083089564774
3016995,3458.169340196422
3016996,0.07947555868063409
3016997,445.97860567729515
3016998,12.95978296578241
3016999,1364.2561374894046
3017000,595.6943951152923
3017001,433.473240533786
3017002,96.52167683112602
3017003,82.80838022542942
3017004,5109.722316428833
3017005,15.203734056544436
3017006,0.7949891553972492
3017007,21.823790967083
3017008,21.67784897851062
3017009,0.3486206454860087
3017010,310.6456807778171
3017011,7.748847010168594
3017012,2.3407738661583277
3017013,6.090418676038538
3017014,63.56920591763539
3017015,2.401916344398649
3017016,441.9887264123898
3017017,351.19675096210676
3017018,2.2611471399701957
3017019,9.697160911979552
3017020,434.55301833296846
3017021,60.62014056683194
3017022,950.0832121656725
3017023,24.218331881492226
3017024,7.238604797949413
3017025,4.502285320290032
3017026,0.047689892691348705
3017027,0.731589017328794
3017028,1559.7547363439587
3017029,0.03916243594777081
3017030,161.08782586220545
3017031,6.815423346393107
3017032,656.8225352871145
3017033,300.62724283473756
3017034,215.96646218522258
3017035,57.03138321316573
3017036,32.174992124436145
3017037,2315.975502325742
3017038,4.9327858062002825
3017039,0.5056346555008668
3017040,10.022331436416488
3017041,9.828915807567952
3017042,0.1321426862445873
3017043,149.3563894054522
3017044,1.0674956302722918
3017045,0.467579789667257
3017046,8.173926619344257
3017047,43.812844652962276
3017048,1.2123420039987136
3017049,108.74739756048399
3017050,153.8399146949056
3017051,1.0974631994478807
3017052,4.115485795890214
3017053,147.23483020809397
3017054,25.623687992771714
3017055,240.7026524555596
3017056,4.134960752445522
3017057,2.059531281955237
3017058,3.743715554098946
3017059,0.0
3017060,1.776050790090324
3017061,1382.6498610455658
3017062,0.0
3017063,112.5112433249093
3017064,4.350959085695841
3017065,663.6027482900664
3017066,225.12521627600813
3017067,185.9216352155126
3017068,43.53177196156095
3017069,25.34811864474584
3017070,2355.075974776464
3017071,4.51755421087068
3017072,0.29953904428408346
3017073,8.856511722522228
3017074,10.40044482636624
3017075,0.0012736690958407117
3017076,133.90419355676488
3017077,1.9915643878709832
3017078,0.28513171852772023
3017079,2.1252645840778355
3017080,28.314914802342642
3017081,0.8009311651459714
3017082,108.1922100668477
3017083,137.3382741945242
3017084,0.6004766503224912
3017085,2.879241833205186
3017086,109.32608911762978
3017087,23.08052420700334
3017088,180.88917606892193
3017089,5.5772875964652835
3017090,1.5625301215767566
3017091,3.2144162929521083
3017092,0.0
3017093,1.7449914895116436
3017094,1395.9782692953877
3017095,0.0
3017096,172.7980961921438
3017097,5.202702839018867
3017098,806.7045757554674
3017099,312.6578314318814
3017100,247.1189411733364
3017101,44.21229394278922
3017102,43.19701546605522
3017103,2681.204246556981
3017104,4.516068858202373
3017105,0.26410728996939725
3017106,11.771083491960912
3017107,16.787837785827403
3017108,0.0046794262281064725
3017109,194.90380307528056
3017110,0.6649287503253323
3017111,0.333288011614669
3017112,2.429909507976926
3017113,20.862230649898205
3017114,1.1269922507726264
3017115,169.7063505917577
3017116,199.66549584849486
3017117,0.8437460296803898
3017118,3.479984946499364
3017119,125.11841975267475
3017120,41.994554861301964
3017121,342.54348831595763
3017122,4.184867842717322
3017123,2.7769067788413784
3017124,2.835226026109967
3017125,0.19451170637276013
3017126,1.2379685278514736
3017127,1530.1536379986476
3017128,0.08093266766699811
3017129,158.23307557721958
3017130,4.736222105384794
3017131,702.3031853724225
3017132,294.6268469721997
3017133,268.80088168887823
3017134,67.58664705758075
3017135,46.681543238927716
3017136,2715.948714040142
3017137,5.749167315809201
3017138,0.7345977035186031
3017139,13.92289873236734
3017140,11.747693178232119
3017141,0.17108270143721882
3017142,185.67144422371132
3017143,5.187134400633436
3017144,0.6942835618899568
3017145,2.9367652147789722
3017146,25.104127599235714
3017147,1.4633419146915327
3017148,119.58030517893185
3017149,176.77591368024036
3017150,1.159656621205368
3017151,3.843879157277568
3017152,134.6200320250056
3017153,39.90219160004628
3017154,486.02970319930364
3017155,3.094704304389803
3017156,3.829532242479583
3017157,3.323676798939545
3017158,0.0
3017159,0.3015634354643
3017160,1133.242811840961
3017161,0.0
3017162,120.33108865504695
3017163,3.9139563868488847
3017164,564.042444846838
3017165,170.28713006440728
3017166,169.51267381264802
3017167,88.10166171807435
3017168,29.41260096731867
3017169,2025.5951858555202
3017170,3.1945731124401138
3017171,0.24900104122603495
3017172,9.717822862924377
3017173,7.0676239357842485
3017174,0.0
3017175,134.89471724335286
3017176,0.05269020125299957
3017177,0.21686227010785514
3017178,1.6803313429710716
3017179,32.290860289675955
3017180,0.718197907507127
3017181,61.830855040159534
3017182,126.33085181790337
3017183,0.5764070486874874
3017184,2.338222450818704
3017185,80.57292214060715
3017186,29.277089507353356
3017187,277.1670754338371
3017188,0.07082305828316804
3017189,1.0126003495784097
3017190,5.526114847068117
3017191,0.06868861737894534
3017192,2.607662854516631
3017193,2511.6450444316074
3017194,0.05026851719471039
3017195,289.4123595359265
3017196,8.40937352247232
3017197,952.7462960271706
3017198,531.5587909559788
3017199,360.8859424252711
3017200,124.31606817164221
3017201,78.65946303728153
3017202,3849.2669416378785
3017203,7.746837041987583
3017204,0.5437485675427761
3017205,16.12207523445473
3017206,14.682165718083134
3017207,0.15867412868973174
3017208,233.23635943655017
3017209,1.6980029503735183
3017210,0.5721675679129903
3017211,7.128865067797923
3017212,46.20197525515724
3017213,1.6309930348549027
3017214,222.28606578512452
3017215,240.31370072237155
3017216,1.5776644092031613
3017217,5.853038750547805
3017218,288.05798886210584
3017219,64.54794546003771
3017220,979.7466972049119
3017221,9.923505456776763
3017222,8.982129386870215
3017223,0.9654739821897572
3017224,0.0
3017225,3.4729457576267855
3017226,1874.5725564649906
3017227,0.0
3017228,201.62057070362093
3017229,1.8600369141376403
3017230,603.629836616483
3017231,429.0052985262796
3017232,207.4124163745886
3017233,109.20571927303743
3017234,7.683191097241291
3017235,2517.0971917507904
3017236,3.4176782329724116
3017237,0.0
3017238,15.647579734636919
3017239,3.993267455798427
3017240,0.0
3017241,123.11249686062722
3017242,2.2753924570533752
3017243,0.9153934845657229
3017244,5.016836012858153
3017245,52.76595414730458
3017246,0.5112807628766238
3017247,19.60441943383093
3017248,141.39678990984063
3017249,0.9057458486738486
3017250,1.977757794962858
3017251,188.01740873125937
3017252,56.174093575802594
3017253,353.1060784039344
3017254,14.440531864334115
3017255,1.5396383886015514
3017256,4.820237897016975
3017257,0.05803618140365805
3017258,2.6189877851897023
3017259,1887.4405478974918
3017260,0.0
3017261,163.80711897906045
3017262,6.009415707743685
3017263,723.2709360199037
3017264,289.65136380413685
3017265,262.7529042883319
3017266,52.09287879332435
3017267,38.59717605601256
3017268,3246.1267794189075
3017269,6.2569792861631885
3017270,0.6323994851005789
3017271,15.277997981975778
3017272,10.815580261286993
3017273,0.09765489628109245
3017274,156.7366578246315
3017275,4.418811843072277
3017276,0.5603548201128653
3017277,3.257879436339164
3017278,25.978762137000995
3017279,1.462465259404291
3017280,117.04049901107662
3017281,167.1403864405961
3017282,1.0297606032710225
3017283,4.137711952406984
3017284,121.59083500267977
3017285,31.677286108891316
3017286,351.2640834327114
3017287,5.786733344695319
3017288,4.008590578619597
3017289,5.056293722384886
3017290,0.07146311772011624
3017291,6.241064434454051
3017292,2705.3767993707643
3017293,0.05817795518709305
3017294,565.341862001904
3017295,13.647885724783176
3017296,783.9518209981808
3017297,880.0721545096244
3017298,284.9682895017282
3017299,195.8244734104286
3017300,136.6743698622907
3017301,3547.2308765445973
3017302,25.057497164718093
3017303,0.9860194571589789
3017304,19.719777919779116
3017305,27.204054801065773
3017306,0.3151483856140979
3017307,216.84241710156027
3017308,21.066456811287686
3017309,12.89558688156765
3017310,8.74615687662227
3017311,88.58638034358974
3017312,7.87401416455506
3017313,703.5676561959265
3017314,249.54736317410945
3017315,8.117021526009655
3017316,9.925758685331012
3017317,630.044400848121
3017318,106.71354108200786
3017319,2136.461179777836
3017320,0.4256631280398364
3017321,42.41042491816931
3017322,6.2593288546232655
3017323,0.12793751699755393
3017324,5.443774530449984
3017325,2248.44192776825
3017326,0.08805380475821357
3017327,337.5825916430911
3017328,9.249414587994142
3017329,848.4982614581015
3017330,554.24042687025
3017331,488.763409724122
3017332,80.71444690269348
3017333,66.6414868864181
3017334,3791.7434370720275
3017335,11.790889350016846
3017336,0.9162779003686892
3017337,19.832748997689443
3017338,16.360502761933354
3017339,0.35503138449119215
3017340,301.05560813722445
3017341,6.045084059796099
3017342,5.116105261477113
3017343,3.5803424824948946
3017344,42.29423156495183
3017345,2.4715419465643453
3017346,239.2276492893246
3017347,300.41094294612935
3017348,4.500416397913319
3017349,8.378735109633178
3017350,361.9207169624225
3017351,48.74632673812207
3017352,1640.8402188620782
3017353,23.74692929738308
3017354,9.19977135516326
3017355,7.208963269036264
3017356,0.17185020236079834
3017357,4.062039464508665
3017358,2195.7013875143075
3017359,0.11587313725091017
3017360,331.0826756900018
3017361,5.83414687178402
3017362,870.3462534980662
3017363,423.65855663862004
3017364,329.5656776046278
3017365,115.82839456250696
3017366,73.69494916750388
3017367,3151.0975849755578
3017368,13.668293108118377
3017369,0.9693140734060671
3017370,24.088857188123512
3017371,22.122239016060433
3017372,0.37297389228783534
3017373,254.77025003791724
3017374,2.1958239655911735
3017375,2.3391094490867483
3017376,6.072217726246014
3017377,89.0270908176719
3017378,1.6560684370729701
3017379,141.53851076271633
3017380,217.72564268903335
3017381,2.5049727659695336
3017382,3.3727709303641435
3017383,209.02342327204235
3017384,79.30075271569224
3017385,1039.5739324931126
3017386,0.8007695313281397
3017387,6.541172527395215
3017388,4.052397381967468
3017389,0.04008154938116306
3017390,1.0310404601985625
3017391,1048.3167269152525
3017392,0.039271025000425
3017393,131.13188947913363
3017394,5.829894749684328
3017395,547.3265500585575
3017396,238.42575710230855
3017397,173.06659396761532
3017398,55.869443773322274
3017399,39.10776091325384
3017400,1929.0212868756219
3017401,5.9440293759366725
3017402,0.7015668663557666
3017403,13.135690957613853
3017404,10.194643821857516
3017405,0.23619367487322368
3017406,164.36251070588398
3017407,0.9798157242225398
3017408,0.8790303749498278
3017409,4.107864096418674
3017410,41.99178020538293
3017411,1.2050211238330744
3017412,86.36732068957744
3017413,134.80260606050703
3017414,1.364725188212705
3017415,2.7170315719917646
3017416,127.92633440766339
3017417,33.21235136476582
3017418,276.17140215753807
3017419,14.14808683576921
3017420,3.4424453659513103
3017421,2.588752593785506
3017422,0.0
3017423,3.2607214669316225
3017424,1667.957230393588
3017425,0.0
3017426,254.16856080514853
3017427,8.871875146979107
3017428,460.30236908907506
3017429,493.14127134706763
3017430,165.6669405310687
3017431,74.55129854725517
3017432,63.020361729599756
3017433,2158.443351730018
3017434,14.755291588399492
3017435,0.4228226622645832
3017436,9.64370978869574
3017437,16.338615900714263
3017438,0.09691846020866399
3017439,117.92609189752093
3017440,7.1216962802227535
3017441,2.6828125847272837
3017442,5.386734282722199
3017443,63.99719513823196
3017444,3.3232937134458576
3017445,488.25053021495194
3017446,126.85547069842012
3017447,2.816085957100204
3017448,4.81975774128475
3017449,352.1383290222203
3017450,44.370364177562735
3017451,983.5229716865581
3017452,0.17496582235709637
3017453,17.814316427294425
3017454,4.317024833148178
3017455,0.17565708995633805
3017456,7.050747643879943
3017457,3068.3561073372284
3017458,0.215263380296686
3017459,739.1656313809956
3017460,16.573813984184145
3017461,1060.6794493087832
3017462,1221.600437532495
3017463,294.2931592467868
3017464,224.6947221813347
3017465,142.97126955183623
3017466,3487.592301176098
3017467,24.949568200117184
3017468,1.1375331095582772
3017469,24.80361125338597
3017470,40.9962824979485
3017471,0.4200636318020779
3017472,228.14880485438553
3017473,13.105836461279472
3017474,27.766938130676106
3017475,5.5358736843915395
3017476,122.99164687395302
3017477,11.74308422064079
3017478,633.8400926107972
3017479,226.54860406953287
3017480,14.558561232562674
3017481,12.800373270235147
3017482,635.1703915132593
3017483,107.61523343095348
3017484,3535.4252972219806
3017485,0.9606339263763708
3017486,45.06430475544601
3017487,1.3293075908882086
3017488,0.0
3017489,4.1852513358583625
3017490,1811.5695029673668
3017491,0.0
3017492,268.5489740468806
3017493,3.398327496633496
3017494,474.1951581002736
3017495,435.33869745613043
3017496,155.6639043689101
3017497,151.66375098753406
3017498,29.780602552711855
3017499,1869.2765045132855
3017500,5.620827191562954
3017501,0.10564751262944024
3017502,19.66229173189059
3017503,21.48000766011968
3017504,0.0
3017505,125.02801796114936
3017506,0.2771165672179231
3017507,9.677460817855646
3017508,1.5360233546547093
3017509,154.45451234187817
3017510,2.414124859405778
3017511,287.2975473200621
3017512,118.50743856386191
3017513,2.5370874122373
3017514,8.508746382667093
3017515,237.08956452553352
3017516,20.8693678360712
3017517,176.0909176708593
3017518,0.0
3017519,8.268579959096664
3017520,2.7451142558010195
3017521,0.0
3017522,0.6192912436040294
3017523,951.5866372815608
3017524,0.0
3017525,138.58218427905183
3017526,4.660414974331358
3017527,305.66772162561756
3017528,199.2754767631637
3017529,126.74069515840101
3017530,53.43805866976757
3017531,28.09060638878168
3017532,1415.4948042591427
3017533,3.379069660762218
3017534,0.3725036580695187
3017535,6.678058595876759
3017536,8.854014942128037
3017537,0.027324813282932955
3017538,67.3753445563895
3017539,0.699835255613984
3017540,2.434841303648997
3017541,1.6169845754586345
3017542,38.87091596366147
3017543,0.9768839676844067
3017544,272.4407685362232
3017545,101.67389960607892
3017546,1.2414917862918706
3017547,2.419964944294711
3017548,166.22617308371593
3017549,17.6964858860685
3017550,353.1253481296488
3017551,0.20414827268715852
3017552,1.7008011116910047
3017553,5.630548080067812
3017554,0.06277423173290336
3017555,5.56474690328142
3017556,2686.7879758023337
3017557,0.08434772502717415
3017558,566.1071929087707
3017559,13.742063706792862
3017560,763.3635945111475
3017561,814.2988611455014
3017562,268.660859913548
3017563,226.6126094813925
3017564,126.45607999684316
3017565,3412.520052235117
3017566,20.705879232829002
3017567,1.008434124613393
3017568,15.286246988613065
3017569,26.281544019608475
3017570,0.31319575540493877
3017571,192.69087227134952
3017572,7.4028936575158015
3017573,25.348264705571513
3017574,4.304727623638794
3017575,157.3822010827816
3017576,7.03431764893798
3017577,426.10255107324866
3017578,226.06200977654314
3017579,9.965260717205403
3017580,9.287394028159627
3017581,446.5982648255176
3017582,88.04438440348613
3017583,2512.292514489217
3017584,0.6912939686578865
3017585,31.495976075640485
3017586,6.429842801918528
3017587,0.00041839691438865873
3017588,1.2098487240711704
3017589,2456.2646671053744
3017590,0.008638525360403696
3017591,409.0925772487238
3017592,8.585492104471161
3017593,906.7065371001888
3017594,593.9392657138903
3017595,342.0511635762397
3017596,155.55401048607717
3017597,70.01001570711342
3017598,3621.4165644786076
3017599,7.27659801598117
3017600,0.8032290369926203
3017601,16.515484701807907
3017602,17.83902460116201
3017603,0.25870239557330627
3017604,231.74123629631734
3017605,0.32708809535246164
3017606,3.602827697166899
3017607,4.1558711067384255
3017608,97.94634985619773
3017609,1.7206595716287807
3017610,177.55450926615754
3017611,244.6399161228937
3017612,3.065568955348566
3017613,4.904791932404405
3017614,261.8218103137073
3017615,64.66144810355475
3017616,1044.4456655209576
3017617,0.859469624105099
3017618,3.7049836105957
3017619,5.6474494341988075
3017620,0.10212759028789915
3017621,3.0570143011687367
3017622,2148.803270469212
3017623,0.08525575405892677
3017624,375.2560698831546
3017625,10.386297299192904
3017626,825.1560283994244
3017627,488.23062733722657
3017628,333.0256281309701
3017629,126.07410081428108
3017630,66.06441764432783
3017631,2912.5622671148094
3017632,11.049519245012982
3017633,0.82172384833127
3017634,21.10970396291511
3017635,19.276540581228424
3017636,0.31803625315399575
3017637,269.0614212888321
3017638,1.0624981277248795
3017639,2.6332822613721585
3017640,3.7423980848745773
3017641,104.19547862742745
3017642,1.6063930450723634
3017643,160.85785900007818
3017644,212.51601237331082
3017645,3.088777073872357
3017646,6.972798614659034
3017647,238.80755154918816
3017648,61.957568765862256
3017649,1888.5917705838501
3017650,0.8817481087315338
3017651,5.237050303041761
3017652,10.147994416555349
3017653,0.6476672623515851
3017654,12.385562044618183
3017655,6731.991419509724
3017656,0.6365625948626966
3017657,1212.5915995627422
3017658,34.130229162386144
3017659,1777.5718768470106
3017660,2130.258415551782
3017661,425.20404455946584
3017662,523.8734243171882
3017663,316.54712250118047
3017664,6612.237536742634
3017665,75.76464423932511
3017666,2.675915628908383
3017667,61.88430134769137
3017668,59.66162469844495
3017669,1.192343076529833
3017670,430.8713942096493
3017671,34.7658705671282
3017672,49.345794089051736
3017673,20.95359353651394
3017674,259.4162514827477
3017675,19.485415956354625
3017676,1145.4782507652426
3017677,456.2682268911131
3017678,20.155123020550256
3017679,23.935474427779063
3017680,1264.7636128956724
3017681,339.6118408264721
3017682,6561.720103454222
3017683,1.744011161050555
3017684,125.06971287050662
3017685,2.570400575493131
3017686,0.0
3017687,0.47906309617721804
3017688,1190.3536937757633
3017689,0.0
3017690,127.58735272916665
3017691,3.7044820312926774
3017692,446.3744216479146
3017693,202.6651238897264
3017694,136.15666401913444
3017695,85.0490784238196
3017696,31.329567176815843
3017697,1751.113468698477
3017698,2.3118255282990305
3017699,0.38005265081431117
3017700,12.342211381746583
3017701,5.825846143545171
3017702,0.04957547201394423
3017703,105.38880120241693
3017704,0.4477514456698462
3017705,0.3406816263405772
3017706,1.9895758935360792
3017707,42.33034631225051
3017708,0.8070539986051681
3017709,54.7201529888019
3017710,99.35465073175529
3017711,0.866122026639589
3017712,2.421998851824224
3017713,100.98077702546448
3017714,21.43794951493446
3017715,366.6679523560863
3017716,0.17345325734407363
3017717,1.8089894829960969
3017718,7.197780642555128
3017719,0.2441019068836613
3017720,1.5931748619207147
3017721,2155.7851717068197
3017722,0.18240804534326
3017723,344.0898284551595
3017724,9.307568568053442
3017725,935.0961832664148
3017726,512.0651697130222
3017727,314.61329705339284
3017728,153.11555623848085
3017729,67.34907273065242
3017730,3514.7548583801427
3017731,7.983630526014643
3017732,0.7762694913740156
3017733,20.175788928721953
3017734,17.511637724292004
3017735,0.31552438710732256
3017736,200.62036125393047
3017737,1.6166290029729968
3017738,1.5185873305733462
3017739,6.790039841034037
3017740,40.59724748108888
3017741,1.3152263560250275
3017742,213.86534960595844
3017743,221.07683567210168
3017744,1.6477817342534276
3017745,6.6688557857100905
3017746,229.91147026820613
3017747,61.67387706937868
3017748,862.3770003366301
3017749,0.5472675241528461
3017750,4.605211267976088
3017751,1.7837227673316203
3017752,0.0
3017753,0.1398625685028837
3017754,763.0357498420358
3017755,0.0
3017756,79.44521994755821
3017757,2.862531405822286
3017758,379.9990576388827
3017759,118.1171774176513
3017760,128.13509655093384
3017761,82.85061698208128
3017762,19.36562133542136
3017763,1415.6493680851454
3017764,1.6487299303972054
3017765,0.20023186986558827
3017766,9.175611250688991
3017767,4.180068390787019
3017768,0.0
3017769,70.89155372522806
3017770,0.0
3017771,0.13828928025371143
3017772,1.1611004975908839
3017773,52.633830629689115
3017774,0.35020383911407926
3017775,48.93269903847893
3017776,82.74301703938663
3017777,0.41615477661688755
3017778,1.5514981327115576
3017779,69.2103287108734
3017780,13.463685057747727
3017781,171.99877765840964
3017782,0.0
3017783,0.7177583721131979
3017784,5.741635676125521
3017785,0.05137896731045974
3017786,2.066098744452095
3017787,1580.338903520104
3017788,0.02442492986059527
3017789,209.01977544147866
3017790,6.091381780981726
3017791,693.2497070746804
3017792,323.1804499565165
3017793,196.7620194754595
3017794,99.22713705961787
3017795,49.63137815966746
3017796,2555.4968934014582
3017797,3.1832310276606894
3017798,0.4838462733019515
3017799,16.722686804433618
3017800,10.902236699372125
3017801,0.0914294378686623
3017802,174.62363328857256
3017803,0.3306500559216261
3017804,0.3692321776727553
3017805,5.02693303001722
3017806,52.9829924925766
3017807,1.0334372003346897
3017808,162.7469366052242
3017809,174.6048036992016
3017810,1.0605993293940614
3017811,3.7660481149269023
3017812,224.23763738568084
3017813,36.80662401005388
3017814,882.6772433604403
3017815,0.2744237767036951
3017816,1.5433615657501736
3017817,3.9880862637566787
3017818,0.2522531378502245
3017819,2.3990453432904815
3017820,2230.9097073908947
3017821,0.17730588854970286
3017822,393.6782762709951
3017823,7.305906253191399
3017824,798.2194358637189
3017825,539.6387858923742
3017826,256.9354726182375
3017827,91.00209834077708
3017828,67.09917186481508
3017829,3421.2412830113362
3017830,5.305919567265143
3017831,1.0746374376690364
3017832,23.157681976610256
3017833,27.38354508667327
3017834,0.4079772884987112
3017835,201.51111944102524
3017836,3.4610508824104693
3017837,2.6061254005515515
3017838,4.795890157917855
3017839,60.65984288017804
3017840,2.9655559407855923
3017841,164.0867755657579
3017842,211.57497499215305
3017843,3.445312521565508
3017844,5.458761719814742
3017845,181.23268885749442
3017846,38.67488659058508
3017847,601.8938367612207
3017848,1.4526947530696925
3017849,2.449541884772749
3017850,2.862200965471567
3017851,0.0
3017852,0.21395040037577714
3017853,1229.7188255579695
3017854,0.0
3017855,76.75038594660145
3017856,2.564484774376169
3017857,403.98839163575275
3017858,130.87384467970185
3017859,110.90355478099745
3017860,106.29014985659134
3017861,28.753249500335507
3017862,1651.6021421557061
3017863,2.2798095694481826
3017864,0.1942760593856143
3017865,6.180161331224495
3017866,5.096926081781794
3017867,0.0
3017868,78.67237567679626
3017869,0.06426443553128441
3017870,0.30535342389300296
3017871,1.0779048718306297
3017872,52.316715543648414
3017873,0.4613814981878075
3017874,83.52906139964854
3017875,86.39266787433958
3017876,0.4880911055086559
3017877,1.7683275893619346
3017878,82.48116935911501
3017879,17.806538740084655
3017880,230.5577588863739
3017881,0.032350393503635
3017882,0.3843117045258926
3017883,3.758747220281135
3017884,0.0
3017885,0.9487853156029022
3017886,2340.247987157605
3017887,0.0
3017888,343.84811433025385
3017889,5.787116770488759
3017890,727.3027634330915
3017891,480.7861428766343
3017892,238.5031420951543
3017893,102.83420185545789
3017894,83.20471229738023
3017895,3319.4254178831297
3017896,6.177967735551727
3017897,0.48447712565717305
3017898,12.786981192293283
3017899,14.530334048951723
3017900,0.13648471761638975
3017901,199.24393998526526
3017902,0.27345806906506215
3017903,8.587231620473263
3017904,1.950710668723953
3017905,97.51774664823854
3017906,1.3825486065635288
3017907,160.95786730818088
3017908,178.257892578725
3017909,2.427703816433181
3017910,3.66352240869403
3017911,163.51822096970594
3017912,54.560284122537325
3017913,1010.4046753925272
3017914,0.6226862678680516
3017915,1.1148615696669928
3017916,3.8329645748811965
3017917,0.06892947872624162
3017918,5.354889337687266
3017919,2539.0469481187774
3017920,0.071653942957461
3017921,519.7574720894712
3017922,11.592086580719906
3017923,811.9610010237255
3017924,879.2151556402883
3017925,195.55557105784595
3017926,164.4304950076228
3017927,151.21946029871418
3017928,3348.2243653295072
3017929,32.38570535295322
3017930,1.1467035356879796
3017931,21.298583740070093
3017932,22.90423324661402
3017933,0.28921018772514373
3017934,269.1151096667572
3017935,16.70020610328731
3017936,21.929076608958724
3017937,4.0105121990613775
3017938,137.9342716222011
3017939,10.142881371755486
3017940,350.80549935931907
3017941,206.10155630880814
3017942,11.18066370528488
3017943,10.457678212774812
3017944,350.98112305972785
3017945,109.6816589301671
3017946,2338.041916581836
3017947,0.5802676323575972
3017948,27.194124037265365
3017949,5.547753773107345
3017950,0.028952655008518187
3017951,5.8755492067715895
3017952,2184.054470360517
3017953,0.015197189963251286
3017954,410.2282065067873
3017955,12.523761421164851
3017956,904.5531997306125
3017957,718.9441402291606
3017958,195.21100000173257
3017959,112.65596378589309
3017960,129.77818563266825
3017961,3086.139017209048
3017962,21.06479163490094
3017963,1.0957106846167834
3017964,20.839419151724307
3017965,20.83241361111744
3017966,0.22076663507802277
3017967,240.63788671205228
3017968,17.58679594057719
3017969,12.40304407488756
3017970,6.671765033958083
3017971,111.63108745426342
3017972,8.202375224009742
3017973,243.3638509596683
3017974,236.80799926413758
3017975,7.791036325462088
3017976,9.652885823433666
3017977,225.6662297360278
3017978,92.66328144136648
3017979,1541.2426045085772
3017980,0.4549411832726814
3017981,29.032974403460805
3017982,7.353567555675253
3017983,0.19292862814745237
3017984,5.080506689413713
3017985,2718.6192012972692
3017986,0.10058176996720895
3017987,457.17564256723375
3017988,10.745262403630484
3017989,995.3088245489887
3017990,623.709931468626
3017991,263.5331485625732
3017992,183.64561785967138
3017993,85.96102970041515
3017994,3930.8347773230707
3017995,20.795202313891334
3017996,1.1455632556154558
3017997,22.134900907293336
3017998,21.118366115533092
3017999,0.34357557999503663
3018000,288.25499232627294
3018001,6.553414543882891
3018002,11.653642277145352
3018003,5.281789680886152
3018004,91.15582717906133
3018005,3.721754029350932
3018006,161.51885975801792
3018007,246.6273549947247
3018008,5.436199070851645
3018009,8.642922363870193
3018010,234.97753532217348
3018011,81.24463739697904
3018012,1198.468460415823
3018013,7.348046090735588
3018014,9.08372436651748
3018015,3.433883461280046
3018016,0.0
3018017,5.03853256137463
3018018,2193.505665954774
3018019,0.0017546687056786156
3018020,403.78427174314504
3018021,10.145449376369262
3018022,700.6046623215583
3018023,713.1425164810441
3018024,236.1672294003837
3018025,163.17673397188224
3018026,115.27999129833833
3018027,3113.866087282386
3018028,15.638171907631518
3018029,0.7755156146044772
3018030,14.438769037278714
3018031,12.863568597690566
3018032,0.17860853754783357
3018033,184.73534425050275
3018034,16.487143325804958
3018035,14.099676828307713
3018036,2.882870305232676
3018037,109.5924715099085
3018038,6.8465134842769855
3018039,500.9380106401097
3018040,210.3070430102037
3018041,7.891230359201215
3018042,8.52611420912733
3018043,491.064946777063
3018044,82.7571988314498
3018045,2036.7618142121923
3018046,0.4260690015163635
3018047,31.83525613765472
3018048,4.324400859369284
3018049,0.12443825373374227
3018050,0.798423998945998
3018051,3187.768377397969
3018052,0.10534468095635487
3018053,326.925871820471
3018054,8.050702876439011
3018055,1219.0080111655761
3018056,466.9322253053413
3018057,271.4376184231943
3018058,119.12646289208654
3018059,62.375779085915724
3018060,4056.5099081458957
3018061,8.438333049590954
3018062,0.6359204861000943
3018063,18.36686429553644
3018064,15.984868534104107
3018065,0.19771010664327304
3018066,286.62854366148093
3018067,0.7062578985924031
3018068,0.6376190605734023
3018069,4.665109728874706
3018070,64.46587334600306
3018071,1.3719472648496203
3018072,121.97143693337081
3018073,228.35829283811177
3018074,1.6393688153738843
3018075,5.052586667019337
3018076,180.62323910762393
3018077,55.98424523104247
3018078,901.3311873536462
3018079,0.32464564987042055
3018080,2.8410436589951695
3018081,4.543923359238167
3018082,0.0688242058621917
3018083,3.7036258084757723
3018084,2149.0548569481834
3018085,0.08612838502394292
3018086,411.18614529922166
3018087,11.913346390482033
3018088,777.4310361810028
3018089,589.6297354604957
3018090,227.82694901823564
3018091,129.77795625395402
3018092,113.27620540437263
3018093,3011.425831542143
3018094,21.636533060089228
3018095,0.822168204735228
3018096,17.425984610949357
3018097,27.925593337716474
3018098,0.2416698949722121
3018099,217.9154521226569
3018100,10.198832826650246
3018101,16.22495654951688
3018102,4.85097275647594
3018103,93.41798255266201
3018104,8.656140502020518
3018105,278.672369012565
3018106,213.12082316762894
3018107,9.137054347789988
3018108,8.463859324291342
3018109,240.50597392969257
3018110,64.91549245317067
3018111,1666.5607839410786
3018112,0.6502314461211331
3018113,10.04846713028288
3018114,5.308070707222498
3018115,0.20527453737687804
3018116,3.60713734917908
3018117,2282.5429332562944
3018118,0.20295835208467622
3018119,442.34683097708836
3018120,6.239790904929686
3018121,698.7435334541365
3018122,671.4894614800552
3018123,218.5773299097099
3018124,148.89054306738373
3018125,123.71196445515693
3018126,2952.320197291801
3018127,27.61058759695643
3018128,1.1026746074196192
3018129,18.645615980698537
3018130,21.05236660269467
3018131,0.46129693876325195
3018132,234.4289288726246
3018133,7.0390505053230905
3018134,19.705803016983293
3018135,9.601275526026898
3018136,95.60828001805346
3018137,4.945181161303892
3018138,326.5303329892455
3018139,195.02581233760304
3018140,7.131269241142148
3018141,4.879042556522805
3018142,347.1279392117557
3018143,87.31347346151523
3018144,2501.3139078546756
3018145,0.9985569304960863
3018146,27.389005790413417
3018147,4.946095029705406
3018148,0.10230063273719765
3018149,0.7762942666651614
3018150,3127.680509971936
3018151,0.07719783996044881
3018152,311.4090165635208
3018153,9.240530421346488
3018154,951.531073581643
3018155,438.3384130605141
3018156,303.19429388201877
3018157,128.19510260604164
3018158,48.693010815141804
3018159,3805.8516953726967
3018160,4.441673378324352
3018161,0.6295562883941712
3018162,18.797826831391923
3018163,16.734614692973498
3018164,0.19151712602958082
3018165,215.49523131126546
3018166,0.2572704591217613
3018167,2.213405262137824
3018168,2.2567767782118056
3018169,88.49337061298776
3018170,1.868724223674826
3018171,143.52354537166846
3018172,218.2017407730543
3018173,1.7792684678391084
3018174,3.7835259498946905
3018175,219.3400551714097
3018176,68.22889172329292
3018177,849.9718004410938
3018178,0.7461535667762773
3018179,1.003784778135058
3018180,15.098472378791033
3018181,0.5514352456683357
3018182,15.233426350970852
3018183,7865.017438927771
3018184,0.6096648592856626
3018185,1533.1529423364677
3018186,36.32405508403377
3018187,2164.3981261846766
3018188,2445.2744981029327
3018189,685.0840231764479
3018190,732.000843447491
3018191,483.0416756699819
3018192,7731.139506248542
3018193,80.81681196607194
3018194,2.6298665121902594
3018195,76.54607799006358
3018196,91.87706427815648
3018197,1.189115164159348
3018198,629.6793155051555
3018199,52.976687758208364
3018200,35.8967318227053
3018201,26.751487263812756
3018202,389.05733365221556
3018203,20.976593009635486
3018204,1280.6771546494242
3018205,567.5601719986083
3018206,28.88786223983269
3018207,30.357509757044788
3018208,1461.0926997446086
3018209,383.8693455019203
3018210,6656.402329053104
3018211,88.73391300027853
3018212,146.1623450301499
3018213,10.283372166268311
3018214,0.21793746226509972
3018215,11.260804909523157
3018216,7147.147308145182
3018217,0.30172714047166305
3018218,1241.9972536323016
3018219,31.020423811784696
3018220,2058.753521542637
3018221,2045.4578195017887
3018222,629.4755063727405
3018223,458.5368036147628
3018224,339.71428133458085
3018225,8637.990720999838
3018226,69.77954123950559
3018227,1.26749672273632
3018228,49.99524250196258
3018229,68.05358048916901
3018230,0.7702828674112294
3018231,541.4738833932502
3018232,38.97044895106804
3018233,37.25230302642467
3018234,11.654541790412694
3018235,280.9023445347372
3018236,16.086876688230852
3018237,1388.2846753088256
3018238,581.7579572172965
3018239,22.9930917695394
3018240,23.772469312862164
3018241,1471.0154097564223
3018242,290.14050786523234
3018243,5941.204372775288
3018244,73.93136817464212
3018245,100.85158906160814
3018246,9.74450596340092
3018247,0.13628725226537775
3018248,12.684583725837017
3018249,4817.692266886662
3018250,0.1906096965218529
3018251,868.7947802923526
3018252,20.1700634100916
3018253,1818.9098368025711
3018254,1330.6986464232587
3018255,643.5996449453439
3018256,206.91271285743616
3018257,195.01641741868403
3018258,6311.455570744225
3018259,39.5545235808396
3018260,1.113302486276037
3018261,30.73725647950591
3018262,35.2951499745094
3018263,0.5579369999691419
3018264,434.59617612389934
3018265,30.856689791571082
3018266,17.310905741957583
3018267,8.930891068049196
3018268,152.29831376147575
3018269,11.054118936662043
3018270,1269.9125233284808
3018271,519.4060301325659
3018272,17.451898740812343
3018273,23.88927679804543
3018274,1118.274294157354
3018275,137.0234653262721
3018276,2242.835911271714
3018277,72.25251291916
3018278,57.214827118308975
3018279,10.60344981010796
3018280,0.1861561602788286
3018281,13.592556844569177
3018282,6906.54163318091
3018283,0.2553912057338529
3018284,1145.0161217769096
3018285,26.73577809299406
3018286,2013.4247941723086
3018287,1959.7846494663254
3018288,689.0436212365107
3018289,392.2782981321068
3018290,328.9005104551886
3018291,7381.323564143853
3018292,60.38880666322391
3018293,1.3569696708101373
3018294,50.48324787190873
3018295,70.15525347155668
3018296,0.7293323785853864
3018297,458.7982813625015
3018298,38.178796430999775
3018299,32.14407298174135
3018300,13.527733293886259
3018301,238.7991956640514
3018302,14.125345469560008
3018303,1304.7263367952576
3018304,596.9232741536728
3018305,21.33491891719601
3018306,22.733697045198163
3018307,1344.7720129386614
3018308,236.5345925036664
3018309,4233.910000822344
3018310,70.90286226602069
3018311,95.70696293339606
3018312,7.783731221192376
3018313,0.0
3018314,9.666652770135814
3018315,3859.003646201946
3018316,0.03948925203472236
3018317,710.9439318593516
3018318,18.855100857192774
3018319,1652.1672515562705
3018320,1074.933397740808
3018321,555.6492416492285
3018322,155.26207680192897
3018323,152.05220675432707
3018324,5324.110459106545
3018325,34.29436506220827
3018326,0.8596845607261218
3018327,28.55000427213194
3018328,29.431264587593088
3018329,0.3054049533810975
3018330,360.84630228809505
3018331,33.53298830448792
3018332,9.928901508966458
3018333,8.748188534537146
3018334,166.949671669569
3018335,7.031803028900969
3018336,1087.0689174789734
3018337,483.5061945160254
3018338,12.930701172008513
3018339,19.096794790540184
3018340,940.7480285443261
3018341,103.80267031973617
3018342,1720.2131966271304
3018343,69.93277010589699
3018344,42.447192680684665
3018345,9.871856285327368
3018346,0.14788206871166623
3018347,10.153738341632677
3018348,6494.092069243387
3018349,0.22463461476216764
3018350,1202.304226995651
3018351,30.59761792549001
3018352,1647.4791202675003
3018353,2020.1658139606532
3018354,505.2146554992428
3018355,544.3092789733151
3018356,335.4526252296501
3018357,6584.183088488495
3018358,61.65558966064969
3018359,1.3154760666355945
3018360,46.01679162992498
3018361,51.29283927933248
3018362,0.648786271223905
3018363,445.7577376387104
3018364,43.82538478359175
3018365,37.19109317962482
3018366,11.71558243024656
3018367,269.79997673983087
3018368,16.21756604540098
3018369,1188.3659678998802
3018370,439.5934046061988
3018371,21.58189744536209
3018372,26.47094091473953
3018373,1254.2055257737995
3018374,268.7123901788816
3018375,6507.034629391065
3018376,63.53732804145367
3018377,112.15133552648928
3018378,5.250125714561538
3018379,0.08907750491079099
3018380,3.8796597047164845
3018381,1600.6112863386306
3018382,0.09694618498180713
3018383,324.0888067109937
3018384,15.720563565315105
3018385,646.1101316361738
3018386,455.96465230053394
3018387,235.3251044360732
3018388,115.25169320427162
3018389,103.54671761755432
3018390,2549.4641876232213
3018391,17.98770535486171
3018392,0.8939423377267599
3018393,19.36193845514201
3018394,24.22814930958076
3018395,0.30346723934493286
3018396,189.04263137407008
3018397,10.864796108230982
3018398,5.437037100917598
3018399,7.995421496058617
3018400,79.72947728533461
3018401,5.785454150005279
3018402,293.66431318197726
3018403,204.91032384478325
3018404,4.445163618378179
3018405,9.136695446153531
3018406,268.6611622886587
3018407,71.78824450604294
3018408,1028.142546630827
3018409,0.47284908320790053
3018410,20.179864574576875
3018411,8.012471823337433
3018412,0.0859094031802773
3018413,8.856565960781078
3018414,3364.384979548007
3018415,0.0887463283290123
3018416,624.8539850857891
3018417,21.546792893981127
3018418,1284.9135463742891
3018419,934.2639334045658
3018420,388.92905453498514
3018421,126.19027773107162
3018422,142.05095854093423
3018423,4605.117869570421
3018424,38.12192568250658
3018425,0.9962873373689013
3018426,38.22441290958415
3018427,40.35087315083564
3018428,0.3139478409057575
3018429,325.61024093244384
3018430,31.132783482136063
3018431,8.320607235333227
3018432,4.4229662490027195
3018433,124.78917353869812
3018434,8.579455931462842
3018435,678.4605827164786
3018436,411.3441039781999
3018437,11.357015173239542
3018438,16.092044543133518
3018439,565.3391026180284
3018440,107.74924509590878
3018441,1708.3842697121254
3018442,63.01622445894542
3018443,31.590353497351202
3018444,6.857511047607416
3018445,0.08918719023344018
3018446,4.420170579288679
3018447,4193.491799502684
3018448,0.16649887205812353
3018449,830.2809026468143
3018450,16.176075576788065
3018451,960.1018421130859
3018452,1323.7948116093958
3018453,292.7582395387875
3018454,355.7338083463004
3018455,250.2709531765781
3018456,4261.833498197036
3018457,23.924802705774294
3018458,1.1511244157060379
3018459,19.577266339525835
3018460,33.73979296051175
3018461,0.5571004820660352
3018462,262.8611941013842
3018463,4.76429957760973
3018464,26.32582821436735
3018465,4.432977673436124
3018466,238.53881109674177
3018467,11.521647011827287
3018468,910.8132067039758
3018469,268.65540482276884
3018470,14.751343412556329
3018471,11.570319369873438
3018472,988.7747467152548
3018473,155.7901451631221
3018474,5108.058707233157
3018475,1.6817081549874837
3018476,44.86337334670506
3018477,7.451120807545325
3018478,0.8474922224411898
3018479,3.6744425032986916
3018480,3345.603269114457
3018481,0.8707543104754462
3018482,724.873509635526
3018483,15.272878075258763
3018484,1092.9571201157362
3018485,1045.5196444128892
3018486,502.58841486507714
3018487,419.3690750393256
3018488,238.0517922691792
3018489,4537.5098486450825
3018490,12.797577673647691
3018491,2.037460150633212
3018492,26.4219279258669
3018493,32.26599263977861
3018494,1.2551533562273582
3018495,199.31870783154608
3018496,5.725070753125523
3018497,8.735225563938547
3018498,6.235483783122259
3018499,267.6196672596657
3018500,4.9656230189515576
3018501,750.3484857012543
3018502,383.5391410473584
3018503,5.866161291116691
3018504,11.745983250190962
3018505,726.8779737369256
3018506,144.18211793566343
3018507,1613.3109602142397
3018508,1.9197952668350373
3018509,18.044489959248008
3018510,6.008452157870865
3018511,0.08570896297175025
3018512,5.114720151249525
3018513,2084.428482205865
3018514,0.07100789587717889
3018515,351.1743771793036
3018516,10.389282127711287
3018517,812.4239852389503
3018518,538.2742276858114
3018519,275.869382537673
3018520,139.1785031713535
3018521,112.34341086816048
3018522,2744.697472071139
3018523,17.328781632221705
3018524,0.9339406134534549
3018525,23.195311987361347
3018526,27.05891960884015
3018527,0.23127859588499508
3018528,260.69066353527757
3018529,4.086943865555215
3018530,5.722981744209669
3018531,3.916361370906208
3018532,98.01245250892688
3018533,4.615154744674751
3018534,331.02073922928173
3018535,207.76692084239357
3018536,5.568476645661929
3018537,7.279553553058611
3018538,306.3200862061252
3018539,73.88704192643009
3018540,2115.168811228345
3018541,0.7595978228845466
3018542,9.629598671890495
3018543,3.897126156664993
3018544,0.0
3018545,0.4738773985079926
3018546,1673.8283667552578
3018547,0.0
3018548,165.27741303486997
3018549,3.925845628377398
3018550,639.066793205924
3018551,236.66122766624588
3018552,213.01087261813757
3018553,62.217815009226264
3018554,27.86232890137473
3018555,2743.963761966328
3018556,4.997930309165766
3018557,0.3738716434493942
3018558,11.878020191590274
3018559,9.251722309924379
3018560,0.04278886045475233
3018561,176.7484856462948
3018562,0.28160174055143106
3018563,0.23376594079523957
3018564,2.1460247859353716
3018565,27.926869639585167
3018566,0.7162495799017652
3018567,57.24916931362522
3018568,146.87083289274085
3018569,0.5138892076128776
3018570,2.5703261559714576
3018571,75.8890879636993
3018572,32.65631973331863
3018573,254.30165527244813
3018574,0.17320021835377927
3018575,0.9151730469347165
3018576,5.269308433305478
3018577,0.0
3018578,6.4851531930265445
3018579,3168.2358918418954
3018580,0.019467132833962144
3018581,540.737392133524
3018582,15.54335679419239
3018583,981.2614886713218
3018584,916.0325516829207
3018585,315.63078763802275
3018586,200.47001216356043
3018587,164.54114148552856
3018588,3704.368968823457
3018589,31.62735421788421
3018590,0.7722792069367757
3018591,22.251310313401866
3018592,38.89590032363461
3018593,0.2250050236004944
3018594,264.17468871083116
3018595,20.803045024195015
3018596,13.079480092228993
3018597,7.825740672114331
3018598,116.99599211157329
3018599,6.814044130699652
3018600,677.3399896406156
3018601,254.69715843682718
3018602,8.037602446563872
3018603,11.241294544384612
3018604,639.8051312887741
3018605,110.99414269159973
3018606,2733.30258212404
3018607,0.33953330683399985
3018608,52.29277093628169
3018609,4.81401155869443
3018610,0.09916520575889225
3018611,6.40395236621569
3018612,3759.577755977802
3018613,0.15759567980241124
3018614,704.9877080774257
3018615,16.79155895606881
3018616,959.3451393222475
3018617,1203.041992620018
3018618,228.92097032034673
3018619,299.95528434152664
3018620,244.97082332148608
3018621,3741.4712917318475
3018622,32.24016199044296
3018623,1.3015106914297752
3018624,22.86494485814731
3018625,26.163143031906042
3018626,0.44784796230952023
3018627,223.5314166942501
3018628,11.780989526238036
3018629,35.33270635187702
3018630,9.575505962880083
3018631,234.90686498958877
3018632,11.151287931086927
3018633,708.0800631879391
3018634,237.2801844963522
3018635,11.105735744034533
3018636,14.860958334482364
3018637,733.8184418653716
3018638,169.32395785244626
3018639,4643.711271575799
3018640,0.5997376703030617
3018641,62.2508546913062
3018642,6.105672496517026
3018643,0.23074145458781417
3018644,9.373973009946688
3018645,3702.562030568802
3018646,0.26364588901027863
3018647,762.8014425406104
3018648,21.301231761975572
3018649,1099.6410117237915
3018650,1229.5841353842854
3018651,314.5588488126177
3018652,321.25448425205127
3018653,194.47135736006632
3018654,3902.0316426657673
3018655,38.32196551840085
3018656,1.6562873967627787
3018657,34.66133367860895
3018658,35.04527475539835
3018659,0.6202399344271325
3018660,303.0824456927692
3018661,28.435349257258423
3018662,27.71363402811955
3018663,11.504399567575746
3018664,195.69946390223765
3018665,13.670823647984909
3018666,741.5324129892961
3018667,298.70061506367523
3018668,14.59124207024788
3018669,16.88448288938945
3018670,760.711699783338
3018671,172.93877184265992
3018672,3855.390600043881
3018673,0.866174889361486
3018674,72.921535455404
3018675,8.876426544603374
3018676,0.14412837393874067
3018677,6.023632378271114
3018678,2855.515287950761
3018679,0.08655008536377146
3018680,462.84263851724336
3018681,13.267716802092778
3018682,1204.9700819722111
3018683,643.5294732939198
3018684,423.28878810776905
3018685,124.1071423707137
3018686,82.07081790940896
3018687,4407.380032168282
3018688,11.236467563340016
3018689,1.086364153350011
3018690,24.938757064023697
3018691,31.080148088562584
3018692,0.3511642304767004
3018693,348.46349528411804
3018694,10.616707981271134
3018695,4.344445891342323
3018696,7.113310946271857
3018697,64.38605211104819
3018698,3.6764537441774814
3018699,331.5899346810508
3018700,335.35327975690745
3018701,4.98352337956158
3018702,10.741151614177099
3018703,410.96195162970855
3018704,84.10510376021566
3018705,1235.491079865727
3018706,40.88347881996722
3018707,11.647241145962544
3018708,3.7511880270925384
3018709,0.10538353205435526
3018710,4.518385298512034
3018711,2323.658338946451
3018712,0.12705266771281412
3018713,340.32649764760544
3018714,12.49485119686648
3018715,581.4913152662348
3018716,689.676975209604
3018717,140.86456448612637
3018718,134.57310415494354
3018719,123.38035017113039
3018720,2471.843548900074
3018721,19.6441953599243
3018722,1.104915747687593
3018723,17.785327919174303
3018724,27.093872068770334
3018725,0.31269240310918417
3018726,161.28762657618145
3018727,12.327612983117985
3018728,13.595485959826213
3018729,4.369440882354473
3018730,140.83353994446358
3018731,7.0865263200514
3018732,239.27040246680835
3018733,154.62910125017873
3018734,6.528159292387358
3018735,8.362804653058932
3018736,250.28899279592883
3018737,94.69862856176383
3018738,1720.1094403070085
3018739,0.40525875259730976
3018740,21.898952439959146
3018741,2.9103365003704393
3018742,0.06110467546308606
3018743,0.9099502515164155
3018744,1397.2901545312152
3018745,0.02092077202876706
3018746,119.37931534427676
3018747,3.9250056959524233
3018748,781.8823929975875
3018749,279.70341489414176
3018750,205.17603594596488
3018751,45.639033056821646
3018752,54.21877629894092
3018753,2692.703238294839
3018754,3.11235665207489
3018755,0.45603320141800263
3018756,7.692263115977315
3018757,6.936375467562202
3018758,0.08509863178453063
3018759,165.0401843925137
3018760,1.9885325960871862
3018761,0.4717338462958469
3018762,1.9070253959028969
3018763,15.444478444921518
3018764,0.915125873950928
3018765,151.64118487789798
3018766,176.38133222262076
3018767,0.9255168329281322
3018768,3.0592675009265142
3018769,142.61201360777585
3018770,19.94216394440861
3018771,275.35944939284894
3018772,12.556227164812908
3018773,3.2595679567127056
3018774,9.364001168590601
3018775,0.42169176969985295
3018776,5.567843850116992
3018777,5427.88623645788
3018778,0.3502515350241995
3018779,533.3593096056528
3018780,17.64342966308314
3018781,2013.9841915572715
3018782,833.2142741897035
3018783,541.8885316247125
3018784,124.8698663079354
3018785,140.03069983730984
3018786,7348.257577378769
3018787,20.01167795968969
3018788,1.2837499958040635
3018789,25.095609973986384
3018790,25.34216342482263
3018791,0.6934225691056908
3018792,394.8061400563939
3018793,10.977545439036216
3018794,3.293574495849687
3018795,8.49645052016866
3018796,80.1118936242851
3018797,3.4333859835507408
3018798,617.2277011611158
3018799,517.4243718418891
3018800,3.1855579771819826
3018801,13.607109950329848
3018802,530.9667814171054
3018803,69.57613956262544
3018804,1035.6774850707206
3018805,47.03988624046183
3018806,13.104914000292537
3018807,5.565041026399944
3018808,0.1830901165145744
3018809,1.0477004525197495
3018810,1966.7177737087482
3018811,0.1734605974529595
3018812,186.94352023335102
3018813,8.232776064898488
3018814,828.8073095547597
3018815,386.57434952877554
3018816,205.48775091324003
3018817,63.784099362201026
3018818,74.18497217942078
3018819,2876.662088333773
3018820,5.901847968925909
3018821,0.7270978530756651
3018822,15.329484186122366
3018823,15.473524217619545
3018824,0.27845732971562565
3018825,187.27800193409794
3018826,1.446176005510885
3018827,0.661925836351255
3018828,9.175999819084046
3018829,54.153739281245336
3018830,1.5412807809234925
3018831,126.70679130391305
3018832,198.07057385171603
3018833,1.4194198445033457
3018834,5.170058042312647
3018835,137.7088101611483
3018836,29.24013171560623
3018837,378.3128797968867
3018838,7.475268509555436
3018839,4.858320006611444
3018840,4.648716515993992
3018841,0.04967016373293961
3018842,2.1049039776432434
3018843,1823.1467209122964
3018844,0.0
3018845,134.75419508468113
3018846,5.2801475619271
3018847,806.9239578800269
3018848,283.7471374514405
3018849,168.00295675666456
3018850,53.90925581120918
3018851,59.6815322906398
3018852,2954.0022459082015
3018853,5.449694414035906
3018854,0.47629138254357317
3018855,12.530285695645908
3018856,10.063904685915258
3018857,0.11041980845396505
3018858,167.17209161259262
3018859,2.6230506015359523
3018860,0.462820893797848
3018861,2.6459434772321524
3018862,29.666061018609813
3018863,1.052157421074381
3018864,126.72792084859297
3018865,172.678321597529
3018866,0.8444133684104931
3018867,3.6484444416266912
3018868,111.95452053818227
3018869,26.62425931154915
3018870,244.61461986228122
3018871,9.145109777506375
3018872,4.158601728234512
3018873,3.869649404819711
3018874,0.07030692781311072
3018875,2.054353700802636
3018876,1865.3802670825025
3018877,0.03442310327092645
3018878,199.52158382498692
3018879,6.060481430511112
3018880,1055.5893762251374
3018881,421.97942310532
3018882,240.45612535717532
3018883,56.23546177571206
3018884,78.92721270431011
3018885,3313.6672449283365
3018886,5.162589836698691
3018887,0.39626693030864385
3018888,19.07496229951896
3018889,19.02490579086799
3018890,0.11649445368113226
3018891,252.63651494642238
3018892,0.8897610948732515
3018893,0.4785329596930995
3018894,3.026492881091212
3018895,21.331553774943817
3018896,1.4278540628677894
3018897,190.54919555283038
3018898,251.22170501096363
3018899,1.1128066326534238
3018900,4.265807154410667
3018901,95.75406892509345
3018902,45.95659640137355
3018903,435.57633693039116
3018904,10.806417174168882
3018905,5.814619566200436
3018906,3.3994929987692197
3018907,0.26717112549935407
3018908,1.5444440643102797
3018909,1946.6575161016024
3018910,0.14668333325581617
3018911,168.599612836011
3018912,5.476361810162798
3018913,939.4699361412522
3018914,359.302617720647
3018915,232.0316925551851
3018916,76.6835219618625
3018917,76.98525454244317
3018918,3229.0779899285276
3018919,6.496567420896146
3018920,0.8971237937488266
3018921,18.966425983974478
3018922,17.21835598953167
3018923,0.24051650573240319
3018924,220.45708277082275
3018925,6.233473229955232
3018926,0.816294889024016
3018927,3.3747335146631023
3018928,39.73691566536214
3018929,1.6565989653746138
3018930,130.26087623364515
3018931,195.6203742557459
3018932,1.3742053594342378
3018933,4.537053849674608
3018934,131.80643168238515
3018935,35.60025981489885
3018936,534.6716558677556
3018937,7.025459028393108
3018938,5.366089251600874
3018939,4.147519398318458
3018940,0.0
3018941,0.5358095905046959
3018942,1551.6975949986204
3018943,0.0
3018944,143.88824917870704
3018945,4.784130846474071
3018946,774.7873727501628
3018947,244.42929653603565
3018948,153.75765686575681
3018949,117.92514684985082
3018950,57.81599101933192
3018951,2653.4968524859464
3018952,3.9335789985830756
3018953,0.4341444234265611
3018954,11.621486131030442
3018955,8.550443540461053
3018956,0.06743713947234606
3018957,175.5389368415047
3018958,0.23741799498358312
3018959,0.367405757136703
3018960,2.1175273607034155
3018961,42.48543131971159
3018962,0.9534199354748004
3018963,76.06150257439398
3018964,171.0170324326176
3018965,0.8291629632200738
3018966,3.010039408256605
3018967,84.47963948221492
3018968,35.314991114612035
3018969,372.9720189022992
3018970,0.19863744028135943
3018971,1.3499800920059675
3018972,7.724234472779355
3018973,0.3135825020192654
3018974,3.7629599473389463
3018975,3760.424530369728
3018976,0.2909413688641317
3018977,402.1613543962826
3018978,11.382760487987483
3018979,1383.077294711121
3018980,783.3266965254713
3018981,464.2094645517914
3018982,194.14908387238046
3018983,170.68986139279207
3018984,5492.672884055321
3018985,10.24990136023989
3018986,0.9658253058155053
3018987,26.62606809709495
3018988,29.83219982728909
3018989,0.42418852062084006
3018990,324.30290560290194
3018991,2.6228267841457282
3018992,0.9458861535223303
3018993,11.10021757531091
3018994,55.43564946340991
3018995,2.2949873832920824
3018996,315.05754240707836
3018997,386.1557688856085
3018998,2.318642184891682
3018999,8.21643861856067
3019000,367.0609713741005
3019001,85.91114086137131
3019002,1314.8896119893034
3019003,16.346365780851098
3019004,14.93926129805169
3019005,1.2304849295746454
3019006,0.0
3019007,4.459950096511639
3019008,2735.5273672504404
3019009,0.0
3019010,310.9290492029114
3019011,2.1760655168622245
3019012,902.2052132077922
3019013,584.1824988015672
3019014,199.14533150827077
3019015,147.5671232314562
3019016,108.0385094189865
3019017,3287.5043766499534
3019018,3.865238212891864
3019019,0.0
3019020,19.144061901527138
3019021,21.892149005132033
3019022,0.0
3019023,167.90925909516682
3019024,2.749711703166867
3019025,1.0958228818759175
3019026,0.8035897051079728
3019027,88.27393138332803
3019028,0.5840574538213374
3019029,24.06229044743738
3019030,185.54147846009437
3019031,1.0546088506868454
3019032,2.3656767080797714
3019033,146.22742876441492
3019034,10.470973766334257
3019035,509.732654136615
3019036,36.644015259014445
3019037,14.658053330551615
3019038,6.474871400222881
3019039,0.22313316803442804
3019040,3.2978796610634165
3019041,2749.300335824242
3019042,0.14206382480544227
3019043,187.75404947939296
3019044,7.660303371344122
3019045,1040.759495763043
3019046,410.94554153552804
3019047,272.63968902759456
3019048,66.5651668126661
3019049,74.0376109367608
3019050,4209.418351333402
3019051,8.02327178244152
3019052,0.9496378415942189
3019053,17.653256302346428
3019054,13.793909790719917
3019055,0.26709496754117423
3019056,215.18247749263304
3019057,5.9903608159519095
3019058,0.8410401465415307
3019059,4.1511107344806595
3019060,28.597181095101917
3019061,1.935474608152619
3019062,149.73404555369984
3019063,233.19714332244308
3019064,1.469761300229845
3019065,5.487004866069167
3019066,145.66508338860572
3019067,38.49260640164174
3019068,477.6536235710965
3019069,7.092872472040948
3019070,6.31932896262029
3019071,7.200688349278291
3019072,0.325759817260729
3019073,8.05255135509309
3019074,3873.178377584548
3019075,0.30932160827268945
3019076,734.5936309884893
3019077,18.531901990401
3019078,1098.2649190572888
3019079,1200.0939996594711
3019080,348.05158415832636
3019081,236.39552924683838
3019082,211.55824619152065
3019083,4925.037019057787
3019084,33.07079780583793
3019085,1.5394065087465054
3019086,29.417132055169773
3019087,33.36975165503705
3019088,0.6272803557555019
3019089,275.5850356353451
3019090,29.451483081468716
3019091,17.318466696614646
3019092,11.004247945823488
3019093,153.35064586748044
3019094,10.091714727163787
3019095,516.2396941908355
3019096,383.4170783769993
3019097,10.57028463803668
3019098,13.737230772371404
3019099,581.1751095907041
3019100,156.67748331669927
3019101,2853.5267056851526
3019102,0.7739590982790241
3019103,35.90675701556536
3019104,9.38287789619368
3019105,0.4507832023409562
3019106,10.275289032475069
3019107,3949.262407541
3019108,0.3994837119951975
3019109,490.19785286884525
3019110,13.093095721089371
3019111,1420.8298282757044
3019112,904.5520999228827
3019113,634.2225015145583
3019114,146.30605495739607
3019115,147.2526491908327
3019116,5571.361532912116
3019117,16.69066300579394
3019118,1.5595568130372612
3019119,29.04575096194469
3019120,26.581126045802936
3019121,0.7354530763790985
3019122,459.99362613369095
3019123,9.165960290716118
3019124,7.427901510749422
3019125,9.465856538564605
3019126,81.9444191029514
3019127,3.4928219224923307
3019128,353.3642580997997
3019129,543.4258280385169
3019130,6.285039862026012
3019131,12.30784278546691
3019132,377.006078830056
3019133,78.84702721805068
3019134,2355.966358635019
3019135,20.350928028028846
3019136,24.2520983279994
3019137,10.01005080479448
3019138,0.4294996715167758
3019139,5.50207564329038
3019140,3365.496957286
3019141,0.3470721619913112
3019142,445.37989084497974
3019143,8.16916151390894
3019144,1337.4966145842718
3019145,621.4680076537404
3019146,366.59049974323295
3019147,176.4190885104163
3019148,151.06594320578844
3019149,4473.778189039567
3019150,17.702983555385664
3019151,1.5010035239098007
3019152,33.39531260130805
3019153,31.18990217515597
3019154,0.6765782774995952
3019155,355.4390111445978
3019156,3.292328605110084
3019157,3.2698188229157887
3019158,8.390966053504131
3019159,125.46184050148113
3019160,2.26519095048316
3019161,200.18017711706696
3019162,369.7632916989553
3019163,3.490535157209306
3019164,4.82348782225296
3019165,218.28315286836815
3019166,96.96349774644189
3019167,1684.430482760689
3019168,1.2232038166408254
3019169,14.200047882086935
3019170,5.336217249867662
3019171,0.1998693798411651
3019172,1.5711729288477172
3019173,1377.331495405609
3019174,0.19893433452030446
3019175,159.23496631756404
3019176,7.3848137411891095
3019177,683.6965964290687
3019178,289.40003036108516
3019179,162.07177069207842
3019180,60.84469528919127
3019181,78.14787562170177
3019182,2230.21534524887
3019183,7.289874822137961
3019184,1.000816882199143
3019185,21.2731463722113
3019186,12.581270210565165
3019187,0.42758734930061826
3019188,197.64708030667342
3019189,1.4142485043514479
3019190,1.1947659073746015
3019191,5.182236913976353
3019192,46.2177223842478
3019193,1.56311861715561
3019194,111.98691692742244
3019195,167.1014043924451
3019196,1.7869880326951306
3019197,3.5807453998039405
3019198,124.54027866733212
3019199,38.30240488849748
3019200,305.8887046099093
3019201,21.387565075567114
3019202,4.243953397284691
3019203,3.380116435863511
3019204,0.10134639857873505
3019205,2.138660264240152
3019206,2034.725527857754
3019207,0.13625231572749963
3019208,302.8268208873225
3019209,10.919856716730523
3019210,617.2033349623157
3019211,623.8826834038285
3019212,154.50374547539582
3019213,78.43109126427672
3019214,83.61580030289997
3019215,2601.1748355375007
3019216,17.62340356250681
3019217,0.6600627031204301
3019218,11.775351732895006
3019219,19.098028160188665
3019220,0.2813844880657004
3019221,141.02254428067246
3019222,8.905399765200187
3019223,3.4528391759527026
3019224,3.629173588069267
3019225,98.3935861611264
3019226,4.125513547669532
3019227,413.4114613427938
3019228,181.3110239639682
3019229,3.4898105904404324
3019230,6.103085506503657
3019231,341.16047983134354
3019232,55.809122755620855
3019233,1200.2254554803749
3019234,0.35999983970419164
3019235,11.73082018183383
3019236,5.718268644423246
3019237,0.3834463938564456
3019238,8.597242302044169
3019239,4444.928993183993
3019240,0.43005282358283875
3019241,862.9535447515525
3019242,20.681564861060984
3019243,1258.3214340288807
3019244,1521.7491076280548
3019245,335.6567873161023
3019246,216.97265510233683
3019247,188.80174018587206
3019248,4985.652949294239
3019249,29.791522565513638
3019250,1.513675456911447
3019251,28.886877060428233
3019252,43.79764008331371
3019253,0.6710501108246058
3019254,289.33224085364594
3019255,16.84614274471526
3019256,33.88435238128945
3019257,7.048160296121999
3019258,178.30317151667555
3019259,14.079307305739707
3019260,362.17972840706557
3019261,361.85674168023127
3019262,17.581552944926624
3019263,16.105149204179256
3019264,438.40550466953124
3019265,140.3018213061659
3019266,3374.509339209167
3019267,1.3110154549841273
3019268,34.74694892526833
3019269,1.5213210372978367
3019270,0.0
3019271,0.9091711700947163
3019272,2088.1475948751963
3019273,0.0
3019274,295.548386782434
3019275,3.7288115187355912
3019276,579.2432957875443
3019277,486.6063604190279
3019278,129.0853152606524
3019279,40.3937289242016
3019280,36.6805323356157
3019281,2177.957183371592
3019282,6.109594483621953
3019283,0.16737179128343008
3019284,8.16984642490855
3019285,22.610430851906866
3019286,0.0
3019287,100.73868843127676
3019288,0.393867615192421
3019289,10.696783250973246
3019290,1.747497025810605
3019291,205.65379063411297
3019292,2.6425567196118416
3019293,64.56429494782085
3019294,149.5436506961583
3019295,2.7722639270509513
3019296,9.106004093245534
3019297,51.01938020240253
3019298,23.550199917816855
3019299,200.5001759619233
3019300,0.0032329785813724325
3019301,6.894430944463902
3019302,3.5135713732485567
3019303,0.07232309297253754
3019304,0.9316044423326364
3019305,1261.8357277120222
3019306,0.08588378429720038
3019307,203.6692589981194
3019308,5.6892505812876575
3019309,404.0398653992411
3019310,268.9611279185629
3019311,101.86228061574433
3019312,51.09701511048374
3019313,36.390624207269695
3019314,1747.875252101409
3019315,4.139339424112077
3019316,0.6235007524001579
3019317,11.804783059479869
3019318,7.580165616962763
3019319,0.18504893548500653
3019320,89.65270445066264
3019321,1.0491764096029894
3019322,3.0927007451223014
3019323,2.2146300430217227
3019324,48.992792709974914
3019325,1.3067053999407436
3019326,189.9912555286443
3019327,135.6995456796031
3019328,1.613854217624004
3019329,3.1179310076058213
3019330,131.38629262934032
3019331,20.808096922041052
3019332,494.5364774459147
3019333,0.37843074640390817
3019334,2.3015531993808516
3019335,8.280815951870041
3019336,0.38210733540344766
3019337,5.420615490446074
3019338,3774.7250530497176
3019339,0.4101630432311313
3019340,778.2419723115995
3019341,19.207367715492282
3019342,1132.636147892553
3019343,1167.328604914984
3019344,351.2872333030361
3019345,294.7053966949573
3019346,210.66644495296725
3019347,4535.577530444384
3019348,28.137004179574177
3019349,1.7129964348437603
3019350,25.430669935553624
3019351,33.26085533379389
3019352,0.7077733277428375
3019353,275.92178989724374
3019354,10.853367936812944
3019355,35.04152696444862
3019356,6.272415339205616
3019357,269.3733114093425
3019358,9.51910490621583
3019359,383.65227746879134
3019360,361.8000201786774
3019361,13.65180098165873
3019362,13.441687685459993
3019363,497.6513189270902
3019364,132.39738321019976
3019365,3426.0257770248872
3019366,1.211866521629699
3019367,24.878422131337842
3019368,8.399185227154133
3019369,0.18278161634486964
3019370,1.7707694724689893
3019371,3772.701168405819
3019372,0.19250016694322714
3019373,522.6142082945165
3019374,11.000190280476948
3019375,1388.7802772197879
3019376,847.0796589554307
3019377,418.93541370877307
3019378,246.5106431066166
3019379,177.0907313422112
3019380,5187.498434451405
3019381,9.353912810985378
3019382,1.2030001940366004
3019383,25.431726892209365
3019384,20.71924660206041
3019385,0.4881474176456568
3019386,321.928400911471
3019387,0.6775685223118539
3019388,4.528079534374788
3019389,5.508072992974528
3019390,155.12193872977562
3019391,2.271993365127871
3019392,233.24704301810112
3019393,401.09270354262617
3019394,3.961613584876641
3019395,6.566193658910189
3019396,272.1661948211092
3019397,80.36660161922886
3019398,1696.0927154362655
3019399,1.2006464805456567
3019400,10.080973014505217
3019401,8.003663334874489
3019402,0.35188758791856317
3019403,2.66817370537038
3019404,3166.8275383926766
3019405,0.33119231979866787
3019406,494.84121664976055
3019407,13.907117382698294
3019408,1215.5898122125298
3019409,666.0678628690613
3019410,355.5353293390835
3019411,188.43732901123968
3019412,159.89034531592625
3019413,4044.804546529025
3019414,14.297874712629978
3019415,1.3103048589039088
3019416,27.0940728897076
3019417,25.020623441214482
3019418,0.6183992087773147
3019419,376.4852790215196
3019420,1.73852744165296
3019421,3.581963539675537
3019422,5.236122975012527
3019423,160.76637621089358
3019424,2.242091406856976
3019425,225.00656030858278
3019426,381.2505754779263
3019427,4.132793072751427
3019428,9.588886983406855
3019429,262.084433454949
3019430,78.87203378500999
3019431,2313.921141053957
3019432,1.3120374399682981
3019433,12.316948660438097
3019434,14.071866498715595
3019435,1.0247245388346131
3019436,16.673239700961094
3019437,10931.433170371434
3019438,1.0110786448643332
3019439,1538.2337479355629
3019440,45.1934786498455
3019441,2378.5228807881726
3019442,2902.4212595539784
3019443,572.1355439738944
3019444,693.3332637099395
3019445,580.4944546521372
3019446,10528.474705829134
3019447,97.10342050016013
3019448,3.5974764897322697
3019449,80.24996496908827
3019450,77.73303704989046
3019451,1.6940456523114027
3019452,592.2219348320793
3019453,48.15531506629649
3019454,63.56521391240198
3019455,28.284629520587956
3019456,365.9284848975677
3019457,24.29292707000888
3019458,1094.2345612577203
3019459,696.5262971722418
3019460,25.47528194134252
3019461,37.78017971944467
3019462,1429.6472758857617
3019463,446.61752004890127
3019464,8412.513570708981
3019465,2.432346237836227
3019466,107.1416515006421
3019467,3.06657737918174
3019468,0.018150855358700747
3019469,0.6696523920426849
3019470,1444.230117055357
3019471,0.006756766990562634
3019472,145.02784766009447
3019473,4.273566922155579
3019474,547.9520811398902
3019475,229.3720485102056
3019476,120.25897954037217
3019477,92.23547849771099
3019478,62.417664248787894
3019479,1843.6413673364766
3019480,2.699671000019659
3019481,0.5223911817979768
3019482,13.250351485524748
3019483,6.629426040755431
3019484,0.14926886225165065
3019485,111.67977694708048
3019486,0.6617604639614261
3019487,0.5194178421021344
3019488,2.2451707179642537
3019489,50.44323060802509
3019490,1.0126252073041606
3019491,64.61035142876786
3019492,101.5938263565212
3019493,1.1454356866092803
3019494,2.9261258749857673
3019495,88.09228302773337
3019496,23.69436145430651
3019497,425.285987656393
3019498,0.29300198726447735
3019499,4.395434792849874
3019500,9.623150581961493
3019501,0.4447174314724225
3019502,2.3260351357354407
3019503,3025.4716027073255
3019504,0.37307523183499486
3019505,439.1716582607514
3019506,12.116019415380045
3019507,1437.992168380579
3019508,750.8099718261664
3019509,342.73247831138434
3019510,221.78925693578063
3019511,123.54219157320807
3019512,4916.308758099003
3019513,10.032693753804246
3019514,1.1000553469620176
3019515,20.75987972359073
3019516,21.50765119842874
3019517,0.5254429981241772
3019518,278.91799813368846
3019519,2.3799522110074935
3019520,2.023431899173166
3019521,8.742313890806935
3019522,63.17175790247146
3019523,1.7569254661485956
3019524,302.55597306208097
3019525,375.2759485172587
3019526,2.182099652343243
3019527,8.80561792220632
3019528,205.03016966834997
3019529,77.5468643151188
3019530,1384.0557974264414
3019531,0.8184507871046875
3019532,7.639837111218582
3019533,2.155545843650662
3019534,0.0
3019535,0.2806435630434059
3019536,997.0859977540733
3019537,0.0
3019538,93.40762648058723
3019539,3.3181263905101956
3019540,504.35790332925313
3019541,140.36019351752782
3019542,86.45300437613061
3019543,90.70522926844865
3019544,38.987222653833186
3019545,1814.8943055031998
3019546,1.9557191335896045
3019547,0.3287918435439774
3019548,6.422532507053532
3019549,4.84776595898656
3019550,0.0109771271902575
3019551,101.05144661223017
3019552,0.04268322675800774
3019553,0.25021633747954786
3019554,1.4107841037018416
3019555,62.81946609992998
3019556,0.5139599887758629
3019557,57.735015800704126
3019558,113.67518413793381
3019559,0.5904592488791958
3019560,1.909755663973908
3019561,59.79378624552615
3019562,14.827778102379519
3019563,210.2707109039714
3019564,0.08869239655124211
3019565,2.062572671637743
3019566,7.2247444772821305
3019567,0.21094146254760493
3019568,1.12947436272072
3019569,2208.3774481685336
3019570,0.17989674646906495
3019571,265.86715528440317
3019572,7.628405236619284
3019573,951.2713709892058
3019574,393.45215506358613
3019575,237.46802741649591
3019576,133.90968524233588
3019577,98.79049194287289
3019578,3268.6530494263943
3019579,3.8940384529821435
3019580,0.6922441399634462
3019581,24.789076959207232
3019582,13.14935010444409
3019583,0.2570701914849305
3019584,228.1359835413837
3019585,0.5906363431345383
3019586,0.5934127512802384
3019587,6.139986833661398
3019588,64.15787869343451
3019589,1.4015920625188414
3019590,218.21267425065054
3019591,258.56300038603763
3019592,1.4688415079349726
3019593,4.857169885122486
3019594,200.401985652189
3019595,44.135890936333574
3019596,1027.700057707879
3019597,0.4785351069436766
3019598,4.022618729901788
3019599,4.823983684034917
3019600,0.3844637579519784
3019601,4.407970632517094
3019602,2981.1150985852337
3019603,0.30160371370174477
3019604,427.5206469972526
3019605,8.626404616622562
3019606,1061.0583464549015
3019607,666.7007764599673
3019608,224.18559836103964
3019609,113.71856731709875
3019610,119.82416295917461
3019611,4182.041133592353
3019612,6.200778171251274
3019613,1.3341746546392514
3019614,25.119474174039418
3019615,26.532905414556133
3019616,0.5626394558529559
3019617,222.56909285874144
3019618,4.276039768551474
3019619,3.011466684901269
3019620,5.7438512419888825
3019621,81.7670844002841
3019622,3.476998129005333
3019623,186.6367378205411
3019624,308.5136256610863
3019625,3.980478230508297
3019626,6.566647241922174
3019627,177.83573820112596
3019628,48.30422353516158
3019629,593.6186249829977
3019630,1.7013640529539507
3019631,6.078776461344219
3019632,3.502943434357732
3019633,0.0
3019634,0.402780861814029
3019635,1581.7278133293994
3019636,0.0
3019637,95.38281561007413
3019638,3.0660691270155183
3019639,566.2025287363125
3019640,184.7694326234797
3019641,98.05934652056206
3019642,120.86907260378491
3019643,77.54643860578288
3019644,2175.703928217446
3019645,2.7623557502770786
3019646,0.34812271600985384
3019647,12.586805573685982
3019648,6.024938015240503
3019649,0.02758762688319644
3019650,130.22060711170022
3019651,0.23170662450185617
3019652,0.46106252842714535
3019653,1.3257030745979936
3019654,77.07981823279043
3019655,0.6539208831856093
3019656,103.76965256030945
3019657,119.6513859282519
3019658,0.7075665294483181
3019659,2.2256336164125723
3019660,65.73375089184175
3019661,20.261216853070366
3019662,246.81225940574143
3019663,0.16720539579130594
3019664,0.534437663233361
3019665,4.557941284958206
3019666,0.10342539910457758
3019667,2.7373011073118243
3019668,3326.906429946853
3019669,0.1255167964974698
3019670,395.8391487344893
3019671,6.84322890481862
3019672,964.9538347078676
3019673,639.1798819630985
3019674,238.88713675314202
3019675,129.180788995254
3019676,174.47335682972803
3019677,4305.807542350619
3019678,7.436029379916169
3019679,0.6836950875304773
3019680,19.43437323604774
3019681,18.818767522582704
3019682,0.29446534407773894
3019683,259.7524758752683
3019684,0.4905092644857537
3019685,10.152809125215779
3019686,2.3369872756779677
3019687,162.78434321012526
3019688,1.7121818937345368
3019689,190.13781326645972
3019690,262.3892498822019
3019691,2.981636343471555
3019692,4.581580702068548
3019693,174.25218017307748
3019694,69.75216345078336
3019695,1153.4655746325132
3019696,0.8325518275308896
3019697,3.596940046719071
3019698,4.741399383729874
3019699,0.22108493536613583
3019700,5.8268463672059205
3019701,3053.395362211047
3019702,0.22419721011942464
3019703,594.5174835931348
3019704,13.720528176390077
3019705,913.0814420039646
3019706,986.4262339690748
3019707,227.01380047324395
3019708,191.84990050201463
3019709,189.6886035340855
3019710,3899.362936224225
3019711,37.337340543400465
3019712,1.4417036612767467
3019713,25.207571317654867
3019714,24.717807074307352
3019715,0.4727212319259948
3019716,292.7464579317537
3019717,20.201771691683025
3019718,26.178859234542312
3019719,4.819873569538482
3019720,152.50979782127172
3019721,11.648016224554246
3019722,276.9008797908517
3019723,292.47897296007113
3019724,13.111445033841136
3019725,12.478246015808613
3019726,294.9390567832651
3019727,133.24556278417785
3019728,2538.7762098048383
3019729,0.846254309052197
3019730,15.378171092405495
3019731,8.366631490446176
3019732,0.3301731581034825
3019733,5.782543143341843
3019734,3225.256030213287
3019735,0.31239085267729844
3019736,619.814471950448
3019737,18.02316261948308
3019738,1363.507394284474
3019739,1084.9461144452787
3019740,268.7958720174635
3019741,170.21240046079143
3019742,222.95916186068746
3019743,4370.4719481134
3019744,29.142878988665593
3019745,1.783614449756266
3019746,27.75493599770426
3019747,36.9885255560685
3019748,0.5781396766750678
3019749,396.3185953129868
3019750,25.774985073805137
3019751,17.274984455308157
3019752,9.898524924397833
3019753,164.23925441117453
3019754,11.144285972231037
3019755,238.84410265068294
3019756,380.2921301490032
3019757,10.91519661130857
3019758,17.250905168095926
3019759,221.5232515974683
3019760,142.03641366165903
3019761,2300.3431654345572
3019762,0.8950560503398654
3019763,22.30755234470903
3019764,10.043894397348453
3019765,0.41623489814474846
3019766,6.756538254683761
3019767,4179.777169295716
3019768,0.3066014798471376
3019769,583.4661039464587
3019770,14.239147046260006
3019771,1472.3930945245486
3019772,844.5384062120435
3019773,290.5992525451315
3019774,255.62167205151388
3019775,179.7772173684922
3019776,5411.341990327212
3019777,26.587895019538497
3019778,1.6403588497783002
3019779,27.51538029292013
3019780,30.425819314847566
3019781,0.6012406477397993
3019782,374.9807097068955
3019783,9.0994377104777
3019784,15.076844741701358
3019785,10.157886596719976
3019786,121.29406256177798
3019787,4.616799680143602
3019788,207.9415406675485
3019789,358.7284902756011
3019790,6.9559279046111735
3019791,11.585245001221747
3019792,215.281648828
3019793,106.48250411033253
3019794,1591.3853537196508
3019795,9.04550549257038
3019796,18.299407056314486
3019797,5.160099399279284
3019798,0.2824237044284224
3019799,5.322730828445167
3019800,3431.7457475635747
3019801,0.2888354510845079
3019802,556.1297643040349
3019803,14.147829984596662
3019804,1012.4552232803131
3019805,1029.4348501743486
3019806,320.8441165416851
3019807,222.94150814866217
3019808,188.47167065603514
3019809,4319.73466423633
3019810,21.331148066157926
3019811,1.3512194151327335
3019812,18.33460243549422
3019813,16.73197130510442
3019814,0.516371736110986
3019815,278.3785209566903
3019816,23.57117551662222
3019817,19.242360426487956
3019818,4.185151689651325
3019819,150.2720416852526
3019820,9.118042646962913
3019821,430.2683359819984
3019822,347.9586598201362
3019823,10.664283915871287
3019824,12.096743121524385
3019825,501.253779905176
3019826,123.35927677591641
3019827,2713.5221071545648
3019828,0.8368358496615625
3019829,23.415773258424878
3019830,5.562527040970991
3019831,0.24982111782329758
3019832,2.6028548991632667
3019833,5016.284246990368
3019834,0.22859847585728937
3019835,374.135755265388
3019836,9.87118509305357
3019837,1561.3734179862358
3019838,548.8621374660399
3019839,290.240710177245
3019840,144.7040002033552
3019841,118.95061544588397
3019842,5775.545330329064
3019843,10.032073366319041
3019844,0.8473545226410646
3019845,21.747965673751537
3019846,26.56125383032585
3019847,0.3312633035585209
3019848,362.8753940162034
3019849,1.0606059295658046
3019850,0.8589143594673473
3019851,5.579527612239472
3019852,87.0676240667164
3019853,1.6928945781648046
3019854,146.3360288529031
3019855,301.80099040184564
3019856,2.0821143614163944
3019857,6.390522822801884
3019858,162.5074007831541
3019859,67.66955324740351
3019860,1127.2722642735157
3019861,0.4901196750361907
3019862,5.817260053358789
3019863,6.4143793912073175
3019864,0.2880828312517461
3019865,5.22627555414739
3019866,3097.4104425212117
3019867,0.3089367901768026
3019868,581.5658942814912
3019869,15.86994592383294
3019870,1250.1178012404166
3019871,863.1609593084753
3019872,300.337394748253
3019873,153.35118038736857
3019874,195.56212091220297
3019875,4210.263857752328
3019876,27.783201972020684
3019877,1.282625617439227
3019878,25.96714123390146
3019879,37.79940233770785
3019880,0.4963860895213302
3019881,315.17609131937036
3019882,13.952325387674303
3019883,20.94802901106141
3019884,6.605947516880887
3019885,150.73601525317704
3019886,10.972818154974672
3019887,213.23643347888924
3019888,338.4303553301412
3019889,11.774571012241589
3019890,11.577974730325273
3019891,221.4757114217571
3019892,90.10307266189395
3019893,2392.444968484586
3019894,1.0127579667663738
3019895,9.445505099081567
3019896,7.77634129856478
3019897,0.5208885052537414
3019898,5.504044510259314
3019899,3458.7727507978234
3019900,0.517965802186759
3019901,600.244744782216
3019902,8.780136785124043
3019903,1015.1206292665446
3019904,981.9636080849635
3019905,293.8574880946448
3019906,167.3985612340175
3019907,183.0857556569881
3019908,4009.2114948799767
3019909,36.691582645301345
3019910,1.7310218469793395
3019911,26.60776459156357
3019912,27.073024709263947
3019913,0.8609913816887611
3019914,344.6098135099551
3019915,10.141127007878056
3019916,26.685606030392993
3019917,8.112264070257803
3019918,218.43965433774375
3019919,6.550421563518965
3019920,265.75952186603837
3019921,349.42803427473734
3019922,9.422179467922067
3019923,7.089494773400913
3019924,292.3349966606431
3019925,126.56345056026083
3019926,1843.6033170382893
3019927,1.5145062862547745
3019928,22.949296151033195
3019929,6.155775798237281
3019930,0.26547381225455224
3019931,1.1186882564759895
3019932,4307.945927383305
3019933,0.2366550617884968
3019934,369.4958590584323
3019935,7.578337724321569
3019936,1299.0255798295043
3019937,584.3540301129306
3019938,317.02979600799034
3019939,168.4028761398223
3019940,112.24903796835305
3019941,5014.125175578265
3019942,5.314454143146231
3019943,0.873568489296175
3019944,23.47466779010729
3019945,20.871601851537296
3019946,0.3678969920384032
3019947,261.27931527067227
3019948,0.48107525715789
3019949,2.7128677617567054
3019950,2.7453530984914694
3019951,127.3162674582049
3019952,2.3770328823251607
3019953,176.50819511236512
3019954,308.37854266491297
3019955,2.335059250108461
3019956,4.7988954218032065
3019957,186.64431243398133
3019958,60.110206432283896
3019959,1249.6470982601268
3019960,1.028825645207959
3019961,3.580747216718599
3019962,20.697029076522064
3019963,0.8625174200901531
3019964,21.429849241337088
3019965,13421.828631868999
3019966,0.9324227996605849
3019967,2036.1102702436817
3019968,47.3489993367255
3019969,3409.0200617005494
3019970,3501.251650281413
3019971,901.5358376834115
3019972,840.6353491922996
3019973,683.4513058946887
3019974,12857.967224881018
3019975,103.84066398265632
3019976,3.4887290375892377
3019977,111.50400394739945
3019978,127.12158995920711
3019979,1.6280601392898455
3019980,827.8667393783055
3019981,81.19583924683228
3019982,46.776612992855135
3019983,37.08999797524643
3019984,571.8518476668888
3019985,25.932402008370374
3019986,1241.4416368783538
3019987,1030.0304058854751
3019988,37.09134284936093
3019989,41.19535355780739
3019990,1656.999768081427
3019991,500.52932207295953
3019992,9814.854629082974
3019993,109.59099089469429
3019994,126.28184476201744
3019995,16.166033220076176
3019996,0.6659074628938477
3019997,16.009310032784754
3019998,11960.011127931723
3019999,0.7805158517171844
3020000,1691.9779541539028
3020001,45.60540867305392
3020002,3261.619186618992
3020003,2908.3456428088602
3020004,919.4241696740778
3020005,597.1516535556683
3020006,657.0415737834707
3020007,12442.694206541386
3020008,100.82080286612279
3020009,2.181246670775144
3020010,67.90934552845405
3020011,99.02049923929556
3020012,1.408601767478823
3020013,771.1295163296672
3020014,64.79179161750105
3020015,53.972105793168105
3020016,15.791859852816934
3020017,370.2964242959329
3020018,22.739696831275733
3020019,1371.2741171335729
3020020,1000.9795504023766
3020021,33.31083723102173
3020022,36.40296519976197
3020023,1620.295954012064
3020024,426.71253712587736
3020025,8283.846529564109
3020026,91.77484726446343
3020027,92.55346446371746
3020028,16.27893273855912
3020029,0.6160311159630236
3020030,19.48559024228195
3020031,9163.375904360826
3020032,0.6932886580489817
3020033,1268.5940180394675
3020034,31.265367449596265
3020035,2907.1730513668845
3020036,2186.9794978216323
3020037,1029.2640873924154
3020038,309.7390870628503
3020039,385.7093585553143
3020040,11568.351402104703
3020041,61.05654731516993
3020042,2.116880192397986
3020043,49.71323310224678
3020044,57.61782087829839
3020045,1.2124914400391988
3020046,722.1489203140864
3020047,76.81246051971381
3020048,26.73005606636165
3020049,16.744332802415563
3020050,298.7100115867475
3020051,16.80149249096556
3020052,1251.934749283576
3020053,1040.1141581544707
3020054,26.447942245463086
3020055,34.24584382646182
3020056,1326.553833301682
3020057,240.92494915706607
3020058,3666.007185687226
3020059,97.3609351967967
3020060,58.315630798978724
3020061,16.917176728852333
3020062,0.656236913943547
3020063,22.12693397404275
3020064,12009.501580775386
3020065,0.7529102204280946
3020066,1636.375369285874
3020067,40.45678631679598
3020068,2944.7910659915797
3020069,2851.6403504079626
3020070,898.3971674959405
3020071,532.3420881635626
3020072,538.4137508609209
3020073,12458.661655719696
3020074,89.19645789264968
3020075,2.37735092858302
3020076,75.20829528255497
3020077,91.9793132016712
3020078,1.4019032722376636
3020079,677.2271624460062
3020080,74.60651708125137
3020081,47.74868859170549
3020082,16.22688584597967
3020083,337.5278413200696
3020084,20.452232373780475
3020085,1218.2730967771151
3020086,957.870505271411
3020087,31.621280028571743
3020088,35.599373071173616
3020089,1506.2416939566172
3020090,359.3205898160696
3020091,6197.0152945155605
3020092,90.5577412039896
3020093,89.17571693613495
3020094,12.775397816454497
3020095,0.39979590960320804
3020096,15.05404101207806
3020097,7802.563375969193
3020098,0.46393768137050084
3020099,1084.6591691985748
3020100,28.975456492940438
3020101,2753.094888898855
3020102,1838.8030522909162
3020103,920.0096543418726
3020104,241.62677740181687
3020105,295.0245552191779
3020106,10216.408634668853
3020107,52.442125278105905
3020108,1.6917266381481029
3020109,42.199340258747675
3020110,43.32694341013343
3020111,0.8357687214037159
3020112,593.7396543004279
3020113,60.11595494972089
3020114,15.051328954386339
3020115,11.693528244211752
3020116,229.80576110138415
3020117,10.615395017808591
3020118,1055.5447566471819
3020119,904.4734955966912
3020120,19.342914613370837
3020121,32.45807140595415
3020122,1088.0168214389562
3020123,179.27408574871646
3020124,2798.716504143501
3020125,98.44671747278942
3020126,33.070232893955335
3020127,13.851200426949474
3020128,0.458539701893333
3020129,13.431947439169942
3020130,10230.389375240666
3020131,0.5560642113245996
3020132,1477.4510424102236
3020133,41.12475575847841
3020134,2109.7509048642955
3020135,2658.332972998167
3020136,573.3895218400711
3020137,552.4164117859075
3020138,556.7822537740709
3020139,10119.868523734645
3020140,80.29662596740486
3020141,1.9701271770084365
3020142,59.683172711547684
3020143,73.05574235256513
3020144,1.0950063617735608
3020145,585.2636166456344
3020146,44.77197710160347
3020147,49.08391600900574
3020148,17.24958067910657
3020149,402.88498681066204
3020150,20.79119465492283
3020151,889.5977896233683
3020152,670.3010496046841
3020153,28.51515898198436
3020154,34.123475520579305
3020155,1105.9784220233562
3020156,367.98475972143683
3020157,8286.49786742827
3020158,74.95656480250572
3020159,91.6025965501398
3020160,7.0438449293787935
3020161,0.29874372260164617
3020162,5.215877667410881
3020163,2201.9094474048065
3020164,0.3081272594034922
3020165,361.7750370704251
3020166,20.3408713510996
3020167,906.6998428985796
3020168,577.6669606676422
3020169,247.0643023307338
3020170,134.83636305694864
3020171,143.20156400243332
3020172,3263.6652348020234
3020173,22.36082008896872
3020174,1.303124257737673
3020175,24.00020457867352
3020176,27.57755546844644
3020177,0.5604090757791166
3020178,236.49908240765913
3020179,14.142025745708263
3020180,6.8137310964137
3020181,10.723038616831374
3020182,119.79301945699063
3020183,7.231119538430723
3020184,297.14740277810034
3020185,283.8748667264137
3020186,5.567816282666993
3020187,12.008261599157834
3020188,283.39677654328693
3020189,94.79869082329782
3020190,1179.1362986320119
3020191,0.7581714339764999
3020192,12.973750383543079
3020193,12.312836890980153
3020194,0.46590164667934075
3020195,12.168774787538155
3020196,6261.941205784171
3020197,0.46973129695666344
3020198,851.4246570678446
3020199,31.579346571414483
3020200,1922.840769398501
3020201,1450.5993982331563
3020202,607.941496331272
3020203,192.3762386607882
3020204,246.1406347174272
3020205,7734.611541435282
3020206,54.35157670260416
3020207,1.746327856543198
3020208,52.96800992731718
3020209,50.26774288001342
3020210,0.7737375677874564
3020211,480.41656975125017
3020212,41.08516945122548
3020213,12.024233392727712
3020214,6.995619325327873
3020215,210.98678047341207
3020216,12.472932399967311
3020217,661.3066962610253
3020218,687.6740329019513
3020219,16.385982949555814
3020220,27.3163384382091
3020221,631.0111814369625
3020222,168.6909093344278
3020223,2435.6042488345206
3020224,83.76378251875545
3020225,29.186682844471612
3020226,9.173238569293385
3020227,0.36344502279681645
3020228,5.955277298358381
3020229,6336.718555783315
3020230,0.46022382145797536
3020231,1015.4646316387887
3020232,20.822167444686507
3020233,1402.8318648660313
3020234,1761.9040242018586
3020235,370.8376819264609
3020236,378.76475540584727
3020237,311.336751187509
3020238,6232.793403908164
3020239,30.408640399399182
3020240,1.719763946786981
3020241,36.02280398635747
3020242,41.746900925521864
3020243,0.9491790954798525
3020244,352.82847477524314
3020245,6.465368323106621
3020246,33.70319774183874
3020247,5.763860665225708
3020248,315.66429837082586
3020249,14.61294614557541
3020250,706.6943712440737
3020251,420.4299857005358
3020252,19.292391373406
3020253,18.897239611618573
3020254,864.555695236249
3020255,209.61836161897344
3020256,5817.0933375934
3020257,2.362569633888594
3020258,39.19479186152424
3020259,8.941227145327828
3020260,1.0904982498577849
3020261,8.084253103042325
3020262,5550.950892666441
3020263,1.1168200680137463
3020264,1059.5874715243226
3020265,17.82799730109021
3020266,1488.0675727783478
3020267,1497.896694336027
3020268,599.6009155146614
3020269,259.3164221323563
3020270,249.4233815442565
3020271,7257.271869150818
3020272,14.855418794441944
3020273,2.5094098179107434
3020274,17.116824801750973
3020275,40.24980414671832
3020276,1.5753589056893915
3020277,276.5410651671935
3020278,6.769297853366769
3020279,10.320801984350538
3020280,7.458250606612394
3020281,367.2633573047439
3020282,5.769644517508977
3020283,441.99536711793473
3020284,608.6825231970253
3020285,6.94827624004883
3020286,14.93374918660397
3020287,412.5980349959233
3020288,181.91980607357846
3020289,2724.349555201081
3020290,2.2937374949860216
3020291,16.70352631478598
3020292,8.333856510390945
3020293,0.302005485303237
3020294,6.824829885733136
3020295,2852.399764160489
3020296,0.2843756501911171
3020297,530.245995595478
3020298,13.813821318572003
3020299,1143.0139966326692
3020300,783.328636436341
3020301,304.01898350817333
3020302,142.56767005784283
3020303,165.44359963649813
3020304,3492.063502999957
3020305,22.13275762841609
3020306,1.4322830755828564
3020307,31.33726043275414
3020308,33.59884045207963
3020309,0.4902193981908922
3020310,353.5788322590586
3020311,5.729149219504906
3020312,7.307958437945476
3020313,5.3691331566824925
3020314,173.37209983079003
3020315,5.807712109605203
3020316,254.3167482688325
3020317,321.51991161438264
3020318,7.186458537074074
3020319,9.77914264510483
3020320,273.0867543928791
3020321,99.23657610726737
3020322,2833.3323071110194
3020323,1.1356102256406262
3020324,7.882504469064925
3020325,4.8459038313372425
3020326,0.11188874632951767
3020327,0.7438093411507791
3020328,2237.872206438463
3020329,0.04157883720594959
3020330,209.66870719069357
3020331,4.855509600257927
3020332,1022.6705335972766
3020333,312.62573613325793
3020334,200.08144775022575
3020335,82.54143006676455
3020336,71.55590821873393
3020337,3576.1058949048847
3020338,6.071085270177518
3020339,0.592398808270642
3020340,18.615002262782482
3020341,11.302327011217645
3020342,0.16407199125509836
3020343,230.59551453432422
3020344,0.5584598102758838
3020345,0.4208027691229143
3020346,2.7892677145952884
3020347,24.10782618453851
3020348,0.9532769266393547
3020349,70.77014490206267
3020350,192.14519310947355
3020351,0.7577036326152584
3020352,3.301537946547596
3020353,68.05677539075359
3020354,38.12428995101362
3020355,332.5855450700965
3020356,0.32024036917995674
3020357,2.726442196636089
3020358,7.608487278725499
3020359,0.24417685567809508
3020360,8.703018309779655
3020361,5159.310288614267
3020362,0.28923458719190664
3020363,737.3302340734865
3020364,21.616608082238823
3020365,1422.0848501350943
3020366,1305.6935988161363
3020367,435.6911342896059
3020368,275.2447849049502
3020369,272.5926607699495
3020370,5880.581466579873
3020371,42.14544771095486
3020372,1.3237165765407257
3020373,36.11687446783563
3020374,51.217919009093606
3020375,0.5491611205937875
3020376,341.41223917998434
3020377,29.511026814725263
3020378,18.00459737410917
3020379,13.240167275588108
3020380,174.1103080191366
3020381,9.014932912569503
3020382,630.4516131663682
3020383,456.1127741976173
3020384,10.721539747825602
3020385,15.874542082529162
3020386,741.3134999751546
3020387,171.74946659306795
3020388,3420.7326155707433
3020389,0.7056491398480895
3020390,44.35103107708444
3020391,5.834408423433624
3020392,0.26371121433257305
3020393,6.941225274522647
3020394,5436.947545041943
3020395,0.3308887822911428
3020396,776.8524391749467
3020397,20.17962748485617
3020398,1030.7063551096214
3020399,1413.0725159929361
3020400,266.91077263521504
3020401,333.717278340152
3020402,298.75947726224405
3020403,5103.0908054638985
3020404,36.28603362062005
3020405,1.6167515373003563
3020406,24.32562368193732
3020407,31.552668904641443
3020408,0.6645920895538703
3020409,257.313283083748
3020410,14.551081185147792
3020411,42.73001077879021
3020412,6.768986301513954
3020413,295.799693740494
3020414,12.989530336546636
3020415,544.708176213129
3020416,327.07167432035106
3020417,12.775739523267232
3020418,13.51875502736743
3020419,637.8214863384854
3020420,199.90346580176308
3020421,4442.097658898557
3020422,0.8721576744967752
3020423,46.55603087402912
3020424,9.174231036942452
3020425,0.6167763225476817
3020426,12.300578716124344
3020427,6237.904156613804
3020428,0.660001575327422
3020429,1006.1456168834887
3020430,30.11545798478638
3020431,1436.4336624660348
3020432,1687.4413870871235
3020433,401.8965940996956
3020434,402.8041266723964
3020435,286.58007952205196
3020436,6441.688074215732
3020437,52.66817550960153
3020438,2.5852805078973775
3020439,46.563196706370086
3020440,49.91650713438877
3020441,1.1284450548594802
3020442,402.54605990485595
3020443,41.95345161482328
3020444,38.114559633346374
3020445,21.356486869035237
3020446,226.06344113330758
3020447,18.440078461473725
3020448,606.0468477739851
3020449,463.25105329724045
3020450,19.953757389853614
3020451,24.377522288124624
3020452,728.9784078560926
3020453,249.05356916224662
3020454,4812.598539360993
3020455,1.5072607997968985
3020456,63.05417529428554
3020457,12.766912778662094
3020458,0.44023482482458565
3020459,8.065750799568471
3020460,5026.013016431389
3020461,0.36775497182173555
3020462,600.536733543469
3020463,18.439808914192792
3020464,2066.620539608951
3020465,951.4391150182096
3020466,602.6190992547378
3020467,196.28306385477748
3020468,178.44895439844444
3020469,7004.176170807839
3020470,15.268781340809424
3020471,1.7056021878624392
3020472,40.49612512895671
3020473,31.913337366281667
3020474,0.7074200030638954
3020475,471.02521972501273
3020476,15.340079436990795
3020477,6.069762395610349
3020478,11.653893935225017
3020479,110.16002031209946
3020480,5.04496155464178
3020481,483.636578328927
3020482,542.8777422578999
3020483,6.888045628259279
3020484,15.342359188315209
3020485,524.2323152463151
3020486,107.29845354242761
3020487,1693.9822514153218
3020488,52.20462723694753
3020489,24.079407352215796
3020490,2.039997910627741
3020491,0.0
3020492,3.7424740124417806
3020493,1527.8209745695285
3020494,0.0
3020495,260.94723841221526
3020496,6.387493628622632
3020497,376.5420766472938
3020498,473.1088971287363
3020499,97.20829228468921
3020500,93.77457678666741
3020501,73.39316741042086
3020502,1692.5792727556477
3020503,12.690666926806118
3020504,0.611030205068557
3020505,8.63480294519403
3020506,10.025004987403236
3020507,0.026036796661606826
3020508,118.30232965971568
3020509,9.182029669873524
3020510,9.633904106161282
3020511,2.218837357947314
3020512,49.321555210061646
3020513,5.258156568767682
3020514,157.0389721303659
3020515,104.75040492289642
3020516,4.714287782305141
3020517,6.153392959939846
3020518,176.9462340507203
3020519,65.12940406824359
3020520,1048.4527728059713
3020521,0.1160640469709042
3020522,14.141855882530725
3020523,2.8677315900716023
3020524,0.031159401546485766
3020525,0.8859925428838643
3020526,1546.7849771071358
3020527,0.0
3020528,169.0684519333271
3020529,3.025823676585702
3020530,807.9625384731264
3020531,319.6724907728751
3020532,238.36698706348935
3020533,54.48250541450703
3020534,30.562702286163617
3020535,2802.841480919221
3020536,4.408747724271597
3020537,0.42995695367238307
3020538,7.094014912880688
3020539,6.780425316469531
3020540,0.051690859669003476
3020541,178.62776546429305
3020542,1.9566835085454537
3020543,0.3496110481788127
3020544,1.8990289465722008
3020545,8.348294701049372
3020546,0.854737189659041
3020547,151.04454517165325
3020548,213.25357022208337
3020549,0.8949234778979474
3020550,3.0873199389762633
3020551,143.45719144206015
3020552,20.821416038620683
3020553,289.1148823299899
3020554,5.303789919389796
3020555,2.3432190355820226
3020556,9.852728427218157
3020557,0.41486594996820086
3020558,5.987949146612139
3020559,5905.20262383439
3020560,0.3343647826000508
3020561,937.4311112889488
3020562,15.965026316704417
3020563,2283.7950408051533
3020564,891.8358106865035
3020565,569.6730432704026
3020566,150.0494520684955
3020567,107.45795243016862
3020568,7606.5580640575145
3020569,21.26532252513887
3020570,1.3826365866444799
3020571,28.08545162747746
3020572,26.744195982615246
3020573,0.6861635499549726
3020574,486.0380994372038
3020575,11.601751260944463
3020576,3.228374309244076
3020577,9.12699828697899
3020578,35.54746417748335
3020579,3.543169330299666
3020580,626.5139343681324
3020581,550.091822033554
3020582,3.3464644214880455
3020583,14.305123797878522
3020584,561.580283900739
3020585,77.67556678608624
3020586,1069.7256141332725
3020587,41.43014351407654
3020588,10.29689654004809
3020589,5.499326624774731
3020590,0.1328972393497167
3020591,0.9978299062808371
3020592,2182.756701201583
3020593,0.11971550657683952
3020594,278.5207870038345
3020595,7.219112465876478
3020596,853.9487383874756
3020597,408.76122091586154
3020598,215.86757685332833
3020599,74.08929199492468
3020600,33.769739172357106
3020601,3279.8116317712015
3020602,7.702162465576125
3020603,0.6968874968011824
3020604,11.071658868930356
3020605,11.305556358912062
3020606,0.22670237387481257
3020607,198.47653671138005
3020608,1.387724260607452
3020609,0.5204931890352481
3020610,8.267833871420965
3020611,28.131131751094184
3020612,1.444381097101504
3020613,122.90427546962425
3020614,202.53119259342782
3020615,1.3769180803353327
3020616,5.0793105076051805
3020617,135.94224113493294
3020618,30.41243526829791
3020619,385.13978761829503
3020620,3.5510668185964582
3020621,2.5295824260815225
3020622,4.342450831402813
3020623,0.0
3020624,0.8276065410473189
3020625,1888.583239694324
3020626,0.0
3020627,185.3195733693424
3020628,4.486154468094018
3020629,752.7298483431903
3020630,297.8510417162788
3020631,137.69423241869754
3020632,57.83042125708581
3020633,27.514229889508673
3020634,2896.0855011112512
3020635,5.765729844081205
3020636,0.4051091061669727
3020637,9.284179488922627
3020638,9.305108884438088
3020639,0.05124025025978346
3020640,155.90116113619146
3020641,2.399385225360392
3020642,0.28946223318108366
3020643,2.403193828459087
3020644,11.940253478018475
3020645,0.9348896065022935
3020646,117.24795026117265
3020647,164.89988767975393
3020648,0.7210642919788296
3020649,3.3220702804600992
3020650,106.41565441166547
3020651,26.820426089212766
3020652,229.94389440122816
3020653,8.922397990827687
3020654,1.859226438727635
3020655,3.4685185726583203
3020656,0.009426410756615653
3020657,1.9749714961268763
3020658,1761.7067061706816
3020659,0.0
3020660,226.9392839147384
3020661,5.251633127065339
3020662,906.1763757061451
3020663,398.7230918710701
3020664,241.12986952402522
3020665,56.876903211461915
3020666,36.824383810679464
3020667,2847.166113148335
3020668,7.071678936975601
3020669,0.2899726837343226
3020670,14.42572668637758
3020671,12.798705649464686
3020672,0.05128877438890727
3020673,238.0823937578663
3020674,0.7671391231712184
3020675,0.31025060596668463
3020676,2.4694073654019295
3020677,11.337964719431397
3020678,1.14316635355754
3020679,163.551764416494
3020680,224.27293315603086
3020681,0.9357585694593962
3020682,3.7830061384753697
3020683,86.6954952475917
3020684,41.50843840508314
3020685,412.66434461462944
3020686,3.2814072542828145
3020687,2.839142449526454
3020688,3.1611746426728256
3020689,0.18930368107230983
3020690,2.739052063004526
3020691,2060.1939734832226
3020692,0.07621984262622268
3020693,199.481164954659
3020694,4.432196586327877
3020695,824.9881762262465
3020696,346.1409318453401
3020697,196.7549599926346
3020698,72.0736589179355
3020699,44.920728239077604
3020700,3128.366784146072
3020701,6.655812920201118
3020702,0.7995789962193771
3020703,14.05979026925203
3020704,12.653344746434573
3020705,0.18408571122593148
3020706,222.1261207584128
3020707,7.639401670546574
3020708,0.6319642151919458
3020709,3.1441040709640844
3020710,20.090445906605666
3020711,1.498613820321679
3020712,123.40339683896852
3020713,190.19303561627794
3020714,1.2273076656836397
3020715,4.22002235840101
3020716,128.40987809563345
3020717,35.31465928178565
3020718,546.3890121141188
3020719,6.865849626976648
3020720,4.3217748405815435
3020721,4.306700819685958
3020722,0.0
3020723,2.033217811643371
3020724,1931.4395881153712
3020725,0.0
3020726,263.7016303746131
3020727,4.39601624047441
3020728,895.8369702658991
3020729,285.43461723452253
3020730,216.99153477037424
3020731,143.99837275097036
3020732,37.83642462633806
3020733,2969.604463408342
3020734,5.7270126676171
3020735,0.46182282105507566
3020736,11.491349232554143
3020737,8.999192757472835
3020738,0.052680567263922506
3020739,220.21283952355233
3020740,0.27024569632266565
3020741,0.3159043336361592
3020742,2.182646675287489
3020743,25.683420356879868
3020744,0.9064769447363386
3020745,76.34152852930258
3020746,208.67325526454448
3020747,0.8992801926370599
3020748,3.3579384527985567
3020749,97.90032153308105
3020750,39.47661356133871
3020751,360.6972283331372
3020752,0.2901657577532879
3020753,1.6017418168399975
3020754,8.558720113934882
3020755,0.29349240051538616
3020756,4.513848878956143
3020757,4320.298445529744
3020758,0.26671681055334684
3020759,641.620827635378
3020760,10.223702369483547
3020761,1562.9842663193726
3020762,908.6096697658321
3020763,558.7208988039268
3020764,234.36590145529195
3020765,105.60865038775077
3020766,6205.56803086866
3020767,16.27179280185004
3020768,1.0749998719294902
3020769,27.03345131009489
3020770,21.287456448436817
3020771,0.4475875610983047
3020772,393.36802530391367
3020773,2.9892089631240433
3020774,0.8723614446274073
3020775,13.63884199862672
3020776,16.447546058617945
3020777,2.346291145373848
3020778,322.6291794839101
3020779,468.72636897510347
3020780,2.5833867241313833
3020781,9.225881011948701
3020782,407.68477520254044
3020783,99.05431147460327
3020784,1334.6152011760307
3020785,38.80661914038984
3020786,14.128914770539003
3020787,1.3331967129791178
3020788,0.0
3020789,5.133527631366533
3020790,2967.8479278907053
3020791,0.0
3020792,748.1742105163887
3020793,1.7060881750565344
3020794,992.2927644869222
3020795,668.7430716403999
3020796,254.63842631777823
3020797,178.197677455419
3020798,9.108333547063358
3020799,3692.829494043294
3020800,17.89560278577187
3020801,0.0
3020802,5.031705876676777
3020803,19.305108069422726
3020804,0.0
3020805,199.8070306795284
3020806,3.0919559037612854
3020807,0.9993650460595961
3020808,8.013906489898847
3020809,43.31757495641117
3020810,0.5888318090985621
3020811,24.349864699494205
3020812,250.92257044757366
3020813,1.1987586269343191
3020814,2.721095253938021
3020815,172.59888076388353
3020816,12.184664144029892
3020817,519.1110247362918
3020818,45.32821362369344
3020819,2.265504635994433
3020820,6.258835124800025
3020821,0.18397514494075187
3020822,1.8150741486797026
3020823,2764.5593411454965
3020824,0.10550119794278424
3020825,231.4888756101526
3020826,6.514643646217297
3020827,906.7649036957339
3020828,382.14835892126257
3020829,248.0294313320328
3020830,64.7926988017297
3020831,48.34777571732347
3020832,4039.5146058466134
3020833,8.193677156760504
3020834,0.8836977823148328
3020835,14.75574590094036
3020836,12.717053870866431
3020837,0.22916480659001812
3020838,201.01319267339676
3020839,5.9264345048361875
3020840,0.6877979655192924
3020841,3.7712336318075894
3020842,20.848408618998583
3020843,1.7484728521745083
3020844,138.66292898257169
3020845,187.39010314492324
3020846,1.3627462768792515
3020847,5.2460850766708695
3020848,135.0168215531365
3020849,38.4026398614913
3020850,443.9348598339236
3020851,6.8576757488944535
3020852,6.059695633076865
3020853,7.222115280576407
3020854,0.2860401315825961
3020855,8.417514888498417
3020856,4078.8767255111293
3020857,0.2700944103631671
3020858,755.6560292570953
3020859,15.863686121701267
3020860,1072.600959679285
3020861,1261.9982365924848
3020862,344.9512707434426
3020863,251.24408254678116
3020864,195.6060317215712
3020865,5140.908039189401
3020866,31.954223968375135
3020867,1.5489207666620723
3020868,22.94023658317295
3020869,30.332302465519632
3020870,0.6030214120792297
3020871,315.01621093119917
3020872,30.338180613152634
3020873,16.947287485931867
3020874,7.9469067470726165
3020875,70.63652274771188
3020876,9.918207850425501
3020877,406.6425098152882
3020878,408.76578019960635
3020879,10.707748383467305
3020880,14.097779855578253
3020881,596.1755557211146
3020882,165.44259721949643
3020883,2788.389659233711
3020884,0.8128583926972781
3020885,37.53443884432191
3020886,9.937475256870467
3020887,0.4918566119571247
3020888,9.694904976215431
3020889,4696.572510324125
3020890,0.42903366180824803
3020891,989.0120688350958
3020892,12.459080144035392
3020893,1684.4325565021502
3020894,1039.029982907202
3020895,802.5391995822318
3020896,196.42925771112198
3020897,100.0888946668293
3020898,6325.437041521029
3020899,27.882398956181166
3020900,1.770115801111248
3020901,30.97900795765124
3020902,35.99307071248029
3020903,0.8075459846693168
3020904,594.0934763033681
3020905,9.931774060752009
3020906,7.457652576864424
3020907,10.634507701470007
3020908,30.040240737416948
3020909,3.7009047079655444
3020910,379.4331035288541
3020911,694.2130463727999
3020912,7.135913665182142
3020913,14.412064285575006
3020914,456.07022953444016
3020915,88.3029414443793
3020916,2540.557960498171
3020917,58.97964814964295
3020918,15.533746404169726
3020919,10.80431697341594
3020920,0.4402089412587172
3020921,4.569981280427548
3020922,3910.1039687882867
3020923,0.35716391607287606
3020924,798.9221601912252
3020925,7.553218281827156
3020926,1564.9078441765867
3020927,726.9736971022769
3020928,457.3150974601324
3020929,219.25030818930705
3020930,106.93361120779385
3020931,5144.493313456762
3020932,22.382115224305945
3020933,1.6405251961689942
3020934,28.873374881795964
3020935,35.39301219287917
3020936,0.7059485972503972
3020937,464.1908062231518
3020938,3.6212722046262003
3020939,3.20931302845148
3020940,8.944268581084671
3020941,33.04624054185577
3020942,2.347437794572433
3020943,210.97331302372305
3020944,498.2653140754657
3020945,3.92351193613142
3020946,5.623689022923582
3020947,249.4014269193136
3020948,107.1998797795686
3020949,1842.5401686143919
3020950,1.514995605827202
3020951,10.247692311591354
3020952,5.292420585942752
3020953,0.18903746880746572
3020954,2.3388524698598587
3020955,1375.7469372257294
3020956,0.18811086467853666
3020957,213.8990827699466
3020958,6.467541905959816
3020959,700.6203275729121
3020960,317.9215920855907
3020961,166.82728386823172
3020962,69.20229484456489
3020963,42.04308483662643
3020964,2287.0876497266636
3020965,7.909240296366672
3020966,0.9639868952445183
3020967,20.504320603854097
3020968,16.756644520708946
3020969,0.4226492260838778
3020970,213.765282525892
3020971,1.3428965669253188
3020972,1.0517881315022806
3020973,4.899553298092215
3020974,29.106474402884373
3020975,1.437291164673348
3020976,111.52845549982334
3020977,170.1864596915227
3020978,1.727714646368613
3020979,3.5714112338135027
3020980,131.92383279089344
3020981,37.996683035388074
3020982,306.4769769387493
3020983,17.11340962645324
3020984,4.2688043581099375
3020985,3.1277067437712267
3020986,0.0637805213720676
3020987,3.9774567054090033
3020988,2060.8248531490835
3020989,0.09362736367902245
3020990,343.9925740016597
3020991,9.162107151370956
3020992,561.5812385876901
3020993,585.492756830213
3020994,159.1327615485629
3020995,78.84009827887701
3020996,72.47490194209519
3020997,2617.175206030517
3020998,15.436158928177795
3020999,0.6076069118228835
3021000,10.569896451903748
3021001,16.409494821143447
3021002,0.23198435349537316
3021003,130.09793540562362
3021004,8.617297404611193
3021005,3.1111363695481877
3021006,6.5124837367528015
3021007,53.42600324246297
3021008,3.9113078321256234
3021009,404.1022712386284
3021010,194.01165956211997
3021011,3.2990881094547793
3021012,5.891681477156878
3021013,325.40562919473507
3021014,55.89692818572371
3021015,1215.1713176137623
3021016,0.3258454702634949
3021017,11.473762405017938
3021018,5.03358634256948
3021019,0.25948986514021205
3021020,8.384937934675314
3021021,4153.48847966802
3021022,0.3019203677975148
3021023,836.5641276563865
3021024,15.444372530129924
3021025,1139.1553343513901
3021026,1448.8306383985464
3021027,333.73804585420714
3021028,214.22537136857895
3021029,154.58603209720948
3021030,4525.161863240562
3021031,25.421774140235925
3021032,1.3368615473178274
3021033,25.521623278352568
3021034,41.324839009193276
3021035,0.5572269014421806
3021036,324.0916940815158
3021037,16.104380203319604
3021038,29.760215100190397
3021039,6.125256759361721
3021040,23.778880579701116
3021041,12.92190436064907
3021042,327.4107849005876
3021043,351.4993561340814
3021044,16.366904307101382
3021045,15.151949812130416
3021046,418.5683506127923
3021047,134.91012025990247
3021048,3401.1469154613164
3021049,1.243995734875397
3021050,27.80549448295597
3021051,1.3227549619829324
3021052,0.0
3021053,4.387815766406223
3021054,1914.909355023989
3021055,0.0
3021056,270.6154998597102
3021057,2.6409281077885254
3021058,465.45869729052646
3021059,442.5742081729507
3021060,109.91757930498349
3021061,37.97810711643539
3021062,27.488713407052348
3021063,2040.9782671257303
3021064,4.8675514956300034
3021065,0.07774224871560254
3021066,6.340386537985071
3021067,17.980242545263955
3021068,0.0
3021069,94.2728663156189
3021070,0.32415926589526767
3021071,8.74719575891042
3021072,1.355372962712846
3021073,89.62406662371137
3021074,2.0718472648902972
3021075,54.92492139280028
3021076,133.64844680745824
3021077,2.483151408435068
3021078,2.5873122664260584
3021079,45.42500145056292
3021080,20.90493278037312
3021081,173.3804797896605
3021082,0.0
3021083,6.366216563974361
3021084,3.5652030201604044
3021085,0.06288445147378949
3021086,0.9399925681484531
3021087,1406.9440949211948
3021088,0.07506616472218638
3021089,220.0919335236072
3021090,4.618626842842054
3021091,433.22134399346817
3021092,292.62960802130726
3021093,108.27778870548323
3021094,56.813155509136266
3021095,33.39491653075378
3021096,1990.973736542958
3021097,3.8759139788760617
3021098,0.6297758449157902
3021099,7.778593642043198
3021100,7.603334930927221
3021101,0.1677414827090667
3021102,99.19308693534343
3021103,1.060031924075024
3021104,2.832088955982263
3021105,2.291924452144817
3021106,32.229945223105375
3021107,1.3004758469738074
3021108,195.2223567644859
3021109,151.58727297218513
3021110,1.620524095173864
3021111,3.1984180467620136
3021112,158.79447849395035
3021113,22.63645828828217
3021114,498.58948479593624
3021115,0.40005680380876213
3021116,2.52544921960338
3021117,8.492408547457478
3021118,0.3516145111503749
3021119,8.2219667444537
3021120,4190.986925298807
3021121,0.36940039372202244
3021122,863.0974718992047
3021123,16.86994508400571
3021124,1266.1800696758146
3021125,1298.733072083854
3021126,385.6050445899298
3021127,325.9230131500542
3021128,189.2764379464886
3021129,5015.099649373491
3021130,28.139020438890835
3021131,1.7974528911944594
3021132,20.570183739399084
3021133,36.88340201060758
3021134,0.679771572516603
3021135,316.04236967453346
3021136,11.60931968216595
3021137,33.25952279700284
3021138,6.506261711583279
3021139,139.2021478335924
3021140,9.587366255627815
3021141,379.58197116197647
3021142,430.8523728006693
3021143,14.390261794988001
3021144,14.23448642442507
3021145,459.5005199821146
3021146,142.2358461097204
3021147,3482.0411748778097
3021148,1.2775768694946203
3021149,27.466122419832626
3021150,8.787331501266873
3021151,0.19556491455865552
3021152,4.251223590952357
3021153,4255.408629054591
3021154,0.19695297956574653
3021155,966.9277070400012
3021156,10.582788911335555
3021157,1582.4711593502311
3021158,1018.6327199825596
3021159,517.7531132017716
3021160,304.3080319524499
3021161,98.51965056306281
3021162,5799.1379494673165
3021163,17.002413219504604
3021164,1.380987187686873
3021165,26.119131972203498
3021166,23.481244538896462
3021167,0.5395416661087324
3021168,391.70048891336955
3021169,0.7728298254801859
3021170,4.510930174458447
3021171,6.00748414676489
3021172,58.3452629229509
3021173,2.4053312471171826
3021174,242.62293195222583
3021175,514.207324544437
3021176,4.4083692670585775
3021177,7.407569337155227
3021178,287.5176710354574
3021179,88.60377210897627
3021180,1782.5305592050527
3021181,1.4493524251896366
3021182,5.782776092048987
3021183,8.583127849340718
3021184,0.35127090109816106
3021185,2.991971706201345
3021186,3621.813940211847
3021187,0.3258950103230016
3021188,894.3854337191871
3021189,13.048114340924915
3021190,1390.008922548976
3021191,784.1457209005368
3021192,430.4496280859509
3021193,229.47979473780666
3021194,91.11179776458438
3021195,4565.294266332095
3021196,18.689338917279187
3021197,1.474189403542573
3021198,28.707055755769364
3021199,32.93763958709536
3021200,0.6618335695379652
3021201,478.6447463827557
3021202,1.88827174920081
3021203,3.5938198106490553
3021204,5.599396076456343
3021205,32.183534164698884
3021206,2.321610592779372
3021207,235.25995859534297
3021208,463.62892993018403
3021209,4.612348983390032
3021210,10.847523841234107
3021211,305.86539035666715
3021212,83.14499639837828
3021213,2527.1378203049417
3021214,1.5905951687565651
3021215,8.021968188674139
3021216,14.25792075935214
3021217,0.9711893812021717
3021218,17.650174253039342
3021219,11267.204279532018
3021220,0.9556129732965809
3021221,1601.6644538291332
3021222,38.60998263391773
3021223,2445.527375882546
3021224,3040.45609450949
3021225,605.0201712948189
3021226,738.6280325882656
3021227,520.2936022691792
3021228,11235.44162784246
3021229,93.50344670874628
3021230,3.699929305933604
3021231,74.25700698889456
3021232,78.36105531167745
3021233,1.692387575282603
3021234,629.4006192888817
3021235,50.23645070366744
3021236,60.31494281712476
3021237,28.201946048533912
3021238,196.35412357327286
3021239,24.288992606374492
3021240,1086.1193398575238
3021241,746.3664038303727
3021242,26.25343754215915
3021243,32.78992896906734
3021244,1496.721809789315
3021245,463.8932550101382
3021246,8204.311281152002
3021247,2.5432121539786774
3021248,109.69231526627911
3021249,3.026350860511403
3021250,0.0
3021251,0.6832775279359562
3021252,1576.6035955867956
3021253,0.0
3021254,222.95050587425692
3021255,3.3074849969025117
3021256,595.9171069858548
3021257,285.8047073792756
3021258,114.5646348230875
3021259,101.95092450781085
3021260,33.736887631688255
3021261,2139.3541776192687
3021262,5.065423452465165
3021263,0.527539656316638
3021264,8.322036124612389
3021265,6.669914892719072
3021266,0.11091506201149887
3021267,146.61251755104098
3021268,0.6068061272678315
3021269,0.4160204459061261
3021270,2.184243210904008
3021271,12.234583138841362
3021272,0.9511116222074183
3021273,60.97131076508155
3021274,138.66916682698326
3021275,1.1500324736924852
3021276,2.9314636616280922
3021277,92.87073464028974
3021278,24.689150396916745
3021279,436.55666880089746
3021280,0.3063244424378143
3021281,2.1366167713732116
3021282,9.957071747514512
3021283,0.47692872726495433
3021284,2.5752424143262567
3021285,3695.211325516405
3021286,0.4036891992964101
3021287,859.8221795383854
3021288,10.544777822544647
3021289,1569.8717085676565
3021290,828.0611923676815
3021291,392.0020307777605
3021292,244.25781374552966
3021293,81.72374264651798
3021294,5283.122143994406
3021295,13.65286054449951
3021296,1.2102291086113752
3021297,20.770395729635975
3021298,22.719019252222274
3021299,0.5909380625895879
3021300,326.20581728067145
3021301,2.5270371091924098
3021302,1.7789601478065984
3021303,9.107375943072526
3021304,27.824325227591185
3021305,1.7782911811998159
3021306,311.3103007633699
3021307,448.9012880798929
3021308,2.385800054642806
3021309,9.51493389446661
3021310,222.01399173035267
3021311,84.4601394377909
3021312,1298.6044745295449
3021313,1.0033545726234692
3021314,6.304018196037726
3021315,2.2060115334288026
3021316,0.0
3021317,0.27278903350047595
3021318,1049.6092157567862
3021319,0.0
3021320,159.37652652049343
3021321,2.55763902631718
3021322,518.1227551380443
3021323,145.44173888857668
3021324,97.29272105387474
3021325,96.14626293526075
3021326,21.332525631053898
3021327,1865.1110828165574
3021328,3.0842897641944056
3021329,0.3128993223426136
3021330,9.965605385876799
3021331,4.802093121936624
3021332,0.0
3021333,109.8358012763718
3021334,0.025297261951945725
3021335,0.1781529109098722
3021336,1.4005756717044533
3021337,20.988158870823785
3021338,0.4729125877416211
3021339,59.0680481427922
3021340,123.61461634611278
3021341,0.5782235987712001
3021342,1.9286575251808489
3021343,61.30637404412547
3021344,15.860155184758042
3021345,210.1909748658496
3021346,0.12762685000354618
3021347,0.9387070835109663
3021348,7.2205326035833055
3021349,0.17552499909190433
3021350,1.2113023805905287
3021351,2463.5394969143354
3021352,0.14135097028264096
3021353,375.527771417919
3021354,6.398296887917
3021355,1041.8441008141779
3021356,517.3362020449227
3021357,268.2896323783463
3021358,156.52140699286159
3021359,53.64239365230935
3021360,3551.186976105376
3021361,6.820495383833385
3021362,0.7011717957829893
3021363,18.42956312658276
3021364,18.510990647429004
3021365,0.23749055161916405
3021366,270.26025446813975
3021367,0.5934346148308636
3021368,0.4359891855671184
3021369,6.2714839220195415
3021370,15.897387018326109
3021371,1.277408902082889
3021372,219.4696651258705
3021373,322.44670536739204
3021374,1.457620084348003
3021375,5.0353226650311
3021376,228.05341293148905
3021377,47.2103552470862
3021378,1016.91052590185
3021379,0.5193945499964822
3021380,2.0701340883727166
3021381,4.4503439734601775
3021382,0.284371866683511
3021383,2.8111861985561895
3021384,2943.5717563228145
3021385,0.20329338301337044
3021386,684.5567676769626
3021387,6.838402669118154
3021388,981.6097356087984
3021389,650.5305426753055
3021390,235.32402370955896
3021391,121.06844948074975
3021392,75.19475951684007
3021393,4110.005543929093
3021394,8.833290574847368
3021395,1.2613419609869116
3021396,18.883463941660885
3021397,19.040098598241116
3021398,0.4819906618691475
3021399,229.88904269918913
3021400,4.218555385183331
3021401,2.6306118472660036
3021402,5.377167517110651
3021403,33.63219455252275
3021404,3.2226495511217115
3021405,169.69311622050387
3021406,275.3769395616432
3021407,3.759077745627592
3021408,6.3453195926895765
3021409,151.9133261119298
3021410,48.063462534471604
3021411,541.3463279060358
3021412,1.6567398213086357
3021413,2.7742341955395227
3021414,3.4344488054913707
3021415,0.0
3021416,0.38931330624202765
3021417,1651.9629932575026
3021418,0.0
3021419,173.8572284536384
3021420,2.841155111020747
3021421,616.754417004541
3021422,169.87844767950972
3021423,99.8552337858514
3021424,125.79697727560762
3021425,33.44451020014489
3021426,2253.032542450439
3021427,6.459747594175894
3021428,0.3328209913282035
3021429,6.8510900479611445
3021430,9.704935388988442
3021431,0.014903077255722399
3021432,142.45922255190993
3021433,0.19637845974259552
3021434,0.3800352119062835
3021435,1.3026507537898935
3021436,44.48972406610995
3021437,0.6253419472571862
3021438,105.46136948494018
3021439,124.25483590384792
3021440,0.6893857987492481
3021441,2.221703694817781
3021442,65.77199547138672
3021443,21.65716384026433
3021444,298.9352870516098
3021445,0.17766856534308087
3021446,0.5373154770039753
3021447,4.308392232120425
3021448,0.06189731882552769
3021449,1.236555737663545
3021450,3463.6494196788544
3021451,0.07557716678064663
3021452,634.7292563464154
3021453,6.1691757406332535
3021454,1123.0335500703823
3021455,669.7637944221474
3021456,245.6461727420097
3021457,138.4887827567767
3021458,90.32334944300995
3021459,4404.410433225921
3021460,8.206662076189383
3021461,0.6502666570173135
3021462,14.213743477816745
3021463,16.79487538418261
3021464,0.2393981506785821
3021465,280.609375139341
3021466,0.4302476970293095
3021467,8.626461105089456
3021468,2.2776738870843856
3021469,42.0789384411873
3021470,1.6138914990004178
3021471,184.2116022449454
3021472,255.41580601904434
3021473,2.8348231993457094
3021474,4.413602132363051
3021475,168.33145494075052
3021476,69.81266714072291
3021477,1119.183138787355
3021478,0.8090345329060489
3021479,1.323300285443368
3021480,4.174933530042668
3021481,0.14429653380926385
3021482,5.794237835743905
3021483,2776.526020004248
3021484,0.14721309195301216
3021485,558.9233904953929
3021486,10.05068265289184
3021487,875.0203509315936
3021488,893.7221948589319
3021489,222.12772400440457
3021490,179.90307677803494
3021491,153.9161799696184
3021492,3654.5580383525694
3021493,30.260203551942475
3021494,1.265146141671785
3021495,21.275794739572135
3021496,23.19285112253189
3021497,0.37980396782292963
3021498,266.75924804061503
3021499,19.025150152164233
3021500,22.6249694100241
3021501,4.268850047009925
3021502,62.941868744786674
3021503,10.634708957780381
3021504,250.4411606760017
3021505,286.7679321105134
3021506,12.061885280401595
3021507,11.843624204083824
3021508,270.3946508684034
3021509,123.34145132259118
3021510,2330.0647472547653
3021511,0.7844054523829197
3021512,14.851317851966302
3021513,8.798944656119573
3021514,0.3065897126159934
3021515,8.546813300391968
3021516,3440.452508538257
3021517,0.2914777410605243
3021518,675.6358960269813
3021519,15.556649096318964
3021520,1445.9208996085854
3021521,1213.0126719220762
3021522,269.7187072398984
3021523,182.838501746504
3021524,188.1986059008803
3021525,4623.300158146854
3021526,27.478469689418915
3021527,1.8129717481987484
3021528,26.15751739630833
3021529,39.96114821297943
3021530,0.5868660808862933
3021531,387.24599279310553
3021532,27.564462585673763
3021533,15.461454709502725
3021534,9.751300811690454
3021535,66.10510276614005
3021536,10.680951426021837
3021537,229.8048027833968
3021538,412.78825111721017
3021539,11.067864126017124
3021540,14.460388647995282
3021541,227.94756679393765
3021542,142.35502043733322
3021543,2262.8629849828494
3021544,0.9642688102785809
3021545,23.547116335777794
3021546,10.687869912564132
3021547,0.3644169197363899
3021548,7.350310707929504
3021549,4383.537485756634
3021550,0.26171958412333785
3021551,960.7062163905376
3021552,12.709986919080098
3021553,1516.4990530312864
3021554,927.4768274326362
3021555,313.2168742024244
3021556,282.07085241839826
3021557,115.68946926861308
3021558,5800.227637655047
3021559,40.749297660511225
3021560,1.7579104095085318
3021561,27.73615043224785
3021562,25.835571677806847
3021563,0.6078825883786173
3021564,420.851486403594
3021565,9.605145949891266
3021566,14.344877057693447
3021567,9.050328574500048
3021568,50.98034148599917
3021569,4.662642319350568
3021570,204.22628223842452
3021571,387.39667762945373
3021572,7.191451820035548
3021573,12.066325139630946
3021574,223.54448580695197
3021575,109.83184501663806
3021576,1554.6828652884856
3021577,20.173589375978604
3021578,13.036695934655093
3021579,5.360161571019648
3021580,0.26584015580856574
3021581,5.844564863354216
3021582,3695.394473617884
3021583,0.2676848321261338
3021584,606.0628411895042
3021585,11.92303802311803
3021586,1132.1793701569256
3021587,1136.0250402167712
3021588,363.2057120950069
3021589,254.7486720996386
3021590,171.7756986525069
3021591,4719.668531553397
3021592,21.235051391101003
3021593,1.4089164009023554
3021594,17.999705556786655
3021595,17.291532788908594
3021596,0.5099695638967712
3021597,321.9647765858988
3021598,25.792230811804178
3021599,18.51841989981542
3021600,4.44416547636971
3021601,69.6006040131345
3021602,9.223110706450115
3021603,443.02941883027086
3021604,400.6704236858692
3021605,11.143547850245158
3021606,12.907232373448487
3021607,558.4118080381749
3021608,134.22018652126454
3021609,2755.084857789579
3021610,0.93046066665892
3021611,27.581628926438967
3021612,5.409584666291289
3021613,0.1606174617899606
3021614,1.092658945736735
3021615,4535.4481777535975
3021616,0.14090954639326464
3021617,577.4233689622865
3021618,8.121319152970267
3021619,1660.8135910833912
3021620,575.9426412923551
3021621,301.18634761554455
3021622,152.76864643165203
3021623,67.80248435826593
3021624,5792.7739969486865
3021625,12.371448186247358
3021626,0.7645939307930336
3021627,26.955486342413607
3021628,25.851864935762514
3021629,0.2607114656990414
3021630,366.4602003413912
3021631,0.9392160035279123
3021632,0.6822513955042595
3021633,5.114699273330258
3021634,39.70163656512295
3021635,1.52871222422411
3021636,135.30419575092432
3021637,327.94377881721505
3021638,1.9007332786287103
3021639,5.989549814192778
3021640,154.6960415130609
3021641,66.63592641260217
3021642,1107.2333392521123
3021643,0.4518751535159892
3021644,3.172712004876639
3021645,6.816984951437795
3021646,0.27758113484413743
3021647,9.053509912830625
3021648,3424.1730885721654
3021649,0.2960523334878621
3021650,632.9595306146854
3021651,13.50616705641123
3021652,1429.914133864315
3021653,966.1002250350671
3021654,337.4782113718123
3021655,165.04770879972676
3021656,171.65471603076213
3021657,4610.35580346474
3021658,26.221475155835357
3021659,1.3298854937654165
3021660,25.40810424561334
3021661,32.79472893206158
3021662,0.4860616388006992
3021663,367.0222172393589
3021664,14.585295426294783
3021665,19.843145437226397
3021666,6.911132865935216
3021667,58.658194229224286
3021668,10.932950538421021
3021669,215.31850903409386
3021670,404.5550994515695
3021671,12.110785385117904
3021672,11.959460378364243
3021673,229.10128440692273
3021674,93.20588936118276
3021675,2419.5779081847213
3021676,1.0791165437429397
3021677,10.16417183161834
3021678,7.54690131808371
3021679,0.5093792008725032
3021680,7.986235669306281
3021681,3477.4648855952764
3021682,0.5011685603760618
3021683,632.2336434813024
3021684,9.118660664881777
3021685,1032.5745133865864
3021686,1038.1639435320405
3021687,303.1699594037751
3021688,177.20399102288238
3021689,169.42353115387073
3021690,4106.986671464921
3021691,34.59815374349293
3021692,1.7693476511129131
3021693,24.77050756219751
3021694,23.810214437488327
3021695,0.8735574884323729
3021696,386.40413414492787
3021697,10.435780812245412
3021698,25.288521655558725
3021699,8.26992167589845
3021700,51.75141505323851
3021701,6.457378934223182
3021702,268.77277976456315
3021703,378.54350501328673
3021704,9.51756774186585
3021705,7.2224764502397525
3021706,327.37722939804985
3021707,134.88735095476642
3021708,4092.4863766555086
3021709,1.5258014054559372
3021710,25.07491404550659
3021711,6.051717175109827
3021712,0.2178349248618385
3021713,3.08313702620654
3021714,4566.320335500571
3021715,0.18590617579911775
3021716,525.0088261920766
3021717,6.724786999220248
3021718,1395.4545481068924
3021719,634.1937833353334
3021720,338.7679448481503
3021721,187.0219318731743
3021722,56.517752066734005
3021723,5366.8831476093
3021724,10.229969965013183
3021725,0.8693904506196041
3021726,22.628741067737256
3021727,21.96223486191441
3021728,0.32827784817798655
3021729,331.3418870390314
3021730,0.42059068190079374
3021731,2.5259794485352174
3021732,2.695703380062676
3021733,53.86011823737781
3021734,2.290414445158261
3021735,172.5066452894157
3021736,340.1109108896483
3021737,2.1763434190991
3021738,4.668985715440739
3021739,183.54306963379167
3021740,62.59090477992494
3021741,1257.0555451154144
3021742,1.0314528584866782
3021743,1.3207959685340207
3021744,21.499974406942528
3021745,0.8179230149197709
3021746,23.182258254922406
3021747,13982.977564150062
3021748,0.8795063025007984
3021749,2273.856093871907
3021750,40.38013429404881
3021751,3374.377486443348
3021752,3690.2259751119327
3021753,1033.1612011833242
3021754,963.474913996136
3021755,583.8964925101241
3021756,13613.744888302159
3021757,99.46276163194916
3021758,3.8018675347689133
3021759,100.46529674061654
3021760,131.99965769522373
3021761,1.6696587300415233
3021762,926.2516258822578
3021763,90.79850831281792
3021764,42.249663686095595
3021765,38.13532073453995
3021766,274.5834118674062
3021767,26.34031088297523
3021768,1245.7749546899827
3021769,1170.2752637045066
3021770,39.03383273988979
3021771,55.79116937232707
3021772,1768.7501540258443
3021773,534.1645887328697
3021774,9624.66780551682
3021775,125.95811242156687
3021776,133.81349977126848
3021777,17.26348904340382
3021778,0.6093473458456301
3021779,17.311535703623473
3021780,13254.713399515067
3021781,0.7080272874197233
3021782,1898.8009439934976
3021783,39.397554700767586
3021784,3583.973867028176
3021785,3218.9816813536995
3021786,1049.783305030764
3021787,683.2253410028753
3021788,588.9159651413618
3021789,13902.680489856928
3021790,98.12966379161821
3021791,2.339783747582403
3021792,75.48066244428617
3021793,103.96126931803383
3021794,1.4000560874355017
3021795,865.8492900767701
3021796,82.57546351074693
3021797,51.2047604119778
3021798,14.185271411264052
3021799,183.74363630756852
3021800,22.81594382929278
3021801,1349.0901824440498
3021802,1148.5251172539442
3021803,34.460934683625325
3021804,39.62159093672783
3021805,1693.5541571268209
3021806,450.4645451776765
3021807,7961.404139140112
3021808,105.00391606590408
3021809,101.59509016932392
3021810,17.26627585473625
3021811,0.580686408787378
3021812,21.694413015685495
3021813,10328.304658995079
3021814,0.6446634675956517
3021815,1550.7015983515655
3021816,28.020417546816873
3021817,3510.7759480364543
3021818,2544.2510534956627
3021819,1237.3823760299267
3021820,386.3934010959495
3021821,361.4893779237655
3021822,12501.47620628792
3021823,59.830652439727324
3021824,2.3667395859435794
3021825,48.60323042382631
3021826,71.67301570015248
3021827,1.2602753257228656
3021828,855.3474493561755
3021829,84.84762805684142
3021830,26.155074820738246
3021831,17.675006463149828
3021832,127.25961645758893
3021833,17.443871086787354
3021834,1285.7872685648713
3021835,1246.4547001474605
3021836,29.07911092731383
3021837,40.898411022035575
3021838,1497.3550472663892
3021839,270.1383776327661
3021840,3615.595374501842
3021841,116.48553150310865
3021842,70.0588421641072
3021843,18.062654527163517
3021844,0.6111145552536209
3021845,21.181941811952292
3021846,13145.285759268525
3021847,0.6932211334021493
3021848,1810.895696957457
3021849,35.997731819840304
3021850,3238.381142459414
3021851,3201.893939379848
3021852,1038.6385526814588
3021853,623.8671154689042
3021854,486.9853380138396
3021855,13641.87298585496
3021856,89.09186440160762
3021857,2.5559160280166386
3021858,74.65544352188223
3021859,101.79849967262865
3021860,1.3917795599094276
3021861,772.8781520089466
3021862,86.84752378732502
3021863,45.12759599325217
3021864,21.279070207622375
3021865,163.52074376923164
3021866,20.92577167352757
3021867,1214.1181640283799
3021868,1304.545871792283
3021869,33.18655636737628
3021870,38.2016699148522
3021871,1384.8602702885078
3021872,396.1816214782823
3021873,6280.443009636862
3021874,104.87755891179927
3021875,101.909525392264
3021876,13.739162948971034
3021877,0.4038169132849463
3021878,16.78503977624559
3021879,8739.086772343975
3021880,0.45786861239188265
3021881,1368.0412353408663
3021882,26.183668467002384
3021883,3125.535558373832
3021884,2125.734631307084
3021885,1092.1499723798759
3021886,302.7086974204553
3021887,278.2647459151506
3021888,10953.670872302358
3021889,51.61549248699769
3021890,1.8976240765797812
3021891,51.25974413653819
3021892,56.790046108185926
3021893,0.8690433897052179
3021894,731.907462417257
3021895,68.66385167343141
3021896,14.819364240212675
3021897,19.54895070435394
3021898,136.88130663519425
3021899,11.015691314053708
3021900,1089.2073404764794
3021901,1077.0943350668385
3021902,21.153614526967225
3021903,33.04526933335239
3021904,1230.3871734399459
3021905,202.0179136770412
3021906,2982.3215087704457
3021907,116.63280480918144
3021908,39.97473162611732
3021909,14.53458749345561
3021910,0.4161778911249118
3021911,14.313842077030023
3021912,10712.589803167579
3021913,0.5082948014650257
3021914,1508.262382045062
3021915,35.955465818254055
3021916,2299.780699139414
3021917,2712.0160085023726
3021918,610.1047465901174
3021919,588.900280952363
3021920,498.77858693198823
3021921,10583.6876708007
3021922,78.93787568161717
3021923,2.0304719961063666
3021924,58.73444138849671
3021925,73.4519735361074
3021926,1.086562422370285
3021927,633.8370151604004
3021928,55.60199999162547
3021929,46.00092092957327
3021930,17.64221155562299
3021931,194.64065917242868
3021932,20.568188459465816
3021933,884.3465102300612
3021934,712.6884703959671
3021935,29.1362821153841
3021936,35.25783686246868
3021937,1133.7658541303251
3021938,385.8051593141322
3021939,8112.028012427703
3021940,81.65846361046756
3021941,84.08631302564963
3021942,7.407427474093121
3021943,0.2864134069612517
3021944,5.341853656080413
3021945,2354.5298839045413
3021946,0.29119147142489904
3021947,424.52763219660216
3021948,17.403630240268765
3021949,947.8311693066835
3021950,633.596046582994
3021951,260.0913919096193
3021952,144.38551710218445
3021953,128.19474815433412
3021954,3472.898699013628
3021955,20.68917912037567
3021956,1.308322724983097
3021957,21.1688466634226
3021958,27.47543928708656
3021959,0.5511981705231581
3021960,245.90970455770258
3021961,14.592692102283227
3021962,6.4289206552292075
3021963,10.578631913363914
3021964,63.96237946651774
3021965,7.191736517038037
3021966,296.77553148893924
3021967,333.72247487156375
3021968,5.62847180470403
3021969,12.062462589349485
3021970,287.3831046210405
3021971,99.73894164199092
3021972,1183.5310284003124
3021973,0.7831208093891233
3021974,13.460792726364826
3021975,12.659077033557018
3021976,0.4474016614381651
3021977,12.833516432067812
3021978,6256.370317390069
3021979,0.44102734547827194
3021980,913.7562715761776
3021981,30.641303644067207
3021982,1958.4771114083628
3021983,1594.0752369159457
3021984,658.1093559617291
3021985,204.06811360088105
3021986,220.41562020156675
3021987,7869.752651345797
3021988,51.36594736072535
3021989,1.8306767791452279
3021990,48.766277383387035
3021991,56.32017612323041
3021992,0.7614995055398914
3021993,470.5159212707549
3021994,56.5905778331097
3021995,11.4460114033654
3021996,7.253459262785375
3021997,110.94576629927079
3021998,12.499656068471907
3021999,667.7433819355434
3022000,760.8011276389745
3022001,16.883381506464747
3022002,25.243099774216013
3022003,649.2824052790337
3022004,178.8445155937001
3022005,2502.675371659185
3022006,90.76847086957649
3022007,30.893381266560183
3022008,9.300128333472816
3022009,0.30651628714360396
3022010,8.665380814135496
3022011,6690.766018587251
3022012,0.3992542227309331
3022013,1048.02607484801
3022014,16.87726080427394
3022015,1419.671747612569
3022016,1821.4940342085483
3022017,400.17821838912994
3022018,405.47558597400484
3022019,308.4405675544175
3022020,6605.289317665825
3022021,29.282744083292258
3022022,1.7283223739122533
3022023,30.51314028006308
3022024,41.373424651211415
3022025,0.927768617832331
3022026,425.9106999663088
3022027,6.690147908892337
3022028,31.576498905910363
3022029,5.738831485819959
3022030,147.7602522199661
3022031,14.242658931717077
3022032,685.0212251754427
3022033,463.6437066528724
3022034,19.382455147369633
3022035,19.36650774474834
3022036,872.9173947316572
3022037,217.3272065388072
3022038,5220.1340599767545
3022039,2.4601296295692947
3022040,39.292873417915
3022041,8.964515072984895
3022042,1.1166619031963838
3022043,8.297628859911734
3022044,5813.761179956835
3022045,1.1433131523506832
3022046,1155.7831613789217
3022047,15.692792586608306
3022048,1614.5797409625889
3022049,1568.9816586095967
3022050,636.9776465184708
3022051,272.1795976263084
3022052,235.9357507580697
3022053,7631.124245120904
3022054,14.1942997386471
3022055,2.5360629440419524
3022056,33.71409601508665
3022057,48.28634646253776
3022058,1.5982141048282061
3022059,299.8233379281527
3022060,6.774592630303755
3022061,9.816031556066653
3022062,7.45530836571446
3022063,114.60570273822582
3022064,5.78407744034719
3022065,449.0299232890716
3022066,707.4684538586405
3022067,6.903926385209974
3022068,9.98227793911629
3022069,424.4017326116623
3022070,187.50596570516805
3022071,2740.18721832726
3022072,2.379616028344731
3022073,17.74525381780799
3022074,8.195261922184251
3022075,0.25515347737848737
3022076,7.264976193666127
3022077,3237.585768892634
3022078,0.23379376776547503
3022079,612.4250664698427
3022080,11.30094672055443
3022081,1217.6231297953748
3022082,881.9747335983964
3022083,327.73756951375117
3022084,154.70092760411166
3022085,145.0626263532821
3022086,3809.431229018637
3022087,20.840574373609726
3022088,1.4363979163980003
3022089,22.99871528742674
3022090,36.40154260562846
3022091,0.46977243739370156
3022092,392.31364075421754
3022093,5.787428508557594
3022094,6.782669505760025
3022095,5.2258517409926535
3022096,45.7751887528698
3022097,5.716891123681026
3022098,252.85225090018898
3022099,350.7727139694347
3022100,7.108341667847117
3022101,9.90140125967027
3022102,282.6807199220739
3022103,102.35690308255622
3022104,2982.79229651537
3022105,1.1190942053049795
3022106,8.139114587504803
3022107,5.088090953448281
3022108,0.06292832172871622
3022109,0.8987793064905131
3022110,2839.8809044881264
3022111,0.0
3022112,350.94881677175596
3022113,4.171092253202035
3022114,1200.7111645502562
3022115,372.70514880699204
3022116,260.63336349582215
3022117,103.53203589820488
3022118,33.393052409379436
3022119,4008.0871242206144
3022120,8.14861030941795
3022121,0.6296037409079315
3022122,14.194198012425225
3022123,11.967193056821113
3022124,0.1557168553805971
3022125,282.426738826627
3022126,0.6189311912271704
3022127,0.3661171762612677
3022128,2.9146678771571595
3022129,23.207910385243387
3022130,0.9139389560318202
3022131,84.59414002963565
3022132,239.06238127356136
3022133,0.8544406762272865
3022134,3.6620649694878606
3022135,72.75637063222541
3022136,42.988417591451345
3022137,324.9594083669773
3022138,0.43963520912532283
3022139,1.5491040351806373
3022140,7.921043209789999
3022141,0.21165752568727705
3022142,9.717683152954955
3022143,5576.39437333187
3022144,0.2467510990767033
3022145,830.9016099460472
3022146,18.238401011312327
3022147,1549.8987928303177
3022148,1481.9974849466066
3022149,510.08289431659637
3022150,320.27040072007463
3022151,240.8915630962151
3022152,6394.952670373548
3022153,42.05442980031633
3022154,1.4349289748950156
3022155,38.684423774608064
3022156,55.98952632479981
3022157,0.5671770779875105
3022158,393.2187159150648
3022159,32.39243873121266
3022160,16.76724459035364
3022161,14.217199609018298
3022162,92.75318131088584
3022163,9.055224557607163
3022164,634.5650279134784
3022165,545.6012766994291
3022166,11.5709790784929
3022167,17.618205357701747
3022168,826.2794174122325
3022169,188.18672827628518
3022170,3468.1323402120256
3022171,0.8191214923259823
3022172,51.859079376456066
3022173,5.278545678509637
3022174,0.2031065132049072
3022175,6.898234373344673
3022176,5163.4550622330735
3022177,0.26490284116791235
3022178,758.6625221946263
3022179,15.583497711503451
3022180,1014.9206868766546
3022181,1412.3938118586182
3022182,265.747949564607
3022183,318.2661374647381
3022184,245.7273915410346
3022185,5080.41605293717
3022186,31.879023538382217
3022187,1.505091094238661
3022188,21.94795808411415
3022189,29.985458206813288
3022190,0.574510987342489
3022191,249.63095602798936
3022192,13.695600741806633
3022193,37.66623841170929
3022194,9.594893726165298
3022195,147.89862201596083
3022196,12.137413536425028
3022197,505.33992474591275
3022198,319.50148183698906
3022199,11.770872908263403
3022200,12.7683066226871
3022201,592.6526614552105
3022202,191.8503626772985
3022203,4277.295903699081
3022204,0.826776726002595
3022205,45.115466675166736
3022206,9.196278881294656
3022207,0.573255048459423
3022208,13.063378621779975
3022209,6248.634110321216
3022210,0.6096863105202004
3022211,1005.7882848397242
3022212,24.64155511211529
3022213,1530.625576340378
3022214,1711.9862255886326
3022215,420.3611427562993
3022216,434.0816125861505
3022217,255.77800404838456
3022218,6520.985164658134
3022219,49.465825739769045
3022220,2.625685197775701
3022221,40.46865462897835
3022222,49.84209385804396
3022223,1.1183403346597542
3022224,461.66783576318494
3022225,45.52297428063658
3022226,35.753364724827165
3022227,21.36525050373418
3022228,115.05034233114296
3022229,18.39878271282689
3022230,593.0833956004122
3022231,498.89268573357595
3022232,20.54863302167897
3022233,25.31309029261586
3022234,760.9381423895959
3022235,255.14063656807087
3022236,4694.743508043941
3022237,1.5775449163164246
3022238,65.11185691770665
3022239,13.554380442872217
3022240,0.4320732320253061
3022241,9.046589072167531
3022242,5716.078722052116
3022243,0.35048656199038053
3022244,1052.0926766083267
3022245,16.408712804075225
3022246,2076.325219689623
3022247,1111.261713259921
3022248,712.3967186964969
3022249,243.57399241167528
3022250,122.42157115781309
3022251,7829.23853388337
3022252,18.275209330783554
3022253,1.9055291907206289
3022254,33.60657277049994
3022255,43.3535763561776
3022256,0.719086114205707
3022257,549.1006739794427
3022258,17.05446867546133
3022259,5.740228831162652
3022260,12.760171123851112
3022261,43.72863895960554
3022262,5.196162694270374
3022263,496.05111467998523
3022264,639.4559499722449
3022265,7.307409491517141
3022266,16.845915706364494
3022267,598.866595650279
3022268,121.79462662810701
3022269,1646.984890430298
3022270,63.015179929551074
3022271,19.007180917639616
3022272,3.22621883861941
3022273,0.1382947042606794
3022274,4.186560534548122
3022275,2261.8302346183523
3022276,0.1543256145058588
3022277,323.84873943990897
3022278,10.755835472257907
3022279,632.2836015715781
3022280,696.6978203985722
3022281,144.81209221813015
3022282,141.44848952788485
3022283,107.66184530930013
3022284,2663.4117827876844
3022285,19.768804576032835
3022286,1.055643138527787
3022287,15.57566969321638
3022288,20.03037539860309
3022289,0.32191060596508797
3022290,178.38346167734204
3022291,11.935139949906198
3022292,11.106114207629343
3022293,4.892281324656327
3022294,64.47168721869859
3022295,6.827082609881456
3022296,245.9253761242933
3022297,152.08531622953421
3022298,6.7139220630452074
3022299,8.3874489571672
3022300,259.1745477598084
3022301,88.87769768152845
3022302,1752.0340625334693
3022303,0.44742307685856475
3022304,22.05293133550102
3022305,2.0918297008636495
3022306,0.0
3022307,0.540423611544211
3022308,1099.6475761486347
3022309,0.0
3022310,114.34959422567914
3022311,2.53596168185156
3022312,649.917906266524
3022313,221.28596927730698
3022314,167.47371747055496
3022315,62.250436529021364
3022316,22.05378615525003
3022317,2325.093116391102
3022318,1.8639935255631088
3022319,0.2682561095805077
3022320,5.631229687460591
3022321,5.669412386808467
3022322,0.0
3022323,142.2642659419808
3022324,1.3835874073951797
3022325,0.1356078514142181
3022326,1.2775700793635818
3022327,7.797002462272523
3022328,0.5355844095279801
3022329,123.70750884037723
3022330,156.5764012271449
3022331,0.6349849819673228
3022332,2.3522677438825825
3022333,102.71579014189729
3022334,17.08399452432488
3022335,215.2240389610202
3022336,10.325320800526907
3022337,1.7820199339109417
3022338,5.922674738498744
3022339,0.22287873240377953
3022340,4.364041378966794
3022341,3922.6734002206704
3022342,0.12983336320424965
3022343,482.6899817325564
3022344,10.917332087898934
3022345,1659.400207861866
3022346,741.4143132633534
3022347,450.7771320974731
3022348,205.77249011376
3022349,74.14601302920015
3022350,5706.73952815664
3022351,13.050057511327473
3022352,0.8301841392828364
3022353,19.42127286651923
3022354,25.218635440611777
3022355,0.40348715754079256
3022356,342.54428261404814
3022357,7.885040947978241
3022358,2.0469334782530515
3022359,5.905551971498144
3022360,26.00362871623725
3022361,2.2639439654097084
3022362,454.8521450006904
3022363,393.115733396971
3022364,2.33016994353911
3022365,9.926416437881768
3022366,371.4618978526613
3022367,54.19361850654104
3022368,1022.2355919711373
3022369,46.553282916304525
3022370,7.502767971157451
3022371,3.8556223051049354
3022372,0.11232375676939355
3022373,0.7237959356522552
3022374,1676.9884137965255
3022375,0.07605171817598297
3022376,174.15673242291453
3022377,5.762042868000066
3022378,788.3054245545384
3022379,365.5852196952079
3022380,201.77281239550078
3022381,94.43808266120072
3022382,28.86264253523893
3022383,2755.5376835364495
3022384,4.20217013623178
3022385,0.5401026790560085
3022386,9.14951663035537
3022387,9.78264826438403
3022388,0.1616158885983448
3022389,169.24116129005932
3022390,1.1150443057522197
3022391,0.44420452955709316
3022392,7.642968440857987
3022393,16.112224064373112
3022394,1.1510742404993488
3022395,120.03593103048429
3022396,183.16579267422307
3022397,1.1239399842582805
3022398,4.099993800477642
3022399,121.97047981670845
3022400,26.447571751500647
3022401,327.7707500442672
3022402,4.427795061987134
3022403,2.3538066469201904
3022404,3.3893455901977414
3022405,0.0
3022406,1.7330380426946908
3022407,1522.8734916996416
3022408,0.0
3022409,127.24617096362843
3022410,3.673983754383828
3022411,685.9722143866964
3022412,255.36219870725566
3022413,141.97989547807975
3022414,65.51545228335357
3022415,22.255153934347767
3022416,2368.4642541493463
3022417,3.893626448095131
3022418,0.2826652325016965
3022419,7.6914156857209885
3022420,10.623030905487905
3022421,0.023978284933281326
3022422,148.1434122932036
3022423,1.9182491901194456
3022424,0.20103206776389285
3022425,1.80559462940161
3022426,13.686360070557102
3022427,0.6851921830217376
3022428,113.45673810740821
3022429,149.98133337767007
3022430,0.6038324485092885
3022431,2.818710143850745
3022432,88.53832413507277
3022433,23.51162363836678
3022434,191.28036105442965
3022435,8.79169771659137
3022436,1.5820457826148924
3022437,2.815326375824687
3022438,0.0
3022439,0.4977271992417778
3022440,1493.7948701095202
3022441,0.0
3022442,180.89238358995922
3022443,4.432994930586192
3022444,943.2252890341937
3022445,349.4286725814829
3022446,229.68808444759688
3022447,69.70118241011934
3022448,32.91437174952302
3022449,3050.4064063228893
3022450,3.9338901784515157
3022451,0.25373487247525484
3022452,10.242481162543296
3022453,16.117749741908042
3022454,0.016652602332453532
3022455,209.49674267235005
3022456,0.7228453157010769
3022457,0.25806837728400844
3022458,2.124183834821401
3022459,13.454614045154916
3022460,0.9762158452399146
3022461,168.96981616203357
3022462,218.3536039635378
3022463,0.7995485441844762
3022464,3.337367549138191
3022465,73.58619524031829
3022466,39.905322086949866
3022467,347.81539835438866
3022468,10.2187566148348
3022469,2.6513779838978633
3022470,4.151740364619082
3022471,0.3322123568965002
3022472,1.172765778387822
3022473,1852.0120122028895
3022474,0.12493205715900486
3022475,175.2203266940534
3022476,4.2266271283801355
3022477,876.5812599531549
3022478,345.2606350148435
3022479,249.6229398725009
3022480,121.57320771530021
3022481,44.72574926326776
3022482,3121.1069697655707
3022483,5.330986443741313
3022484,0.7734278318658323
3022485,13.260723410978757
3022486,11.959748693041925
3022487,0.21275871753772688
3022488,219.51596487386456
3022489,5.346484873649857
3022490,0.5850432780854139
3022491,2.9866953162157404
3022492,21.261214514421955
3022493,1.5200228619861442
3022494,129.25003989004352
3022495,199.3682024542744
3022496,1.177248117439963
3022497,3.925883290012885
3022498,123.27608801725397
3022499,32.393194021969634
3022500,547.5041258910294
3022501,11.123912463874273
3022502,4.052785325464834
3022503,3.0005179193807243
3022504,0.0
3022505,0.3201184564168155
3022506,1273.1323026220364
3022507,0.0
3022508,135.87715179253897
3022509,3.181896022502577
3022510,648.0847008176014
3022511,225.2492070171871
3022512,147.77620471714624
3022513,164.62040530793584
3022514,25.723454119171663
3022515,2195.5451051362047
3022516,2.7420595873809916
3022517,0.2745941190083678
3022518,8.760132756771386
3022519,10.984728835273193
3022520,0.0
3022521,153.4928334910068
3022522,0.04088489946144881
3022523,0.18684944700190675
3022524,1.5670732054862435
3022525,14.841223461747862
3022526,0.63874646425881
3022527,69.51483087337078
3022528,141.88630384807752
3022529,0.563976269668422
3022530,2.3210026305770235
3022531,68.71079671012767
3022532,30.086108270179885
3022533,278.23087976377457
3022534,0.10358170105736189
3022535,1.1073224095764325
3022536,5.131675998427559
3022537,0.18931847078370043
3022538,2.596645251756189
3022539,2985.996935485914
3022540,0.08682199699077241
3022541,357.45502042106193
3022542,7.307379095920166
3022543,1193.9215095269144
3022544,634.5306373463111
3022545,364.39311027891836
3022546,260.4636708525893
3022547,69.70410313092526
3022548,4439.247590935118
3022549,6.687053840640733
3022550,0.5791273990435708
3022551,14.683441306218414
3022552,23.2839601941064
3022553,0.1877698620874951
3022554,245.38004277171368
3022555,1.6343793833945077
3022556,0.4893640855020826
3022557,6.4923966231483154
3022558,22.671736018762772
3022559,1.44780425271515
3022560,240.83726956830884
3022561,298.45734337507355
3022562,1.565016638460743
3022563,5.749579814503584
3022564,280.5474589244661
3022565,66.13821628636921
3022566,1070.457897442301
3022567,25.058114176194465
3022568,9.306682167861123
3022569,1.0632847352246377
3022570,0.0
3022571,0.3786221559546981
3022572,2143.4008349704686
3022573,0.0
3022574,285.228783528944
3022575,1.87849296890772
3022576,724.8992916617274
3022577,507.8965870727989
3022578,175.52510859843346
3022579,229.95215001933948
3022580,8.416151466570254
3022581,2785.666224772475
3022582,3.545396428444385
3022583,0.0
3022584,5.025941281404664
3022585,15.351386028770023
3022586,0.0
3022587,140.43465038623222
3022588,2.6452688548448644
3022589,1.0745556021794058
3022590,5.384061441095726
3022591,38.5346680250507
3022592,0.6364438019757885
3022593,25.337187884075398
3022594,179.0710795935496
3022595,1.0942833465674364
3022596,2.316398865389763
3022597,33.515840393631
3022598,10.502187402442694
3022599,368.56394617432545
3022600,30.129363758692868
3022601,1.9922945292741616
3022602,4.28462763490931
3022603,0.06794555172039562
3022604,1.1484858091307415
3022605,2077.5441758381385
3022606,0.0
3022607,168.46692893227385
3022608,5.0034048769985375
3022609,815.1944794860668
3022610,313.4045236487308
3022611,226.19542808857557
3022612,91.25194830673288
3022613,34.578367444946565
3022614,3358.3263272826207
3022615,5.497917381421734
3022616,0.5991743517412287
3022617,11.475430542009166
3022618,10.19028439179826
3022619,0.10370412851316485
3022620,162.27242360137757
3022621,4.393963905459231
3022622,0.4095537660174662
3022623,2.812085795687163
3022624,15.338801801147124
3022625,1.328967213077288
3022626,116.897491984577
3022627,183.36527938689161
3022628,1.0158667201725624
3022629,4.017431841021729
3022630,92.92787143921078
3022631,29.68947789208076
3022632,349.80502497446236
3022633,2.7830605573708835
3022634,3.710576302049743
3022635,4.337955175565725
3022636,0.1134952256209662
3022637,5.590863429808845
3022638,2896.0341343233044
3022639,0.09701222324192511
3022640,644.3352649362156
3022641,11.0220739849155
3022642,850.8482573455091
3022643,940.766618050534
3022644,263.9487323876523
3022645,162.3636665397438
3022646,112.87275754472444
3022647,3751.0441151846117
3022648,21.452084763719895
3022649,1.0023892200315714
3022650,17.78472524349297
3022651,20.252506225294262
3022652,0.3611116531346473
3022653,203.5927416646099
3022654,19.197549259949227
3022655,9.3299370703626
3022656,5.420864706849515
3022657,53.2708162283729
3022658,7.230844656040577
3022659,381.3508555732336
3022660,280.75451443410674
3022661,8.299057909791577
3022662,9.873444065458267
3022663,404.9503571258588
3022664,102.52664746315838
3022665,1719.973388062699
3022666,0.4844313263886307
3022667,23.14376614069138
3022668,5.9441329913321335
3022669,0.1563581453383696
3022670,3.3077017771515544
3022671,2456.095214839082
3022672,0.10785325368222187
3022673,373.11769308815957
3022674,8.251080804150888
3022675,1023.5017619052809
3022676,643.194220478119
3022677,396.6039397792774
3022678,172.7927877950942
3022679,57.441155591272405
3022680,4049.2527119232136
3022681,10.214940389877835
3022682,0.9451270182903367
3022683,19.154466989095198
3022684,19.22823432400796
3022685,0.38222677091497387
3022686,316.12712543926256
3022687,5.718322839606005
3022688,5.538918605875091
3022689,5.054332409971904
3022690,26.984765092572896
3022691,2.285285914288221
3022692,242.17127425515028
3022693,343.4716943809964
3022694,4.536042312800063
3022695,8.342507819808255
3022696,255.17584126563816
3022697,52.392029541997296
3022698,1544.9686772888876
3022699,33.7108522254496
3022700,9.319667995800243
3022701,6.735386747313765
3022702,0.27335052647342967
3022703,2.6075750067053156
3022704,2555.7848962297385
3022705,0.14821837027752208
3022706,365.55936649865095
3022707,5.018010563426529
3022708,1013.1470608814034
3022709,507.4631155738791
3022710,274.32685677053496
3022711,255.80698448956173
3022712,64.5462577100525
3022713,3598.009978909148
3022714,12.063107495914679
3022715,0.9872307561335514
3022716,22.473599708091413
3022717,25.2381688248566
3022718,0.39021025726843944
3022719,292.8374776900197
3022720,1.970045667838244
3022721,2.1004443578366065
3022722,5.870787736989243
3022723,43.3206083750068
3022724,1.4893440706308527
3022725,147.940965716769
3022726,275.28948334618
3022727,2.4540778114720188
3022728,3.327325808708278
3022729,155.9814739431219
3022730,64.1714674719851
3022731,1122.5496930112308
3022732,0.8298503566535854
3022733,6.660307983306946
3022734,3.591255878248967
3022735,0.050085846124932436
3022736,1.8469297914815845
3022737,1177.1289000693862
3022738,0.052973248651344264
3022739,152.74846721556852
3022740,5.355886418153377
3022741,590.0629592154062
3022742,262.62191618952573
3022743,137.71454668703925
3022744,74.38040078576955
3022745,37.793068067863445
3022746,1904.8338832933564
3022747,5.624130059725696
3022748,0.6987219173632275
3022749,16.651056054225954
3022750,15.632783477511287
3022751,0.25946133342907596
3022752,172.93932000001362
3022753,1.0598271722325916
3022754,0.838656692275448
3022755,4.096791483509073
3022756,22.89487920964025
3022757,1.2565210300863003
3022758,87.10160774187614
3022759,142.48347218213158
3022760,1.3478800960691433
3022761,2.779805809064736
3022762,101.41685705704818
3022763,32.33178451296045
3022764,299.49619687926855
3022765,10.464204110677926
3022766,3.463749235444046
3022767,2.3768410205644654
3022768,0.0
3022769,1.5026759233577702
3022770,1633.434342599187
3022771,0.020632779190423535
3022772,306.0726374754478
3022773,7.371445103892242
3022774,497.1652987325722
3022775,513.5470728803273
3022776,125.42196876331894
3022777,62.34145048139734
3022778,50.30425175027169
3022779,2100.4123998123587
3022780,12.785171374797354
3022781,0.43897452918805113
3022782,11.787709729446076
3022783,13.995632632751331
3022784,0.14310202924246407
3022785,109.8363122889076
3022786,7.126746131946694
3022787,1.8650693657513064
3022788,5.1145753852600295
3022789,30.420650009933286
3022790,3.0800431677443227
3022791,353.79133610593647
3022792,141.6809426505013
3022793,2.923196729485355
3022794,4.893120774562767
3022795,264.4734596422285
3022796,42.788263247573525
3022797,862.8346237491995
3022798,0.23308418971841519
3022799,10.032786787409993
3022800,3.868462603176611
3022801,0.18768238829476616
3022802,6.35988486695155
3022803,3451.3668343136324
3022804,0.22527631023010833
3022805,813.7280469946116
3022806,14.363636941251972
3022807,1149.4446109716364
3022808,1312.2475751567513
3022809,278.12189906134427
3022810,172.30036122154812
3022811,125.19997610058586
3022812,3744.883274037762
3022813,22.20371485006372
3022814,1.13803451040809
3022815,23.016164002525656
3022816,38.79445945173431
3022817,0.43619213997113465
3022818,213.91496743644763
3022819,12.96777410024247
3022820,22.4836853359585
3022821,5.524581259978129
3022822,56.65780800951852
3022823,11.431793664925344
3022824,297.56816222016636
3022825,285.36257210103525
3022826,14.446938280237726
3022827,12.851099441408078
3022828,360.90357855353477
3022829,101.06600300855078
3022830,2949.4732264178365
3022831,1.0180557601131623
3022832,29.7809190039355
3022833,0.8836494361554095
3022834,0.0
3022835,0.4110021753987254
3022836,1567.7052479062045
3022837,0.0
3022838,267.9476489673438
3022839,2.2492031046731964
3022840,408.42473250490036
3022841,367.7400001265269
3022842,112.22560220435123
3022843,31.169104234958287
3022844,18.99403336345449
3022845,1768.0005436302
3022846,3.7049794799031144
3022847,0.0
3022848,5.702847012312817
3022849,16.974924038353382
3022850,0.0
3022851,76.34775275398235
3022852,0.0
3022853,5.600218684244834
3022854,1.1569603372655468
3022855,47.82183668055835
3022856,1.5771943799964248
3022857,44.41813633215759
3022858,116.12998430085975
3022859,2.0664012940595597
3022860,2.0435321182419863
3022861,35.7434374040304
3022862,16.452636358283897
3022863,121.13815566103045
3022864,0.0
3022865,0.9183055778918382
3022866,2.441759185277015
3022867,0.0
3022868,0.5060955831778808
3022869,916.3161839726982
3022870,0.0
3022871,161.5715586037682
3022872,3.81726629575233
3022873,299.1019854222874
3022874,200.56091562256046
3022875,82.03726275666608
3022876,37.207528506875775
3022877,22.27981081605691
3022878,1338.9673198564612
3022879,2.627799100057492
3022880,0.3472542765396764
3022881,5.909767273331674
3022882,5.812030591653092
3022883,0.03920374143622476
3022884,63.28547560134336
3022885,0.5134319277174358
3022886,3.3131896680838664
3022887,1.3735889675053334
3022888,16.99851426345112
3022889,0.7728044404320795
3022890,152.77320720402423
3022891,100.79077118322823
3022892,1.214883276301492
3022893,2.2929058463904646
3022894,106.65385779399466
3022895,16.516915681998157
3022896,303.96345039464603
3022897,0.21557592544230647
3022898,1.7230124881198565
3022899,4.928286696605888
3022900,0.13566439379602707
3022901,5.107829250776237
3022902,2703.0062876501183
3022903,0.15043798008479242
3022904,664.664424922782
3022905,10.977479792653543
3022906,908.1951912132665
3022907,895.614535105752
3022908,234.79440362356843
3022909,188.88760000321298
3022910,96.15349026059542
3022911,3526.320420147761
3022912,17.234729295809604
3022913,1.0699747772976085
3022914,14.31394442088495
3022915,24.870446608703592
3022916,0.36612820882501573
3022917,200.13077219391872
3022918,6.601611853945541
3022919,17.582042770508224
3022920,4.042816096148391
3022921,59.79736989781019
3022922,6.506983932226245
3022923,276.0008310135147
3022924,260.12270786560975
3022925,10.302885506225538
3022926,9.385323637348389
3022927,331.7369497369633
3022928,85.1393900067043
3022929,2079.477199635979
3022930,0.7642339134922687
3022931,20.0179521195257
3022932,5.328109633075366
3022933,0.07712434592267553
3022934,1.140104855239827
3022935,2682.2930511954773
3022936,0.038159084519628045
3022937,450.41713421468296
3022938,7.1648237930978675
3022939,1026.941156212272
3022940,709.5638832038132
3022941,315.9969217248106
3022942,321.2288869443323
3022943,59.05841160815534
3022944,4025.433039906479
3022945,6.294497691072087
3022946,0.8507262118354075
3022947,14.871392434909206
3022948,15.760271351044702
3022949,0.27687118585782006
3022950,259.97633608284457
3022951,0.31609126246890895
3022952,3.275452299809626
3022953,3.8503208892337364
3022954,35.692064527679996
3022955,1.5540193976047476
3022956,188.65107894322875
3022957,291.0257192017581
3022958,3.0417619329017627
3022959,4.749026069768197
3022960,201.32127363288822
3022961,55.19529626208358
3022962,1274.446122734381
3022963,0.9142696213271821
3022964,3.845892636383671
3022965,5.290338433096877
3022966,0.13089912440392756
3022967,1.717489270303711
3022968,2340.0836469478677
3022969,0.11561223175869006
3022970,410.823683058304
3022971,9.225350690945742
3022972,928.2606816802373
3022973,585.9587785922884
3022974,253.35662707228775
3022975,252.62582159433876
3022976,60.404316140194126
3022977,3311.2513851577787
3022978,10.251486817695625
3022979,0.8679165306615197
3022980,21.774322572888586
3022981,16.44169692756995
3022982,0.3390816967327033
3022983,305.2737353406656
3022984,1.1038665170888229
3022985,2.5721174310330257
3022986,3.4547973011472197
3022987,44.94614773334853
3022988,1.497744117762023
3022989,166.91754381264036
3022990,246.49331312068853
3022991,3.0772465430569174
3022992,6.9578393070830025
3022993,196.51879962823563
3022994,55.91217454212723
3022995,2077.4345566023076
3022996,0.937445481737452
3022997,5.267819762455486
3022998,8.922001601922405
3022999,0.7596663010778878
3023000,10.922456847896381
3023001,7009.269738235416
3023002,0.746060846381129
3023003,1240.383006343234
3023004,30.016144961536913
3023005,1823.200280260269
3023006,2100.1480036156418
3023007,406.68521010541974
3023008,502.0310300062375
3023009,350.38271048824765
3023010,6630.286990846264
3023011,72.55849527486983
3023012,2.758554299929243
3023013,61.12144013896065
3023014,59.49876755704973
3023015,1.2993758188744002
3023016,375.5184589575848
3023017,33.914423400801546
3023018,36.22554195767109
3023019,22.098670314270368
3023020,151.3897945107492
3023021,19.358590974516414
3023022,803.0471502011719
3023023,466.7454761096118
3023024,21.0985647570459
3023025,25.159396916661606
3023026,750.5706477753247
3023027,340.92818481241216
3023028,5724.0136922479705
3023029,1.8639765717177803
3023030,80.2102562257345
3023031,2.3083020992366317
3023032,0.0
3023033,0.44150563370513635
3023034,1265.47135485047
3023035,0.0
3023036,140.56573520998418
3023037,3.1618174518999482
3023038,476.6928418097486
3023039,220.31823708009213
3023040,100.0597595411019
3023041,158.9491207100104
3023042,28.398007736417107
3023043,1654.023368464579
3023044,2.0401765883624354
3023045,0.3997523543633191
3023046,7.664487904790256
3023047,5.683870074785582
3023048,0.06432168820178712
3023049,115.21590547984707
3023050,0.4631566551228989
3023051,0.3461453263700306
3023052,1.9512729219817326
3023053,18.910131839708917
3023054,0.7663977875339489
3023055,57.515147978991365
3023056,115.42056150368407
3023057,0.838335529789651
3023058,2.4497473101525724
3023059,82.52322952313602
3023060,21.331162393230887
3023061,411.5784388545327
3023062,0.19818522359342935
3023063,1.8403737270147693
3023064,6.888168016720899
3023065,0.31442016534452555
3023066,1.5342105255894682
3023067,2495.0530485624768
3023068,0.19605736444319571
3023069,395.296822461363
3023070,8.154866664213548
3023071,1128.428486239463
3023072,605.3249038062283
3023073,221.30027001426103
3023074,294.0865005620432
3023075,58.11297692100852
3023076,3904.0375401720953
3023077,6.790939644448803
3023078,0.7843099992671727
3023079,13.826998651048774
3023080,17.399005506710353
3023081,0.3265719753645884
3023082,232.5095343830907
3023083,1.5802824258662223
3023084,1.3089992280070977
3023085,6.456627431035729
3023086,17.479881069515656
3023087,1.1134731123281632
3023088,243.0202297314288
3023089,275.4365041497337
3023090,1.6418992347083268
3023091,6.57060201693914
3023092,159.78794793226174
3023093,58.24034451644235
3023094,1045.3557598930115
3023095,0.5956317011724237
3023096,4.623820637814438
3023097,1.4667765551408607
3023098,0.0
3023099,0.9900109088565175
3023100,795.2794713415648
3023101,0.0
3023102,86.2360693886994
3023103,2.1040535694370677
3023104,442.8792653787723
3023105,126.43864272699386
3023106,69.1840378724368
3023107,153.42184251079325
3023108,16.403928858750554
3023109,1419.6555784044763
3023110,1.257990619633776
3023111,0.20479261748628994
3023112,4.887801476264173
3023113,3.941206421823523
3023114,0.0
3023115,74.34311734217471
3023116,0.0
3023117,0.06992807341597325
3023118,0.9766318726610533
3023119,10.066917749880247
3023120,0.21678760730981772
3023121,48.970211660385125
3023122,100.22932937106245
3023123,0.37751837462547927
3023124,1.4588341589615148
3023125,48.74462043350243
3023126,12.2312881371513
3023127,175.83526254778465
3023128,0.01900879487821565
3023129,0.677006989205864
3023130,4.954418590947597
3023131,0.12459052895529564
3023132,0.7414447222834211
3023133,1814.4190857101553
3023134,0.0612308269186461
3023135,250.92567532695287
3023136,5.2003108685996615
3023137,825.1694007892767
3023138,388.32891635224473
3023139,190.3560955752472
3023140,199.89475578836786
3023141,43.468135992315865
3023142,2832.549367638848
3023143,2.8170794619632034
3023144,0.5017485315221663
3023145,15.315307711823765
3023146,17.720454307969376
3023147,0.13308783115553938
3023148,206.59118409067048
3023149,0.37211629146493536
3023150,0.34233352728134553
3023151,5.401653449439042
3023152,27.101008392767337
3023153,0.9431788646184657
3023154,173.55154931948383
3023155,202.57045817375644
3023156,1.0673928944376812
3023157,3.8776637139951826
3023158,155.25251592056
3023159,37.0964873123691
3023160,1008.1424615809955
3023161,0.3158994092765744
3023162,1.6052714260140626
3023163,3.40681915854056
3023164,0.32282714066915896
3023165,2.219252779798505
3023166,2398.651583781316
3023167,0.20356385902763285
3023168,421.9298050370183
3023169,6.05572462134589
3023170,888.5223388667476
3023171,612.577063060696
3023172,200.80449968179047
3023173,157.36763191617766
3023174,60.85817670880763
3023175,3722.3594042845853
3023176,4.673357439001174
3023177,1.0799103533550067
3023178,16.544951145163107
3023179,23.274415367997996
3023180,0.41674899375334484
3023181,203.88679346907807
3023182,3.5482026933347224
3023183,2.408206157017323
3023184,4.814503750138547
3023185,26.708351960744444
3023186,2.7767421902103164
3023187,169.3999030668813
3023188,258.29535301985607
3023189,3.3089809412192794
3023190,5.421442838203483
3023191,131.77294006309467
3023192,37.59840432629666
3023193,548.3997781501427
3023194,1.5413368693543925
3023195,2.3843444339937583
3023196,2.4932332889805573
3023197,0.0
3023198,1.0673198879365546
3023199,1094.966429081908
3023200,0.0
3023201,90.65964670317805
3023202,1.9128311354789522
3023203,443.3797376144968
3023204,135.10380928293011
3023205,83.56386734859505
3023206,228.29999106364556
3023207,23.75071336779156
3023208,1613.0392252369554
3023209,1.7621425502441084
3023210,0.2000818248506685
3023211,9.35511796276582
3023212,4.9250377721722405
3023213,0.0
3023214,86.78903617556958
3023215,9.576772308650416e-05
3023216,0.12413700638282324
3023217,0.7626466643659028
3023218,11.666250091468882
3023219,0.33220046978563733
3023220,85.43895125887494
3023221,97.63820260809283
3023222,0.46120902415823517
3023223,1.6602592208633684
3023224,59.461601042870925
3023225,17.553526996651218
3023226,227.256248779504
3023227,0.07437752983511464
3023228,0.34293168158559345
3023229,3.213690460803956
3023230,0.0
3023231,0.872092648844483
3023232,2476.4844351804177
3023233,0.0009894060606136052
3023234,391.26027884451935
3023235,5.072076811442137
3023236,877.3663669299922
3023237,561.6855708190324
3023238,198.78902320500163
3023239,176.9593557840074
3023240,63.90993669167615
3023241,3512.8517787241435
3023242,5.387751270806328
3023243,0.4536529388858315
3023244,17.829303836037035
3023245,14.249645727621184
3023246,0.13814360932020528
3023247,220.85159499777419
3023248,0.241481788094526
3023249,6.793259695780916
3023250,1.8514989653343885
3023251,42.063818462235645
3023252,1.2916227580865816
3023253,158.03417528128514
3023254,217.5445384159818
3023255,2.4311193629765855
3023256,3.7382218871794555
3023257,129.43968806791975
3023258,54.103669629858985
3023259,913.7716257254814
3023260,0.6476198158040392
3023261,1.0726567536593603
3023262,3.4317979528105123
3023263,0.13585925231863388
3023264,4.923662478764512
3023265,2768.318365564933
3023266,0.14220107982590174
3023267,597.9825001866636
3023268,10.216319696549151
3023269,931.9608329534997
3023270,965.8214254033809
3023271,182.48366537660797
3023272,152.2040382656206
3023273,136.17630593595888
3023274,3435.314349732719
3023275,30.903264868198384
3023276,1.1529820371841915
3023277,21.286247436286267
3023278,26.431704124078056
3023279,0.3646539339066549
3023280,245.41845716866834
3023281,17.38629981291449
3023282,17.98020764046927
3023283,5.959036123021939
3023284,79.45152644014736
3023285,10.002726734037555
3023286,241.33152957469878
3023287,240.82900136119977
3023288,11.848795117832292
3023289,10.971594131482743
3023290,261.1510276679567
3023291,109.67840987344813
3023292,2360.3537234062574
3023293,0.6808337450521985
3023294,13.68976561647192
3023295,4.775670676193418
3023296,0.039720072549793456
3023297,5.225158015318037
3023298,2253.531433128147
3023299,0.0308053256973743
3023300,499.27309877514
3023301,10.556618077548379
3023302,1013.5811904197901
3023303,828.3116772928973
3023304,194.05534495425428
3023305,106.50205092797162
3023306,107.87504164836838
3023307,3179.884997605597
3023308,18.14866270488245
3023309,0.9896969311614365
3023310,18.65162072194647
3023311,27.87999136500988
3023312,0.22677940148588122
3023313,248.64167037830842
3023314,16.197875878119564
3023315,8.850639286951484
3023316,6.242265913617394
3023317,53.588377541222414
3023318,7.239355823182692
3023319,157.02008617626242
3023320,251.61858843100558
3023321,7.79966158591943
3023322,9.58770974736441
3023323,134.01355728946064
3023324,85.34500789822039
3023325,1270.875007136092
3023326,0.469676766327369
3023327,15.638098672367049
3023328,6.54293397294648
3023329,0.2371886641505461
3023330,4.690158029636452
3023331,3082.569202130481
3023332,0.13189591892480945
3023333,513.0910091643573
3023334,8.920700272371183
3023335,1114.2997795167933
3023336,710.1232023463914
3023337,233.92692379782798
3023338,450.18765269041273
3023339,73.44970432722761
3023340,4343.758468475131
3023341,18.478296016258525
3023342,1.1650259422493785
3023343,20.963017623630243
3023344,20.345719752562452
3023345,0.3691131915707957
3023346,309.9206964849787
3023347,6.043733689825507
3023348,10.628973416017452
3023349,6.095572964175403
3023350,39.81208623521424
3023351,3.3928896436289615
3023352,165.07002254036166
3023353,279.91987831887946
3023354,5.298221133444768
3023355,8.555447206799608
3023356,166.4588538195776
3023357,75.22411190948013
3023358,1185.610527610088
3023359,28.77158440176456
3023360,9.063155781418926
3023361,3.078073853401939
3023362,0.03296502747398453
3023363,4.610739995650682
3023364,2389.601530349649
3023365,0.031952404893798046
3023366,462.3791932474554
3023367,7.856353206863481
3023368,736.8792301106096
3023369,762.1123837440962
3023370,226.36964351051836
3023371,147.13783477311486
3023372,87.87740250944692
3023373,3229.948201011817
3023374,12.563680759639363
3023375,0.8016657693301769
3023376,11.953626454668928
3023377,12.647310524399732
3023378,0.20921207366797884
3023379,164.83199946315028
3023380,15.560966306299099
3023381,9.188108402047593
3023382,2.427247203766465
3023383,36.90101941189107
3023384,6.118256768092599
3023385,306.7817602054963
3023386,233.86394202924595
3023387,7.902037812011999
3023388,8.416964947242983
3023389,341.7482013842433
3023390,76.88142513388674
3023391,1641.3158613106455
3023392,0.46010010212602215
3023393,20.21665628330414
3023394,3.758267201777689
3023395,0.19956639945600235
3023396,2.0157539944378406
3023397,4018.5886022746404
3023398,0.12209834191685247
3023399,360.4163599135992
3023400,6.78883966967173
3023401,1374.4344593116887
3023402,563.1878004286385
3023403,266.2591896563112
3023404,196.35212137645746
3023405,58.27471833406865
3023406,4966.286842747914
3023407,7.931034806850529
3023408,0.6179209922650633
3023409,21.084940992769745
3023410,15.584826261735532
3023411,0.2022201909008493
3023412,322.70142048796777
3023413,0.7345387415505421
3023414,0.6363177030361042
3023415,4.612661518962989
3023416,30.91639510031495
3023417,1.261024805576957
3023418,130.87044745017147
3023419,282.1517717958969
3023420,1.5660073244908035
3023421,5.117642309043646
3023422,143.11951714406413
3023423,56.78626014807449
3023424,1007.5104783282055
3023425,0.3533722656349305
3023426,2.884510961681319
3023427,3.9578275156115894
3023428,0.09306726021818296
3023429,5.663977878542058
3023430,2186.1115550663385
3023431,0.10906099725508717
3023432,466.3941682617726
3023433,10.042577077468575
3023434,937.4949566283366
3023435,644.5950427135634
3023436,221.23132043646666
3023437,110.56544826695867
3023438,101.44948403128163
3023439,3134.0483663998107
3023440,19.286116015486193
3023441,0.8209604553977576
3023442,18.523146781522623
3023443,28.46653838689739
3023444,0.25345733483376576
3023445,181.3264588168473
3023446,9.831501021792945
3023447,12.012144700172124
3023448,4.870928538005465
3023449,50.13305727175012
3023450,8.188272846926612
3023451,162.09230430643908
3023452,252.74425759854276
3023453,9.232052949221504
3023454,11.553547733772383
3023455,160.1829041283022
3023456,61.632453021991346
3023457,1415.0106636119622
3023458,0.6827081894769854
3023459,7.241356466203455
3023460,4.572468573512581
3023461,0.22488665809467318
3023462,3.2422896812099946
3023463,2502.092606386752
3023464,0.2209470793022815
3023465,513.6009099913421
3023466,6.583806125819484
3023467,791.4811213145683
3023468,721.9790604780026
3023469,206.39169855826083
3023470,119.24471849537007
3023471,106.28864890190012
3023472,3142.675233775038
3023473,24.71028997740706
3023474,1.0855388893073687
3023475,18.280952461580206
3023476,21.43252906506667
3023477,0.4834088858520847
3023478,205.57125159783067
3023479,6.778995577943335
3023480,15.327686827682902
3023481,9.794815421063879
3023482,66.51906616888078
3023483,4.837183218128942
3023484,188.65492656617045
3023485,243.4383430002427
3023486,7.104585661727539
3023487,4.8915283110031105
3023488,235.22812434527646
3023489,82.84518502426127
3023490,2157.346229261912
3023491,0.9945421635267921
3023492,12.62582417074573
3023493,4.282101591935591
3023494,0.1045704438849166
3023495,0.7125311710154348
3023496,3530.9239026229707
3023497,0.07670983195794903
3023498,335.0892440659927
3023499,5.202031298146009
3023500,1085.2160247414988
3023501,528.7454360274807
3023502,275.9720474641073
3023503,212.2343091727723
3023504,48.24866019238372
3023505,4151.388827063794
3023506,3.8130200799262584
3023507,0.6216640687428077
3023508,11.784580859819501
3023509,11.31233648481297
3023510,0.17898680613165063
3023511,240.33263469600467
3023512,0.20693040400770393
3023513,1.9809313299629527
3023514,1.9460304566623632
3023515,35.86107351909611
3023516,1.6054899051517604
3023517,149.50445946614312
3023518,264.9606348629509
3023519,1.735986920055209
3023520,3.699982100138408
3023521,144.1361377603602
3023522,48.95990021911864
3023523,983.9784442308631
3023524,0.7208239407207115
3023525,0.9736677895201653
3023526,15.17571768014647
3023527,0.6735716378301887
3023528,13.39767940572626
3023529,7904.019522135792
3023530,0.7331504835949372
3023531,1567.1118976465855
3023532,30.56767261791562
3023533,2131.845007321358
3023534,2330.6776189831494
3023535,573.5046006738025
3023536,573.3145204814325
3023537,404.0443920678474
3023538,7638.983512057034
3023539,72.41127312407221
3023540,2.631003047582673
3023541,70.8663589760369
3023542,90.02469524791678
3023543,1.2186914671467488
3023544,493.71113852974753
3023545,48.02540442346144
3023546,24.11051285996613
3023547,22.873843196632883
3023548,193.59282378783303
3023549,20.41554599314912
3023550,883.2889858924709
3023551,564.4821462940367
3023552,28.299730725554095
3023553,33.485613425399215
3023554,1123.746120768163
3023555,386.0815536950397
3023556,5668.359332775381
3023557,96.83491970921975
3023558,87.07192037747652
3023559,10.074666846974027
3023560,0.295861224191981
3023561,10.297334930750111
3023562,7119.333326514197
3023563,0.3874466745870048
3023564,1251.9562325925433
3023565,25.77256096742915
3023566,2370.095833168718
3023567,1946.3577265502765
3023568,567.4753846772038
3023569,349.478440503182
3023570,318.036539225128
3023571,7720.855284289884
3023572,60.94557824101849
3023573,1.271744647135097
3023574,50.46791126653336
3023575,71.65248771982247
3023576,0.8297964384920686
3023577,467.8036140209347
3023578,33.631643054379715
3023579,23.59148280467842
3023580,9.893433608892584
3023581,140.92400321803675
3023582,14.524508924802115
3023583,889.308045710737
3023584,592.1686831663136
3023585,23.587996367890433
3023586,24.148902256276436
3023587,948.5142661808551
3023588,286.74360113648504
3023589,4700.928213128122
3023590,81.95735999465136
3023591,67.50949195865063
3023592,9.66960586565234
3023593,0.210326663207435
3023594,11.669312716827825
3023595,4910.167846476779
3023596,0.26982631660702483
3023597,919.6441570209306
3023598,17.45116179148045
3023599,1905.3119949785628
3023600,1323.905289665901
3023601,573.0218442426367
3023602,165.7954179448867
3023603,169.76797502486528
3023604,6402.482506990453
3023605,34.44976594228917
3023606,1.1271411728196314
3023607,28.55545888692619
3023608,42.678636123117805
3023609,0.6417856452855402
3023610,399.44282425967947
3023611,36.948593761939435
3023612,13.057268096482785
3023613,9.309462700236367
3023614,73.62315013302488
3023615,9.97283006812313
3023616,779.2270500491433
3023617,563.510604793605
3023618,18.16081795212154
3023619,23.815233060358654
3023620,680.7807637479302
3023621,135.0467800469271
3023622,1661.3675057906921
3023623,81.560228454919
3023624,34.1668375185138
3023625,10.618612599782704
3023626,0.2857544747990008
3023627,12.676187902633547
3023628,6885.002741484455
3023629,0.3673275457098204
3023630,1255.1561617657255
3023631,23.269647215431924
3023632,2083.927410638582
3023633,1918.5163384187458
3023634,596.9096536712191
3023635,316.4937324772145
3023636,266.79543202029663
3023637,7563.071809779372
3023638,53.91651375548512
3023639,1.464884717449701
3023640,45.48764122119971
3023641,64.88470136451616
3023642,0.8311401799219655
3023643,462.1295217763705
3023644,33.51449261054923
3023645,22.214566858825968
3023646,9.786116409453218
3023647,100.99458197112115
3023648,12.959905122057119
3023649,774.6644698586604
3023650,610.767704367463
3023651,22.62050994541321
3023652,23.681884294137255
3023653,911.8559363959167
3023654,233.18910242003565
3023655,3536.1037353063894
3023656,80.68077294081058
3023657,64.69705651909217
3023658,7.335047347241356
3023659,0.006058378978900639
3023660,8.80552632716237
3023661,4125.050850895508
3023662,0.054007950278842295
3023663,822.6813996920439
3023664,15.58326189928441
3023665,1870.1129768504782
3023666,1097.8698940351937
3023667,518.086908712426
3023668,117.33584737989347
3023669,121.49911859455555
3023670,5760.524039589664
3023671,28.262477983793904
3023672,0.8083923449321015
3023673,24.951359482343847
3023674,28.297655245698486
3023675,0.32440926443193674
3023676,371.4596842480431
3023677,30.63156105513332
3023678,7.032793916915703
3023679,8.723606311914796
3023680,71.5190123019347
3023681,6.126157281708863
3023682,642.515738311125
3023683,515.1003848308213
3023684,12.985564174716997
3023685,20.628106509337098
3023686,497.65650899540714
3023687,98.15721665054974
3023688,1537.5395555418731
3023689,80.58597538052359
3023690,24.116197915548724
3023691,9.219311797411157
3023692,0.22557540381667618
3023693,9.337628417349674
3023694,6916.016901527584
3023695,0.3082125095802763
3023696,1255.7485879411302
3023697,25.99657614043618
3023698,1711.9837672163874
3023699,2003.9102535096265
3023700,433.54951764806475
3023701,387.28259986466327
3023702,307.348646500712
3023703,6805.197712213681
3023704,54.59656494568081
3023705,1.3677180404642337
3023706,43.36891455919617
3023707,58.02419153764388
3023708,0.7123233061570042
3023709,387.3845186346076
3023710,28.899453781403352
3023711,26.83642265857174
3023712,11.318513503541674
3023713,159.8419904617104
3023714,15.254552041522187
3023715,656.0475787728838
3023716,468.1034114719431
3023717,22.504141663433987
3023718,25.3908635996314
3023719,781.9642488127837
3023720,267.5790034825114
3023721,5607.062781126228
3023722,69.28108234323429
3023723,71.90167400351142
3023724,4.600409072109772
3023725,0.18067640263282372
3023726,5.449841505726735
3023727,1907.929187832044
3023728,0.15726217389679364
3023729,339.39971140879925
3023730,13.028186852612944
3023731,796.1570387927101
3023732,495.21277412165995
3023733,219.29542232620668
3023734,111.21347537285953
3023735,92.41870562817066
3023736,2799.0667356516296
3023737,15.937136699668038
3023738,0.9482041412374906
3023739,20.826897889983037
3023740,21.326093757678002
3023741,0.36214731248471677
3023742,188.72412861390626
3023743,10.382733610241239
3023744,4.557993202482143
3023745,8.414657052203776
3023746,41.66981403611037
3023747,5.6558054831002496
3023748,245.39345978472994
3023749,227.4930516329508
3023750,4.611481891659035
3023751,9.476128941929408
3023752,222.60859326308707
3023753,71.31978083882103
3023754,996.9614799845759
3023755,0.5484828634448382
3023756,12.989406596383128
3023757,7.440115024975852
3023758,0.12853720745798908
3023759,8.185695754481992
3023760,4027.2523314291557
3023761,0.13347468909737362
3023762,679.369855991247
3023763,18.559926363845378
3023764,1415.0166323667274
3023765,1043.1511586774154
3023766,419.2473964972408
3023767,105.55800559349062
3023768,119.74005803234579
3023769,5143.781678351627
3023770,33.031598002736224
3023771,0.9778664189926352
3023772,36.405953203509895
3023773,33.7889288920027
3023774,0.34726444391600947
3023775,294.89863677594235
3023776,31.26987166797393
3023777,6.472795063838107
3023778,3.9394978475685583
3023779,62.66148423954668
3023780,7.850998954918538
3023781,460.2040435769089
3023782,455.42770507485614
3023783,11.729170599253433
3023784,16.320708358165216
3023785,383.7582069542745
3023786,103.71382592215322
3023787,1638.9715157132744
3023788,74.34974516239886
3023789,21.07663579638465
3023790,6.492463504532193
3023791,0.1402016589123341
3023792,4.192336847220934
3023793,4762.500871636454
3023794,0.2219171563746048
3023795,896.6064873189068
3023796,13.534645689652741
3023797,1174.4789730211724
3023798,1394.5181360869856
3023799,252.04366717562723
3023800,266.4482995783826
3023801,196.88364697366333
3023802,5038.526377907453
3023803,20.133773478226964
3023804,1.164702281831139
3023805,22.719587450709763
3023806,32.2312170885904
3023807,0.5912289270335445
3023808,150.13325224604125
3023809,4.0795147761036965
3023810,19.451234819847777
3023811,4.133994387136595
3023812,129.1479632504905
3023813,10.385938520878323
3023814,576.6166892475871
3023815,298.91307860487785
3023816,14.659490738598619
3023817,13.849655489479465
3023818,631.2805149970576
3023819,145.82028196453766
3023820,4171.804042475606
3023821,1.7237846582171181
3023822,33.896230676766045
3023823,6.923577660145598
3023824,0.7877682203135142
3023825,5.4967703141758975
3023826,3498.3049963822928
3023827,0.820834315301077
3023828,792.1527008804095
3023829,13.534835856111233
3023830,1068.7561829633494
3023831,962.9798677912754
3023832,364.1192488575221
3023833,187.1623451302239
3023834,158.91672313294575
3023835,4571.566231321535
3023836,10.803135239349157
3023837,1.9381598184473998
3023838,24.089552002417616
3023839,30.462469568275047
3023840,1.1995545095922937
3023841,190.60270428897888
3023842,4.7969161458656195
3023843,6.6930348715877255
3023844,5.748393805333933
3023845,177.27503408831387
3023846,4.506985849238168
3023847,321.9479601176213
3023848,424.2472437794196
3023849,5.54017371397725
3023850,8.029099485426912
3023851,299.1944867630241
3023852,134.91743696814402
3023853,1926.0655617211648
3023854,1.8405864911092058
3023855,13.30374039964501
3023856,5.383790292890609
3023857,0.10184207561654689
3023858,4.766554930899703
3023859,2088.6494183636246
3023860,0.0829269181992034
3023861,429.5793053861295
3023862,8.681716559589443
3023863,796.8054130431078
3023864,570.0888651292561
3023865,210.69686309661893
3023866,105.14029059353936
3023867,94.90522484772534
3023868,2784.935376050171
3023869,15.238106957996942
3023870,0.93488986321545
3023871,18.020325663936113
3023872,24.22523156976972
3023873,0.2529754260357978
3023874,225.2591092869532
3023875,3.7987264238871608
3023876,4.369934108665962
3023877,3.8182795416105746
3023878,53.091787737783534
3023879,4.483962469048797
3023880,184.13559554477473
3023881,217.3480935099473
3023882,5.509183849851641
3023883,7.302415286044864
3023884,190.32855305322732
3023885,72.44117281801327
3023886,1951.754021278893
3023887,0.7855779282644086
3023888,5.8702397030019435
3023889,3.7029519496410064
3023890,0.04666319479860372
3023891,0.46406969070646503
3023892,1865.373345465443
3023893,0.0
3023894,188.01912474776066
3023895,3.2708881783286534
3023896,851.153888478681
3023897,262.65354232837893
3023898,171.74181147146865
3023899,91.2528488415868
3023900,24.967430606762445
3023901,2978.4722573624085
3023902,4.558021058053608
3023903,0.4097640101194333
3023904,10.912786209196412
3023905,9.180799894531045
3023906,0.07090516691488281
3023907,194.6187141783755
3023908,0.27501741910934036
3023909,0.24723522302550877
3023910,1.9377305837907288
3023911,15.817908021039933
3023912,0.6330325498000657
3023913,61.215132939634714
3023914,164.54716159151897
3023915,0.5053506159586229
3023916,2.5707074032116433
3023917,51.4814853203528
3023918,34.275473442571325
3023919,424.12420946681175
3023920,0.24335485674365537
3023921,0.9453193528487623
3023922,4.570011763462812
3023923,0.03359311181976726
3023924,5.912589789004499
3023925,3647.981396775722
3023926,0.06128382714583125
3023927,615.1413979348133
3023928,12.663798867141836
3023929,1116.240641152211
3023930,1048.7613963581541
3023931,311.0032281384558
3023932,176.85066873689516
3023933,129.86889608082672
3023934,4330.233790547075
3023935,27.10597401515591
3023936,0.8009825156344509
3023937,24.827140906930854
3023938,42.089074036544
3023939,0.2584698958009018
3023940,219.3521451625066
3023941,19.087023668107687
3023942,8.572498372409113
3023943,9.008986051138498
3023944,63.965336697946974
3023945,6.280594386147854
3023946,434.94362269475937
3023947,314.7340653372599
3023948,8.198514167373904
3023949,11.322574105373395
3023950,493.29741320682814
3023951,107.84177702568329
3023952,1984.7974128812705
3023953,0.362070144639475
3023954,34.36676696658926
3023955,4.13313583962494
3023956,0.17173538443170117
3023957,3.8082346233676736
3023958,4332.585447923603
3023959,0.2308526850864039
3023960,802.3300135776902
3023961,14.48617332376482
3023962,1018.1047576129911
3023963,1293.6438247222072
3023964,233.11012808338552
3023965,281.3830387481581
3023966,204.25780676192514
3023967,4340.419791828394
3023968,29.550965555309
3023969,1.3572049153837926
3023970,22.52979662295424
3023971,27.245720181867362
3023972,0.5095221493257159
3023973,224.49911018909137
3023974,11.587617216341862
3023975,26.725900880038267
3023976,6.135193351523128
3023977,125.05936798577461
3023978,10.799392420198728
3023979,495.71592521716786
3023980,275.07163284753767
3023981,11.565349764594117
3023982,14.91157789819847
3023983,556.1157580985478
3023984,173.3872715703098
3023985,4137.414381880822
3023986,0.6893076432778782
3023987,49.33456277193595
3023988,5.306907007380059
3023989,0.33006906741840747
3023990,8.311039672288674
3023991,4443.866006115353
3023992,0.34727750301226745
3023993,810.1205673347181
3023994,18.795403978536665
3023995,1168.1348690062275
3023996,1356.0897123032883
3023997,296.4783800406323
3023998,280.562608911818
3023999,173.28789252274504
3024000,4510.119523637087
3024001,35.5503239373339
3024002,1.7035545734122333
3024003,32.19113330383271
3024004,43.2705348726596
3024005,0.6959281964185731
3024006,291.59670613162484
3024007,27.989004602849125
3024008,23.515178762814926
3024009,15.445162934044214
3024010,99.55610927070694
3024011,13.778914379665345
3024012,441.284945966732
3024013,313.308445859465
3024014,15.285845582639672
3024015,17.81882185920014
3024016,532.38176879701
3024017,170.809482050751
3024018,3658.1984841356048
3024019,0.94911051084535
3024020,48.82071613282027
3024021,8.112391953883394
3024022,0.27574052217410405
3024023,5.7337528461812655
3024024,3455.064366225627
3024025,0.13063610346657561
3024026,512.7163525638831
3024027,11.189455181029821
3024028,1546.0918129142178
3024029,796.1981756082043
3024030,474.3000745761073
3024031,251.36809396340723
3024032,71.63247032734782
3024033,5402.414502650672
3024034,9.843193133666547
3024035,1.1391132801195636
3024036,22.382857621753143
3024037,21.220440612271364
3024038,0.38748367768137476
3024039,383.8205811308431
3024040,10.884806394676566
3024041,3.8115038991693226
3024042,8.479678343670365
3024043,27.07433083396226
3024044,3.428770775712034
3024045,371.6912132084844
3024046,392.43446039014543
3024047,4.998405700981767
3024048,10.773856183783735
3024049,361.3721501707596
3024050,74.1322178687985
3024051,1010.6190562811524
3024052,52.61063599213797
3024053,12.312027686747046
3024054,3.2341730403321076
3024055,0.14914135311502139
3024056,4.186212586659694
3024057,2230.315534534713
3024058,0.16532501963113314
3024059,371.7045401063383
3024060,10.874548346277624
3024061,676.5312634924217
3024062,681.9390686632222
3024063,142.84549377103855
3024064,141.8804299398735
3024065,109.37639807118427
3024066,2628.7243898874226
3024067,19.951533837362916
3024068,1.0758419665449621
3024069,15.633972478442594
3024070,23.6998807716031
3024071,0.33086248145222263
3024072,165.73278266116787
3024073,11.892965127915534
3024074,11.055579314367687
3024075,4.929043429587676
3024076,83.33645938141855
3024077,6.901665770380694
3024078,246.4782818080052
3024079,134.78193276298734
3024080,6.767801939115483
3024081,10.41188907470175
3024082,258.23843537252856
3024083,90.01268779293255
3024084,1687.5747203758842
3024085,0.45722491300601253
3024086,19.438678056436807
3024087,2.0875486703607877
3024088,0.0
3024089,0.5357800476548517
3024090,1034.1505025853492
3024091,0.0
3024092,103.65787352145608
3024093,2.5593044357946457
3024094,624.8930507481248
3024095,219.06964433153217
3024096,159.1960237839303
3024097,38.566324229572395
3024098,21.9451513453893
3024099,2076.3643320252736
3024100,1.8926820328157254
3024101,0.2726875081749927
3024102,5.65685792828928
3024103,5.687300327607704
3024104,0.0
3024105,129.2293671801972
3024106,1.381635782278762
3024107,0.15831430537929123
3024108,1.3003477296567396
3024109,7.902833359578328
3024110,0.533936753426593
3024111,120.71844561320536
3024112,144.88347011887808
3024113,0.642315395735019
3024114,2.361988810430715
3024115,100.9237268965653
3024116,17.195379061610936
3024117,373.69128206206244
3024118,9.930278582263753
3024119,1.7790008353611966
3024120,5.92457496452516
3024121,0.21710164289952227
3024122,4.361590179502667
3024123,3832.2508574616327
3024124,0.12842914564152932
3024125,469.61365833855695
3024126,11.036408056744138
3024127,1615.383309673552
3024128,707.0161503705233
3024129,434.1680460018659
3024130,104.22732733831927
3024131,74.29586337660817
3024132,5699.191706672777
3024133,13.168379208953406
3024134,0.8229841040901124
3024135,20.037091222840857
3024136,18.704893270964373
3024137,0.4038901708578153
3024138,311.76390447427775
3024139,7.840656512825118
3024140,2.136616402476756
3024141,5.9880646047540464
3024142,32.36920664827564
3024143,2.236307126665321
3024144,448.0192196903999
3024145,388.93881403916345
3024146,2.3514985830062223
3024147,9.940965343855197
3024148,369.21795049188484
3024149,54.50198098179662
3024150,1978.4527555288578
3024151,43.5881882753209
3024152,7.4602931468040845
3024153,3.8198986745322836
3024154,0.11957460591344587
3024155,0.7043188100742735
3024156,1604.1486412450017
3024157,0.08306612259934364
3024158,169.0054218183883
3024159,5.757999599314683
3024160,737.9783322298233
3024161,343.0778211443077
3024162,183.65800548512794
3024163,60.96580911264345
3024164,39.08682580252947
3024165,2658.568977082756
3024166,4.2266560466955
3024167,0.5474444279509987
3024168,9.079619180482611
3024169,14.024740440115446
3024170,0.16734505118276202
3024171,162.5128050742196
3024172,1.1174899411058092
3024173,0.4512231131146022
3024174,7.581135630953595
3024175,16.214377063971423
3024176,1.1650963403786299
3024177,117.55213565371037
3024178,178.2225369157916
3024179,1.119606249493414
3024180,4.081564882650186
3024181,120.34155453316794
3024182,26.278219396814578
3024183,643.7021397079279
3024184,13.122885824358875
3024185,2.357684668804888
3024186,3.4312624357639194
3024187,0.0
3024188,0.5979097763393595
3024189,1319.936031638759
3024190,0.0
3024191,115.32826290478418
3024192,3.6540481793007937
3024193,677.5835635186238
3024194,235.90054956404788
3024195,130.05868641400207
3024196,44.66792951034077
3024197,27.709583284727145
3024198,2291.6044882288243
3024199,3.9253726472564696
3024200,0.28561759026149935
3024201,7.8071349427171235
3024202,8.188049299901387
3024203,0.02192040451713273
3024204,142.659174250716
3024205,1.9233789726499915
3024206,0.20098909564309808
3024207,1.8155645030057568
3024208,13.616149374647392
3024209,0.6813838040411004
3024210,111.43328366627041
3024211,149.4307828098647
3024212,0.6106304907232404
3024213,2.834835076053744
3024214,87.68550224850104
3024215,23.873317379223938
3024216,358.5074842585319
3024217,8.487401586480203
3024218,1.5934128279956723
3024219,2.7923321687091285
3024220,0.0
3024221,1.578807358143857
3024222,1435.8301621148757
3024223,0.0
3024224,170.30910750266145
3024225,4.402472360020841
3024226,906.1969971692096
3024227,353.7056031061067
3024228,228.5020120134753
3024229,45.089433157141684
3024230,32.679411981702756
3024231,2985.5665392488436
3024232,3.922119594284278
3024233,0.25811553258780984
3024234,10.373710729571835
3024235,11.936681919022456
3024236,0.012943148391564324
3024237,204.3593775544011
3024238,0.6935470072517511
3024239,0.2520796718324082
3024240,2.127184016451773
3024241,13.363268483343058
3024242,0.9740953990600343
3024243,166.4180503280195
3024244,220.66061031626845
3024245,0.8139915175922379
3024246,3.38684292907246
3024247,72.22968338238871
3024248,40.6781867593359
3024249,630.2005583839352
3024250,0.152946175647711
3024251,2.659707115181969
3024252,2.5479607318077426
3024253,0.337249975939514
3024254,1.162474058527511
3024255,1694.6410019656687
3024256,0.1291858678400908
3024257,164.74732278500284
3024258,4.268288220157764
3024259,827.0498300452227
3024260,323.53531998365406
3024261,254.7570662518696
3024262,73.1121142802255
3024263,44.47254217806611
3024264,3063.4789733925436
3024265,5.423633058631621
3024266,0.7806578869748809
3024267,17.584767147832377
3024268,16.720399233760574
3024269,0.20724511886213612
3024270,211.6549549153355
3024271,5.3251838844661865
3024272,0.6159299598584353
3024273,3.0266206831596003
3024274,16.823052327245758
3024275,1.5200386441267821
3024276,125.5917822689661
3024277,205.86266336959764
3024278,1.1855241525014502
3024279,3.9220966538154842
3024280,121.0978726073263
3024281,32.46389131948823
3024282,957.1352231122195
3024283,6.955971209923603
3024284,4.035826437559498
3024285,2.9973060431399605
3024286,0.0
3024287,0.3153054853228708
3024288,1245.7943186967877
3024289,0.0
3024290,126.16872101625017
3024291,3.1423193327957883
3024292,634.8902965252198
3024293,206.41736026123667
3024294,146.52372808041412
3024295,96.6060194652092
3024296,27.61715020408939
3024297,2077.3488236952776
3024298,2.7655982461222814
3024299,0.2776338836400561
3024300,8.706253525996475
3024301,7.108396805960795
3024302,0.0
3024303,144.5908851279273
3024304,0.04328024513329841
3024305,0.1832780752360418
3024306,1.5588969236817944
3024307,19.740624639122863
3024308,0.6315899596713039
3024309,67.66636130218218
3024310,140.38032902577396
3024311,0.5663902525066424
3024312,2.327004604321157
3024313,66.44413829458063
3024314,29.958983174770296
3024315,709.4768129666569
3024316,0.1061213283038786
3024317,1.1183126359373192
3024318,5.087559470717344
3024319,0.18966298834086132
3024320,2.5708447507623404
3024321,2861.14377491461
3024322,0.08713682373286889
3024323,327.02349253099175
3024324,7.352393728284088
3024325,1118.235708632019
3024326,615.8010764456085
3024327,353.2010135099991
3024328,138.79352330398658
3024329,79.02639053465734
3024330,4318.3504012446165
3024331,6.679385281304573
3024332,0.5768359558939026
3024333,18.769856467180706
3024334,22.944945502425433
3024335,0.180593539252104
3024336,288.5058721890415
3024337,1.5931026601776488
3024338,0.5063915035054173
3024339,7.9828481067519315
3024340,22.754004025290342
3024341,1.4393046875692144
3024342,239.1627639102353
3024343,279.56160403296184
3024344,1.572861445861857
3024345,5.792929751149444
3024346,266.11442790683486
3024347,67.40160323430969
3024348,1855.674708367815
3024349,20.71976995290992
3024350,9.344246090561617
3024351,1.0483140003596962
3024352,0.0
3024353,3.63250403547874
3024354,2129.8585781018533
3024355,0.0
3024356,264.1957186482408
3024357,1.8524952229871545
3024358,700.0173798644009
3024359,510.4021193018708
3024360,165.10959274523043
3024361,131.15246305906163
3024362,8.522529818735503
3024363,2714.9081356867846
3024364,3.5772879206995665
3024365,0.0
3024366,4.968850938299639
3024367,15.32871671940917
3024368,0.0
3024369,134.78206074596142
3024370,2.6194127227436024
3024371,7.029136850909969
3024372,5.3608138850185085
3024373,34.5171099846014
3024374,0.6360150796043713
3024375,25.006632883519007
3024376,160.26895506611822
3024377,1.1028636252675563
3024378,2.319548339981105
3024379,122.26564147542258
3024380,10.46457541341031
3024381,1186.559147370721
3024382,32.80934244495674
3024383,1.9797077991987928
3024384,4.303259335534841
3024385,0.07144884506536824
3024386,2.3523579714642033
3024387,2044.6046818096704
3024388,0.000281256823172339
3024389,150.14997079280843
3024390,5.01325673932984
3024391,767.1834205539113
3024392,286.94165652049975
3024393,217.79791285602136
3024394,51.52585641017051
3024395,38.47889520530058
3024396,3276.6894535361334
3024397,5.510843592093346
3024398,0.6016281912273032
3024399,13.579823535803428
3024400,10.175881468752527
3024401,0.0981379715691723
3024402,162.28123353530842
3024403,4.366781114365628
3024404,0.42566873844481756
3024405,2.8022798409685743
3024406,15.395585158825842
3024407,1.327819399994342
3024408,113.89226970451111
3024409,168.0210302355252
3024410,1.0280776124182938
3024411,4.02484385237536
3024412,94.10352839341878
3024413,30.1133436026049
3024414,622.3550569570906
3024415,11.270401287285868
3024416,3.686837431379973
3024417,4.212751128364077
3024418,0.1145871673028005
3024419,3.699921429911174
3024420,2787.268181086152
3024421,0.09808800097718354
3024422,613.3583405531363
3024423,13.490452189358654
3024424,839.0881334693672
3024425,899.8611470463051
3024426,250.1832716922821
3024427,161.32607259540808
3024428,112.96383414202455
3024429,3649.130471118958
3024430,21.48928244439619
3024431,1.0059440509334676
3024432,16.0671777876264
3024433,23.80949683540183
3024434,0.35518281785416095
3024435,187.77218963312197
3024436,19.185486999395543
3024437,9.449270424022586
3024438,5.421364476450717
3024439,44.87204328306498
3024440,7.2079303630262626
3024441,323.89258972833204
3024442,267.6981597384411
3024443,8.324751082228657
3024444,9.824968978081811
3024445,398.35688005228013
3024446,102.18048444030396
3024447,1787.3807354306962
3024448,0.4835448031177882
3024449,28.48577501898341
3024450,6.002887291872816
3024451,0.13306331762000911
3024452,3.3216516893173713
3024453,2531.152483564893
3024454,0.08933258938775664
3024455,327.7040187093784
3024456,8.173104483179348
3024457,941.1452592921966
3024458,620.5749504163663
3024459,383.05440730436885
3024460,83.30035365698703
3024461,56.777826571561334
3024462,3883.2305108772725
3024463,10.113793075546841
3024464,0.9155473114314521
3024465,18.25418447868282
3024466,18.216166062925698
3024467,0.3663399634064488
3024468,308.5046623384293
3024469,5.546515004045926
3024470,7.784383046254753
3024471,4.815874418539975
3024472,25.92438395448174
3024473,2.219103849771777
3024474,239.66496248739372
3024475,333.438223471196
3024476,4.57148702086338
3024477,8.369550345067157
3024478,226.45384619989423
3024479,52.79167633737281
3024480,2832.608529951085
3024481,34.219428603879216
3024482,9.055762871800411
3024483,6.844853151315986
3024484,0.2600316918210479
3024485,2.622996621017993
3024486,2314.8536461216836
3024487,0.13620837750600484
3024488,344.7555069868034
3024489,5.020440569419729
3024490,974.5059077887448
3024491,462.58564705030255
3024492,261.3433958488684
3024493,130.1830908867786
3024494,57.78185310062785
3024495,3582.175044706286
3024496,11.99717224334294
3024497,0.9670238372663348
3024498,22.336578615723898
3024499,24.764734115159275
3024500,0.38332458886696436
3024501,286.4956254304997
3024502,1.9321619628922322
3024503,4.109028819116148
3024504,5.835998853453261
3024505,39.19188957150759
3024506,1.4633063368094805
3024507,145.7636010104828
3024508,241.5379711878359
3024509,2.481799849946973
3024510,3.3619868889418862
3024511,152.6788553733609
3024512,65.00321531955501
3024513,2102.384678592229
3024514,0.8451944211903994
3024515,6.560582119384745
3024516,3.581831716885749
3024517,0.045513012621047275
3024518,1.7704011848486836
3024519,1176.2050174904662
3024520,0.048387841307843314
3024521,138.87200559338282
3024522,5.288360832376181
3024523,559.3115480171195
3024524,247.08292046525085
3024525,133.44802330849345
3024526,57.54201594105309
3024527,43.09268483741044
3024528,1849.1469597114512
3024529,5.6648422000930445
3024530,0.6963902235659518
3024531,18.56427478889037
3024532,15.1629098295626
3024533,0.25489971764854563
3024534,166.6443832079811
3024535,1.0512048180420808
3024536,0.8360138969542985
3024537,4.0806695121922685
3024538,30.502047460580314
3024539,1.2466945049439238
3024540,85.00185304230811
3024541,136.2359260412233
3024542,1.3556216867627207
3024543,2.7750043040824175
3024544,99.77525864357719
3024545,32.10632149328286
3024546,424.71797891066086
3024547,19.07960417736041
3024548,3.4450641596063942
3024549,2.2133053090585935
3024550,0.0
3024551,2.934517195364713
3024552,1569.2172467399357
3024553,0.02386700137889331
3024554,268.4007208420698
3024555,7.443425523860576
3024556,479.6624860351609
3024557,443.9074877212791
3024558,123.03751949868177
3024559,62.39139736628207
3024560,49.02888975704799
3024561,1877.3622130568358
3024562,12.824344804546135
3024563,0.4471353832805815
3024564,8.815782614003147
3024565,13.610922045653181
3024566,0.14150380328683004
3024567,93.35840243648074
3024568,7.132924987133434
3024569,1.880616215435656
3024570,5.765676116484009
3024571,34.87970286433167
3024572,3.0929721725853194
3024573,350.4903974706737
3024574,144.15429357947053
3024575,2.9343453084398488
3024576,4.849818973987375
3024577,261.9052220360267
3024578,42.465899611668064
3024579,808.2441841174411
3024580,0.23720130854783072
3024581,13.172926918273665
3024582,3.5730679857122656
3024583,0.19235538244834324
3024584,4.005786543140698
3024585,3493.845231296792
3024586,0.2300972194989934
3024587,798.8081688740222
3024588,14.497758892300668
3024589,1119.585184884737
3024590,1294.9436186101325
3024591,269.1248013214743
3024592,172.09936178891047
3024593,131.1932159163925
3024594,3726.245826569226
3024595,22.328800665151277
3024596,1.1470785713229372
3024597,20.94198000778108
3024598,39.84373998731127
3024599,0.43812514867070995
3024600,221.37793485286443
3024601,12.763555544105067
3024602,22.648161804465744
3024603,5.581754975165584
3024604,76.59255224246859
3024605,11.480707162075095
3024606,295.78104804558836
3024607,246.24779547898132
3024608,14.468634219118341
3024609,12.8386696933357
3024610,356.8726773488546
3024611,101.60813262335407
3024612,2867.420753740638
3024613,0.9936741000944411
3024614,25.281466214954264
3024615,0.8628473003692383
3024616,0.0
3024617,0.4135369250498153
3024618,1668.8028412748438
3024619,0.0
3024620,235.78954925687222
3024621,2.273348253102494
3024622,399.09087326537616
3024623,360.1283659130685
3024624,105.83878544359087
3024625,31.24265004732542
3024626,65.11270779115434
3024627,1738.2680620097951
3024628,3.793827833421644
3024629,0.0
3024630,5.724533288964414
3024631,14.406147137336484
3024632,0.0
3024633,56.93752959186346
3024634,0.0
3024635,5.607037095217983
3024636,1.1817672525499707
3024637,54.214222215844316
3024638,1.5948823142441713
3024639,44.6011948276292
3024640,107.72632161007078
3024641,2.0909153014708832
3024642,2.0689770055108028
3024643,35.82589074133015
3024644,16.668064952280155
3024645,120.90560607289048
3024646,0.0
3024647,4.650478789813354
3024648,2.4311921468841478
3024649,0.0
3024650,0.5023956582294994
3024651,896.5671693848811
3024652,0.0
3024653,141.0745123355146
3024654,3.848874224329
3024655,258.84133756341544
3024656,196.35104928231374
3024657,79.11430430996734
3024658,36.82431783654704
3024659,22.552490309811105
3024660,1323.803482823225
3024661,2.6662140662492044
3024662,0.3487391973062453
3024663,8.480200260257893
3024664,5.8379638963518685
3024665,0.043159975470728126
3024666,61.98109397655322
3024667,0.513485586142628
3024668,1.8984025729402583
3024669,1.407113388910247
3024670,11.672146093412339
3024671,0.7733505805380843
3024672,149.03268259085016
3024673,87.21439268955079
3024674,1.2164106042801621
3024675,2.2836907179260093
3024676,91.78137166697559
3024677,16.64591143056636
3024678,295.229567069287
3024679,0.21561902344272912
3024680,1.7231090319810065
3024681,4.881823868659053
3024682,0.12688679696162777
3024683,4.977509597596526
3024684,2706.0402548298302
3024685,0.145539146688437
3024686,619.1389814181019
3024687,10.922922647525326
3024688,810.9891714292455
3024689,838.8310469422881
3024690,240.55898918682172
3024691,183.95388256422888
3024692,89.76985740822582
3024693,3379.808600038976
3024694,17.143023398779317
3024695,1.0493780581410097
3024696,14.254403062951248
3024697,23.991316044294955
3024698,0.3551949101959242
3024699,178.07228022304184
3024700,6.4938154860851744
3024701,17.51502495092172
3024702,4.035005089714332
3024703,71.10830863292253
3024704,6.420947273877184
3024705,268.68381662989884
3024706,256.4241257138388
3024707,10.24063324708449
3024708,9.276062452732456
3024709,288.6113654600764
3024710,84.07152314177726
3024711,1373.3486834570647
3024712,0.756721393770204
3024713,16.67343884539818
3024714,5.4040860146229175
3024715,0.08516654476819933
3024716,2.6214237440535335
3024717,2577.6570469296066
3024718,0.049568784624525894
3024719,432.5166908416386
3024720,7.347550574225472
3024721,987.7431993936402
3024722,700.2116900612183
3024723,302.7910541779499
3024724,169.4336706623287
3024725,58.68776554091209
3024726,3943.9758594909244
3024727,6.414175259263178
3024728,0.8612996199590327
3024729,15.087150762050449
3024730,15.808646633265303
3024731,0.29090440824200264
3024732,268.18328540624657
3024733,0.3255563263081841
3024734,5.49875773619911
3024735,3.8821023457846073
3024736,36.56129527741916
3024737,1.573088627567484
3024738,191.66053921413658
3024739,292.8689223230308
3024740,3.0819389618302186
3024741,4.785935819582003
3024742,197.40485812219075
3024743,57.41669081383205
3024744,2613.888081341432
3024745,0.9280366636958528
3024746,3.945764818707524
3024747,5.328951985696806
3024748,0.12487513022275612
3024749,1.7200039993165879
3024750,2404.6680424003666
3024751,0.10966966672566797
3024752,393.13037892893135
3024753,9.236569209416093
3024754,841.3104678103579
3024755,597.8676655345321
3024756,239.14460861640137
3024757,131.35882207685503
3024758,61.06655252888991
3024759,3268.658843339517
3024760,10.461335655155933
3024761,0.859441633036019
3024762,19.459417729051403
3024763,19.119733234315312
3024764,0.33691442574541514
3024765,295.33358951105333
3024766,1.0815108996241551
3024767,6.883438047466706
3024768,3.5175955255216707
3024769,44.997340063727194
3024770,1.4844393094844635
3024771,166.25470682549167
3024772,238.55752745442163
3024773,3.124247330030746
3024774,7.0368853019234505
3024775,192.14090132655036
3024776,56.73504655813306
3024777,3718.1836664260054
3024778,0.9528737133802343
3024779,5.219246956572383
3024780,8.81896467405242
3024781,0.7181598063718254
3024782,10.76239697392938
3024783,6701.072984665656
3024784,0.7108386587852167
3024785,1172.25424856355
3024786,29.77023427055567
3024787,1722.9197466975852
3024788,1988.4869523869875
3024789,321.7046839749908
3024790,489.3803782161208
3024791,255.31345680512703
3024792,6413.881121134234
3024793,72.3877212971754
3024794,2.680890515855015
3024795,60.18608220011152
3024796,57.574984717234315
3024797,1.2649616501965089
3024798,403.0757963484889
3024799,33.24325291599054
3024800,36.82977575430138
3024801,21.86977426661072
3024802,144.32113476234167
3024803,18.87837847741451
3024804,786.2044791415788
3024805,445.3687731959996
3024806,20.951554959053688
3024807,24.89479667197789
3024808,1006.8038883936615
3024809,337.44028947721256
3024810,5109.392230140011
3024811,1.8274965751767134
3024812,78.35557863006969
3024813,2.3166244938796514
3024814,0.0
3024815,0.44765570885396855
3024816,1248.4165309220375
3024817,0.0
3024818,132.02663887779607
3024819,3.2659867825989712
3024820,481.8883991048553
3024821,213.18687078461608
3024822,94.24666523940812
3024823,90.62477253710475
3024824,40.86015071831798
3024825,1762.3850108641159
3024826,2.112909792656441
3024827,0.4127645018316871
3024828,11.64618488528226
3024829,5.733387623519774
3024830,0.07220673092025749
3024831,112.113159094318
3024832,0.45930820866511013
3024833,0.36726547265782244
3024834,1.9774500390039593
3024835,19.09514149195813
3024836,0.7822936213855753
3024837,57.19009412076981
3024838,107.05761972449821
3024839,0.850204276366984
3024840,2.4611367134944158
3024841,68.6757951004681
3024842,21.96496961178871
3024843,797.0185070279305
3024844,0.2070619962622608
3024845,1.8706429433126097
3024846,6.985070360943059
3024847,0.305829880600355
3024848,1.5520566479253504
3024849,2283.1809265454062
3024850,0.1882406300367845
3024851,381.1973410098825
3024852,8.1417040997547
3024853,1084.3910375193234
3024854,587.4273042691424
3024855,262.0967971731275
3024856,172.96509762753803
3024857,52.72599350734585
3024858,3869.6265109475617
3024859,6.732227782365127
3024860,0.7695639286762166
3024861,13.922630111839656
3024862,17.657146009434467
3024863,0.3252362871999603
3024864,231.19810023925487
3024865,1.554428300451034
3024866,1.320112443723973
3024867,9.027470973429072
3024868,20.719584632228937
3024869,1.099660682853385
3024870,239.1633536265681
3024871,245.11949995219837
3024872,1.668225677271462
3024873,6.645920919794372
3024874,158.71791663911978
3024875,58.846339725707196
3024876,2171.192907837223
3024877,0.6093232672267227
3024878,4.565985996438837
3024879,1.3539402095844335
3024880,0.0
3024881,0.10034456178515228
3024882,758.4411434311132
3024883,0.0
3024884,81.84337854749603
3024885,2.131313410588338
3024886,340.93877260800446
3024887,121.2821840152079
3024888,67.07662268654606
3024889,93.04022854352758
3024890,16.950873185146897
3024891,1392.9388039736398
3024892,1.3211050086055567
3024893,0.21599241233476052
3024894,4.8958772675325735
3024895,3.9778134215199077
3024896,0.0
3024897,71.72120704490398
3024898,0.0
3024899,0.0857952337136736
3024900,1.0020081151580857
3024901,10.040651356423165
3024902,0.22773749287637413
3024903,48.369191630759204
3024904,83.83673162268032
3024905,0.3864119722463228
3024906,1.4568881058612224
3024907,47.597374979610635
3024908,12.567041841272491
3024909,358.72537971132067
3024910,0.02270112397778075
3024911,0.7011225352333282
3024912,4.915603530921864
3024913,0.10795601447618598
3024914,0.7211285418423194
3024915,1691.086988367364
3024916,0.04553350500321542
3024917,227.7407510823203
3024918,5.132481565860657
3024919,774.9379952466014
3024920,359.967260921913
3024921,187.6248886954604
3024922,107.36426068621151
3024923,45.439139671802025
3024924,2720.34557037152
3024925,2.873251314723465
3024926,0.48396666959925627
3024927,18.808517351341262
3024928,10.911739395981321
3024929,0.12048942336350017
3024930,195.07074739411087
3024931,0.3509969013640001
3024932,0.352834079458352
3024933,5.37013661242446
3024934,22.133944051134307
3024935,0.9144361034740842
3024936,167.764887834537
3024937,193.89120366028462
3024938,1.064917270593045
3024939,3.864143387421189
3024940,149.90833605580139
3024941,37.25914820227935
3024942,1772.5673448979087
3024943,0.3042132598899052
3024944,1.599344851107778
3024945,3.227547811322837
3024946,0.33001071023375567
3024947,2.2418651706588517
3024948,2299.4249830257786
3024949,0.21433251196033942
3024950,405.8028373148221
3024951,6.161733607782995
3024952,860.7836577730125
3024953,597.964407490698
3024954,224.0066993326961
3024955,94.07956417015806
3024956,58.96849464781077
3024957,3758.0846463118296
3024958,4.6987195733309095
3024959,1.0918208369536768
3024960,20.382902769636992
3024961,23.450321899822764
3024962,0.42942507910773303
3024963,217.66996786271912
3024964,3.577103444895364
3024965,5.294152248211738
3024966,4.860926003502664
3024967,21.232875711939172
3024968,2.7972516652708284
3024969,165.38712625891395
3024970,252.10710105509494
3024971,3.3365785420997467
3024972,5.403762036411354
3024973,129.86969197400543
3024974,37.39791121011096
3024975,1373.788765464925
3024976,1.5640749854301592
3024977,2.4058496535887053
3024978,2.497402865458186
3024979,0.0
3024980,0.16458579255660413
3024981,1120.662214930676
3024982,0.0
3024983,83.75231657820046
3024984,1.9384116585844307
3024985,412.2120460352202
3024986,168.54596819437023
3024987,82.20190069288614
3024988,114.71513212136533
3024989,33.727814759030544
3024990,1700.797941957602
3024991,1.7981250861202502
3024992,0.2133830127645307
3024993,5.497284458205472
3024994,4.958704803490323
3024995,0.0
3024996,85.42548614727326
3024997,0.001999536569757762
3024998,0.1395692939524108
3024999,0.7774796349590813
3025000,11.739115895451793
3025001,0.3458975321552497
3025002,82.8881842858245
3025003,92.51619464398668
3025004,0.4751864007786537
3025005,2.9691871504315754
3025006,50.378387328759686
3025007,17.793584970524048
3025008,544.1105970620295
3025009,0.0764227004446457
3025010,0.34548806826487244
3025011,3.289634746260791
3025012,0.0
3025013,0.8936599313033868
3025014,2410.3739362593806
3025015,0.0
3025016,285.61081591018973
3025017,5.033360494588544
3025018,857.3651213816233
3025019,525.2212721261965
3025020,197.24380591375336
3025021,104.88278701924122
3025022,64.57538490679899
3025023,3503.813820399275
3025024,5.530744047046275
3025025,0.43969139691778936
3025026,12.330440450589215
3025027,10.390442425166775
3025028,0.1314628453153993
3025029,203.02702218615372
3025030,0.22120403251941484
3025031,11.93521674194428
3025032,1.873436217299884
3025033,37.42243028395543
3025034,1.2582327663912345
3025035,160.00417160474643
3025036,196.42826914318704
3025037,2.4727323382437603
3025038,3.7789714482174146
3025039,130.01491840689394
3025040,55.57576370005318
3025041,2380.1627869411923
3025042,0.667778855827071
3025043,1.0659640244101778
3025044,3.2294488773796104
3025045,0.14094196380855198
3025046,3.553594941826164
3025047,2719.6816363565235
3025048,0.14731216954971849
3025049,565.985132840971
3025050,10.244131419327466
3025051,859.179460993642
3025052,935.1533929167877
3025053,182.85769769761106
3025054,151.23097255450352
3025055,96.45927435020761
3025056,3412.3693711539877
3025057,30.910117201082695
3025058,1.1632527614756443
3025059,21.086919442555512
3025060,22.568221175266576
3025061,0.3593881417746189
3025062,242.70697971397271
3025063,17.201294880199015
3025064,17.817506645057573
3025065,4.015175753434016
3025066,77.96325961330913
3025067,10.010396006627637
3025068,239.02254268848873
3025069,229.81553857281813
3025070,11.922818432943394
3025071,10.918223362472894
3025072,262.73263285258815
3025073,108.82118462996625
3025074,2172.644549141202
3025075,0.6806687520710542
3025076,13.541955609720446
3025077,4.715575051108612
3025078,0.03970663653177186
3025079,3.3411533902092674
3025080,2139.9895347818474
3025081,0.028912314997310715
3025082,468.52691238780267
3025083,10.55299179357084
3025084,950.5464604065495
3025085,738.3341474568165
3025086,175.6134371551353
3025087,105.20491383842658
3025088,108.2890222138926
3025089,3118.761910572529
3025090,18.14494502682424
3025091,0.9912507647454954
3025092,18.153275960132305
3025093,27.271063431519792
3025094,0.22452649642637437
3025095,217.89436075982525
3025096,16.101795367763522
3025097,8.838619206375233
3025098,6.206703748120154
3025099,52.556074952302914
3025100,7.239249348241744
3025101,151.8439977652833
3025102,239.45624133666854
3025103,7.780077540284
3025104,9.583445650168464
3025105,133.43613788771117
3025106,84.2839177578075
3025107,1200.2064434766992
3025108,0.4614660259564145
3025109,13.129952025571757
3025110,6.527878283003133
3025111,0.24739106278649678
3025112,4.641772911756811
3025113,2903.096144197611
3025114,0.1412300275485782
3025115,481.4775540427875
3025116,8.939937411873402
3025117,1069.7063710843881
3025118,717.6007265435233
3025119,224.44725080370043
3025120,200.03912855713546
3025121,61.99177141510823
3025122,4146.746379007575
3025123,18.538042196117964
3025124,1.1835222777858587
3025125,19.31237994042871
3025126,18.667993283531608
3025127,0.3782275514753949
3025128,300.9616270168318
3025129,5.993591562529217
3025130,17.25597732000839
3025131,4.693132151755275
3025132,41.129893827454424
3025133,3.429115332245996
3025134,162.68494709002576
3025135,258.69173651431765
3025136,5.334156065166643
3025137,8.579844112367393
3025138,165.03555928641813
3025139,75.59940201370028
3025140,2432.403786021655
3025141,5.645404799591059
3025142,9.020567749429556
3025143,3.0482788116319233
3025144,0.03594180868417873
3025145,4.49127629640882
3025146,2403.8052823908934
3025147,0.03492626794530388
3025148,438.2053115840803
3025149,7.945645557855865
3025150,739.3295981882043
3025151,762.108076768084
3025152,202.01299331750278
3025153,145.72434799097638
3025154,87.74007928881024
3025155,3125.39469483299
3025156,12.676082896076773
3025157,0.8073896730082806
3025158,15.524763240526095
3025159,12.422265847055161
3025160,0.21078517265971927
3025161,180.88444090146115
3025162,15.355584066427824
3025163,9.275772531117157
3025164,2.4502016003090334
3025165,36.766359473218
3025166,6.138770040500681
3025167,298.4864358993732
3025168,226.04392454430985
3025169,7.9051929948673365
3025170,8.390774784768906
3025171,334.63487027387606
3025172,77.30969078822098
3025173,1565.1502750899595
3025174,0.4565065236588221
3025175,19.59725234007697
3025176,3.804591957903639
3025177,0.20639913223803108
3025178,1.9891093666011768
3025179,3765.455550317226
3025180,0.12848981647712052
3025181,336.1273909132583
3025182,6.849899329257261
3025183,1542.142567199009
3025184,505.18455900875625
3025185,264.92025105138686
3025186,127.14873800059974
3025187,64.63053636341071
3025188,4844.013405320266
3025189,7.960154445525738
3025190,0.6243050422415768
3025191,21.14913197577875
3025192,27.89421305645848
3025193,0.19903718870234197
3025194,313.52492095760795
3025195,0.7364771037737767
3025196,0.6571249098140062
3025197,4.605326299900795
3025198,31.501471044922297
3025199,1.265351662609824
3025200,127.44175951047262
3025201,273.90232770192546
3025202,1.5877662313628813
3025203,5.141430811728967
3025204,138.8307583266697
3025205,56.942113836367874
3025206,1889.5950461990665
3025207,0.35488467098560905
3025208,2.8888519366757035
3025209,3.9307495702228694
3025210,0.09435629098033767
3025211,3.41907574776006
3025212,2170.9700433214566
3025213,0.10834408761562075
3025214,430.39212654333244
3025215,10.005211046809496
3025216,878.0664294337967
3025217,598.6487768963291
3025218,206.84597232509878
3025219,108.43428691313464
3025220,94.08773614674143
3025221,2996.2490191347606
3025222,19.372671754981653
3025223,0.8236445522276947
3025224,16.746750610209443
3025225,31.102900844320292
3025226,0.24793599375165706
3025227,231.719770313604
3025228,9.676369263351244
3025229,11.93062214236253
3025230,4.868166200203191
3025231,40.956216632218535
3025232,8.16451136813891
3025233,158.4537531322742
3025234,223.22570260206058
3025235,9.238533599970115
3025236,8.496058134350347
3025237,157.4780171731219
3025238,61.710231773644196
3025239,1315.892480876993
3025240,0.6753022372201241
3025241,8.735551054939336
3025242,4.529425201150703
3025243,0.22876812818728834
3025244,4.879538863773688
3025245,2448.8291694577947
3025246,0.2248160654992161
3025247,477.930528855696
3025248,6.556159791076076
3025249,802.3388775189275
3025250,726.2856452826122
3025251,195.51265693035702
3025252,119.45022752140963
3025253,92.03711661390511
3025254,3092.6806310943734
3025255,24.783351110335165
3025256,1.0973666028872182
3025257,18.14634394294855
3025258,17.47556018749675
3025259,0.4813348605039205
3025260,257.800290376615
3025261,6.727192777149259
3025262,15.096770010538208
3025263,5.583252818718971
3025264,63.815591277801765
3025265,4.855680319012975
3025266,185.34339831571953
3025267,229.7595525587156
3025268,7.12761652644665
3025269,4.872193845042086
3025270,232.9428113297921
3025271,81.88078065490194
3025272,2030.8815948598178
3025273,1.0012016983468717
3025274,12.535085482427961
3025275,4.32766986006571
3025276,0.11054999904987216
3025277,2.055196398674451
3025278,3356.109488239269
3025279,0.08253856463180048
3025280,318.47961122358555
3025281,5.214867633919201
3025282,1017.5781923190907
3025283,510.8067234146726
3025284,253.47819011032877
3025285,130.3166257932405
3025286,47.44092963749712
3025287,4129.5182224100345
3025288,3.82943333881379
3025289,0.627605507831395
3025290,16.270638835575344
3025291,16.050587365925562
3025292,0.1835007005316907
3025293,219.3480356798089
3025294,0.21155128387129102
3025295,7.160271304520034
3025296,1.9514172487567065
3025297,36.575802042999804
3025298,1.6195946376347283
3025299,146.41364756925867
3025300,248.86038223582136
3025301,1.7479415743034692
3025302,3.7130772508666356
3025303,140.9929295110002
3025304,49.51741074866925
3025305,1689.2415752627899
3025306,0.7274123244999673
3025307,0.9812242167306493
3025308,13.130939727129945
3025309,0.6510908675809836
3025310,13.29183524215769
3025311,7612.382223870013
3025312,0.7098694020157154
3025313,1493.7441409170133
3025314,30.4214914838692
3025315,2027.3473648739846
3025316,2270.7972551128178
3025317,547.5040192819421
3025318,566.5947542390352
3025319,316.7117053282988
3025320,7341.677717175363
3025321,72.57192312416333
3025322,2.5759944844146716
3025323,69.64359465119358
3025324,87.05805198894707
3025325,1.2010691818170645
3025326,476.88307284769405
3025327,55.21273453387217
3025328,24.478589499398122
3025329,26.019758059142802
3025330,224.99523154595937
3025331,20.12787502744282
3025332,872.757585828827
3025333,543.1139852443791
3025334,28.166650834966422
3025335,30.798482040338758
3025336,1117.4839877020436
3025337,382.3706413669627
3025338,5670.242861033547
3025339,93.12325506822549
3025340,85.56725618309419
3025341,10.145108201079935
3025342,0.267705775754326
3025343,10.216977248640243
3025344,6875.216131050769
3025345,0.36204895649208757
3025346,1206.5897911347852
3025347,25.779072596700143
3025348,2004.1440057855252
3025349,1866.6492057105374
3025350,542.2995018874213
3025351,344.22029645002755
3025352,253.37061719183174
3025353,7522.641018737075
3025354,61.27355834670226
3025355,1.224150266828493
3025356,51.20600082866165
3025357,65.86879708830884
3025358,0.8058447348451796
3025359,534.1305182011439
3025360,37.27980813928021
3025361,24.236809756882362
3025362,9.206719628072296
3025363,119.87371284827003
3025364,14.187204665370512
3025365,869.6587880360478
3025366,570.3961632514091
3025367,23.601101797288656
3025368,24.07459964249368
3025369,938.6513260758674
3025370,288.376875192911
3025371,4078.8434590420784
3025372,79.10717778474216
3025373,66.00752963791913
3025374,9.697127675357546
3025375,0.19396818347586134
3025376,11.3644156590333
3025377,4636.909107501738
3025378,0.2570452745686851
3025379,844.729412054329
3025380,17.237576711420754
3025381,1778.8329667595744
3025382,1291.8783782723206
3025383,547.3683885557325
3025384,161.1729100604834
3025385,154.7339235000071
3025386,6179.94815745116
3025387,34.38808895722864
3025388,1.0990089657434254
3025389,27.608034258293895
3025390,37.375380832188014
3025391,0.6277505139059754
3025392,381.17855434676943
3025393,41.714465448734046
3025394,13.121991436473724
3025395,9.048479874810868
3025396,78.38551364206329
3025397,9.783813923144741
3025398,759.1405076651735
3025399,546.8536718246016
3025400,18.17103068939084
3025401,23.25559974574405
3025402,725.5903696356955
3025403,135.8190011334544
3025404,1693.519591889509
3025405,77.72262475320063
3025406,33.59294426719412
3025407,10.648582333345132
3025408,0.2758168255520371
3025409,12.459287546258562
3025410,6597.257211238889
3025411,0.36150514592762073
3025412,1188.5147931728843
3025413,23.129426827215685
3025414,2117.7608838396477
3025415,1916.8525738913336
3025416,528.7264793672101
3025417,307.8646931782614
3025418,219.68336338047786
3025419,7275.013763516976
3025420,54.20727743058112
3025421,1.4465535140930834
3025422,49.60409627245556
3025423,66.28913803819626
3025424,0.8164853310655504
3025425,453.7139203311527
3025426,37.62068400010087
3025427,22.4857932743947
3025428,9.054917034713489
3025429,126.41545302016344
3025430,12.799912294256355
3025431,754.6953887449338
3025432,590.2164293676734
3025433,22.633099703472713
3025434,23.608961488304637
3025435,902.3737793122015
3025436,234.51839344082498
3025437,3205.558039392543
3025438,76.9156426441329
3025439,63.43601719750246
3025440,7.356547259221529
3025441,0.0
3025442,8.569548559930563
3025443,3876.4626305701713
3025444,0.035230635145771474
3025445,725.2597621263742
3025446,15.425129227677003
3025447,1682.1083236705288
3025448,1017.8608810339921
3025449,489.6508624583386
3025450,113.73471678643739
3025451,103.5433861479116
3025452,5554.5201386766075
3025453,28.058045276043405
3025454,0.7705054666173261
3025455,24.855050691719793
3025456,31.96610210241207
3025457,0.30772567533482786
3025458,310.2282683221161
3025459,28.558375723592686
3025460,7.076916007472305
3025461,6.524806200273238
3025462,59.39741780553181
3025463,5.974806906526659
3025464,625.9487580308034
3025465,498.9055757597454
3025466,12.99301849596968
3025467,20.140349295644295
3025468,566.2955608355321
3025469,98.72004727066813
3025470,1222.5896801875886
3025471,76.67343944999833
3025472,23.096097182760698
3025473,9.192506266846
3025474,0.22491800750467617
3025475,9.154359286160908
3025476,6526.698899962097
3025477,0.30512648938195847
3025478,1173.6727706348934
3025479,26.00669503437249
3025480,1612.4835546137647
3025481,1939.9289354474467
3025482,402.3549286165991
3025483,381.0932521504715
3025484,266.8792791815445
3025485,6522.018102044415
3025486,54.84092829945672
3025487,1.3683266597557142
3025488,42.30439907539416
3025489,55.69807312736178
3025490,0.701859303884955
3025491,369.27865478588194
3025492,32.31103522812036
3025493,27.045359238067107
3025494,11.077650491765743
3025495,145.24593988052914
3025496,15.184734026722783
3025497,634.1405706495907
3025498,432.90953584482907
3025499,22.460867101517426
3025500,25.390398092495374
3025501,737.8596945643942
3025502,265.0030406396054
3025503,4992.617981147781
3025504,66.1718595855242
3025505,70.8574461911479
3025506,4.452552121373508
3025507,0.17542791096639085
3025508,5.333020638838347
3025509,1697.7273035005628
3025510,0.15614769289199246
3025511,356.62143021243133
3025512,13.24331964350892
3025513,797.0789681042106
3025514,535.8583980922086
3025515,201.82374709486345
3025516,109.63827549797932
3025517,91.98991275897899
3025518,2482.936968309672
3025519,15.806993169554161
3025520,0.9361684392818999
3025521,17.82777245527297
3025522,24.46028548426724
3025523,0.3608355204467958
3025524,174.9329334251688
3025525,10.371771668619466
3025526,4.644500133384754
3025527,8.374993572332272
3025528,41.50934337203539
3025529,5.62621825705461
3025530,237.55381917667947
3025531,233.43853053030247
3025532,4.580575852250568
3025533,9.323624646630009
3025534,218.03292577304018
3025535,70.27042516140243
3025536,943.0123989970144
3025537,0.5469916242282672
3025538,12.853811959686968
3025539,7.472291797787456
3025540,0.11925579555728946
3025541,7.975658790303179
3025542,3493.1992424924792
3025543,0.12808477920906847
3025544,632.5692833597509
3025545,18.47083134888371
3025546,1318.0536337559645
3025547,943.4017816223728
3025548,393.17108122544323
3025549,102.78938304809503
3025550,106.7577968984045
3025551,4946.28530401295
3025552,32.48662049212179
3025553,0.9581861989203683
3025554,36.40804559691063
3025555,38.67708918203628
3025556,0.3358150739558271
3025557,303.2721796203512
3025558,32.799925830649535
3025559,6.434044620997424
3025560,3.877398287918552
3025561,70.44614209116733
3025562,7.745191779412233
3025563,445.3895806602757
3025564,408.7170719811867
3025565,11.703706334326933
3025566,16.225805721267456
3025567,372.72121664698693
3025568,103.35081789286625
3025569,1454.7426664868844
3025570,71.11532216244362
3025571,22.190674490413876
3025572,6.420393580005539
3025573,0.14468783782557554
3025574,5.830062959522651
3025575,4581.99588989234
3025576,0.22672484888917704
3025577,857.6925553230622
3025578,13.69659968743001
3025579,1123.8087312533241
3025580,1403.7637654799469
3025581,252.92113136937374
3025582,265.2564209207794
3025583,167.72845998018957
3025584,4711.457633472022
3025585,20.281197981913493
3025586,1.1738591496010857
3025587,22.143633141786864
3025588,31.62927224930568
3025589,0.5949715531251161
3025590,249.38433495879292
3025591,4.059296364267088
3025592,19.754256020600614
3025593,4.161658761824277
3025594,98.11025015043138
3025595,10.430737050068807
3025596,561.9684867752784
3025597,271.8844663151143
3025598,14.66173725259236
3025599,13.576240288492503
3025600,632.366721907875
3025601,145.09214477553365
3025602,3952.7327201922753
3025603,1.7199331461277378
3025604,33.16633354164716
3025605,6.899672093380827
3025606,0.7899642656058515
3025607,5.454529816082609
3025608,3335.5279957449884
3025609,0.8230709780747012
3025610,760.1310079157606
3025611,13.497052119854379
3025612,1026.018540429064
3025613,917.132223068983
3025614,369.2051419067447
3025615,187.68179067725137
3025616,211.2806008048604
3025617,4429.684322496789
3025618,10.781102555112977
3025619,1.949107373076483
3025620,23.916738445779703
3025621,34.91536817521925
3025622,1.1987849395237757
3025623,189.54392077389946
3025624,4.807413489186146
3025625,10.73988243102145
3025626,5.6934276535873645
3025627,139.43033737423696
3025628,4.513750479133573
3025629,317.5218242569548
3025630,398.2637810372561
3025631,5.5270088978755405
3025632,7.98399624000212
3025633,295.7357629885677
3025634,133.86760579425152
3025635,1543.7576923432018
3025636,1.8530627000165238
3025637,13.276830154843655
3025638,5.463905174337676
3025639,0.09384804280028083
3025640,3.0175638455273393
3025641,2192.4050060899485
3025642,0.07507011774360434
3025643,390.73307476907075
3025644,8.676253456238546
3025645,790.237812925879
3025646,573.5406667837885
3025647,214.0157875213278
3025648,105.46435160432117
3025649,90.76799750522166
3025650,2755.9175580834008
3025651,15.540380280286955
3025652,0.9214173919079741
3025653,18.424118275285554
3025654,26.14008993336646
3025655,0.24480045962345304
3025656,223.03777307892173
3025657,3.730035478603109
3025658,4.4734639589017995
3025659,3.871465408535637
3025660,52.2993066680129
3025661,4.444175482409886
3025662,184.57320071976153
3025663,221.42022928670303
3025664,5.582674320575476
3025665,7.3579278297731845
3025666,191.734277332293
3025667,74.30932905088602
3025668,1847.547931562904
3025669,0.7977071475158891
3025670,7.654069256801357
3025671,3.7469740071499915
3025672,0.050825977296524244
3025673,1.4365960528609598
3025674,1661.1393430617766
3025675,0.0
3025676,173.35895966082705
3025677,3.2948681568059865
3025678,780.3444121585103
3025679,234.99235838124582
3025680,168.0451885474625
3025681,65.02961831491868
3025682,31.93568413768206
3025683,2846.419869963861
3025684,4.53650917290938
3025685,0.41890163337683894
3025686,14.44697227944777
3025687,9.223023435228773
3025688,0.06624442513898854
3025689,181.91404400565028
3025690,0.2770150195114224
3025691,0.2456099688094604
3025692,1.8992846719034833
3025693,18.679251615892607
3025694,0.6333613230350358
3025695,60.08801340074508
3025696,161.9289637913602
3025697,0.5175515150472655
3025698,2.583260442493557
3025699,49.696410638029036
3025700,34.38567795980323
3025701,694.2329083856874
3025702,0.24851150896541693
3025703,0.9483671313835391
3025704,4.535441087218601
3025705,0.02972261523830667
3025706,5.760344862301712
3025707,3474.388406507116
3025708,0.06100793998236127
3025709,581.6874564176004
3025710,12.813906423345948
3025711,1051.0600507030451
3025712,990.9123226649273
3025713,293.37549981867113
3025714,172.7984053016186
3025715,129.09701567768448
3025716,4121.012859181662
3025717,27.203295814928467
3025718,0.7956627726857789
3025719,20.11282552896574
3025720,34.46924503802924
3025721,0.2534109882251596
3025722,209.36276947770517
3025723,19.00635002750556
3025724,8.805796811612698
3025725,8.917853866950482
3025726,54.04725588366165
3025727,6.226051622484259
3025728,418.89446314078145
3025729,313.2099049593861
3025730,8.175898870473516
3025731,11.24943146737056
3025732,485.0755563493912
3025733,106.81564027118534
3025734,1893.6298851111787
3025735,0.35659978929270597
3025736,33.80227249764892
3025737,3.9933457878533396
3025738,0.1710996604442266
3025739,3.7762561875916294
3025740,4174.461433528829
3025741,0.2279415963887718
3025742,762.351221074773
3025743,14.503249140265208
3025744,1008.4295002656106
3025745,1286.8822265503454
3025746,212.94072458641213
3025747,279.69627508551
3025748,172.35567039683247
3025749,4190.28439033525
3025750,29.524432922116755
3025751,1.361802999338165
3025752,21.80064975075362
3025753,30.35822156364007
3025754,0.5059519797018678
3025755,219.768921274574
3025756,11.491684794242595
3025757,26.46404124832476
3025758,10.695745762760946
3025759,112.08490434609134
3025760,10.792990670367825
3025761,484.64281734565117
3025762,252.94713432853905
3025763,11.53154360906921
3025764,11.46303133518682
3025765,550.1918817599894
3025766,169.83394187098617
3025767,3752.25164662301
3025768,0.6933068104826483
3025769,48.76685912095114
3025770,5.301127852860337
3025771,0.3249687373940986
3025772,5.764998265703094
3025773,799.1361649681949
3025774,0.346805678792251
3025775,694.413750159305
3025776,18.81858471126298
3025777,192.69957184508903
3025778,1151.0405496958674
3025779,251.77877912878157
3025780,277.5291240094836
3025781,174.9818933941206
3025782,471.2470930383976
3025783,35.54068714201746
3025784,1.6953254754346156
3025785,31.95522785348605
3025786,30.793049917155535
3025787,0.6889582744057897
3025788,204.9989597976263
3025789,27.978852489082467
3025790,23.614086624285072
3025791,11.951474156237838
3025792,92.75710959515249
3025793,13.666873611921648
3025794,435.4045170870407
3025795,245.63774526170948
3025796,15.309130561626546
3025797,17.75072991639306
3025798,523.8482282241933
3025799,171.9565841569695
3025800,3199.902937631
3025801,0.9484279212938662
3025802,41.92979242750512
3025803,8.192907081401376
3025804,0.2737796536414035
3025805,5.733162845791788
3025806,3198.7034529851067
3025807,0.13284697534211135
3025808,487.00877747052687
3025809,11.34450969863698
3025810,1470.921572854836
3025811,781.9234430398039
3025812,450.1329430069458
3025813,134.41119430112408
3025814,71.46146923148434
3025815,5356.776690721938
3025816,9.808608133316412
3025817,1.136454103631888
3025818,28.466912532978544
3025819,31.210252927129712
3025820,0.384968391236417
3025821,360.05321933545736
3025822,10.832816441628411
3025823,5.106527059538152
3025824,8.443428610129322
3025825,28.157427273986137
3025826,3.4053329592263912
3025827,363.88036660859984
3025828,385.24300972281003
3025829,5.039054232588919
3025830,10.812324724064712
3025831,351.59543358672636
3025832,75.38903178202551
3025833,2248.2295067348905
3025834,43.00845930428277
3025835,12.253794370071418
3025836,3.2804306905045872
3025837,0.1470434949922412
3025838,2.9620764910546606
3025839,2142.8239771714466
3025840,0.16923413363611997
3025841,380.7852904302367
3025842,10.96718891353
3025843,581.4700021574553
3025844,660.187734007402
3025845,123.15174041333762
3025846,139.54805255417807
3025847,89.03319019088883
3025848,2709.9083393549013
3025849,20.33211989934558
3025850,1.0791977291916859
3025851,18.333171616911542
3025852,23.536163239834337
3025853,0.34433988058002685
3025854,158.66885531392182
3025855,11.786724306505377
3025856,23.681198399368103
3025857,5.00579676668004
3025858,89.44972359890323
3025859,6.8102890260047815
3025860,251.3940274097415
3025861,136.17592312063647
3025862,6.898323658334349
3025863,10.42503195805036
3025864,265.2889040280189
3025865,89.60683217612387
3025866,3197.763969201504
3025867,0.46746754662834866
3025868,21.440840487696914
3025869,4.45530923578502
3025870,0.0
3025871,1.5401921778035275
3025872,1510.3956099845766
3025873,0.0
3025874,132.74675994314288
3025875,4.319055024940199
3025876,820.2473312662257
3025877,290.1227285114786
3025878,247.54737175165337
3025879,56.24243245074399
3025880,33.812125080600765
3025881,2455.089662929184
3025882,3.604171762271538
3025883,0.2767813076823476
3025884,12.741483353539515
3025885,10.875801469264815
3025886,0.0
3025887,194.3503522305089
3025888,3.176792359219951
3025889,0.19561796280344487
3025890,2.2914165660523027
3025891,19.05588369209508
3025892,1.344281158458874
3025893,167.84973393592134
3025894,190.38361234009068
3025895,1.4120612567663178
3025896,3.9987889544102693
3025897,102.61871177096552
3025898,24.79591195651431
3025899,370.09381990102605
3025900,0.11224467078684432
3025901,2.8264014776805375
3025902,5.998597021268916
3025903,0.21385571927638652
3025904,4.413076644324879
3025905,3600.8068423409254
3025906,0.12936711081717087
3025907,454.84107638073
3025908,10.998326066643116
3025909,1515.220689067065
3025910,908.1465962345719
3025911,404.03093432615987
3025912,106.51070707409586
3025913,64.30048756746993
3025914,5796.417711919626
3025915,13.724014789906676
3025916,0.8198216378428527
3025917,20.803264692120592
3025918,21.848721518566812
3025919,0.39944840290366573
3025920,328.1764201009824
3025921,9.129140818900837
3025922,2.2491954374891
3025923,6.123586773415495
3025924,29.317358342864477
3025925,2.2612939686365454
3025926,457.9556098611906
3025927,364.7754282527588
3025928,2.404540811418422
3025929,10.185836940792932
3025930,377.28392889220856
3025931,54.66162036698603
3025932,968.3095651073069
3025933,41.2930647295326
3025934,7.4397687414276685
3025935,3.853927438827585
3025936,0.11855256209787873
3025937,0.7105191963630733
3025938,1559.0897947833605
3025939,0.07381422379118927
3025940,161.86847673112595
3025941,5.7124246583256975
3025942,677.6667121192291
3025943,444.93706612347444
3025944,183.24866713257865
3025945,60.34692915162596
3025946,28.919182957117297
3025947,2572.6181342710997
3025948,4.289255113315496
3025949,0.5403118196053976
3025950,9.231953312489559
3025951,9.816347104897195
3025952,0.16214779508416918
3025953,155.32756496350123
3025954,1.1168587142257802
3025955,0.49791136933882296
3025956,6.053546548010159
3025957,16.4865614823281
3025958,1.1480681083930224
3025959,117.59132152855537
3025960,161.6330530886989
3025961,1.1215946067931595
3025962,4.067607163135634
3025963,121.16806076864404
3025964,26.147654332243285
3025965,313.01475958600605
3025966,6.506528567389717
3025967,2.332439940916892
3025968,3.421741183785832
3025969,0.0
3025970,0.6206555249992762
3025971,1292.4586700456803
3025972,0.0
3025973,110.05461610940097
3025974,3.627408895470208
3025975,616.939888637925
3025976,295.6275493760001
3025977,130.73078543232143
3025978,43.06786949903896
3025979,27.16519036683721
3025980,2411.3074089797465
3025981,3.986116451901231
3025982,0.27328053053007484
3025983,7.959981093249333
3025984,7.99328063183363
3025985,0.016844213287713402
3025986,134.63606856583291
3025987,1.8931240986066409
3025988,0.21046011478934548
3025989,1.8249272866566486
3025990,13.622058551811397
3025991,0.6584056175155748
3025992,110.22655076776013
3025993,137.17371959536078
3025994,0.6220022906448861
3025995,2.8476937038518093
3025996,89.22462225913608
3025997,23.251660241511935
3025998,176.9899682271063
3025999,0.17606996645008294
3026000,1.572616336178843
3026001,2.8734499978048023
3026002,0.0
3026003,1.5322675432996453
3026004,1313.2855118640575
3026005,0.0
3026006,164.30734524198647
3026007,4.475099166425497
3026008,812.8128920609909
3026009,431.5793472811331
3026010,183.44304324579545
3026011,44.901354956756855
3026012,32.853116775110955
3026013,2854.597084641773
3026014,3.9817466149668586
3026015,0.2641813982868404
3026016,12.367197959887656
3026017,15.607780053915153
3026018,0.027429151202490346
3026019,176.6368570571152
3026020,0.6374962175578847
3026021,0.2968830614648959
3026022,2.1447539304951704
3026023,14.22669739591802
3026024,0.9603672126139198
3026025,163.53899561444607
3026026,203.2104080590766
3026027,0.82019243275989
3026028,3.3856340713441937
3026029,72.92187043809965
3026030,40.029271797445595
3026031,325.05791743765553
3026032,9.210961209344688
3026033,2.655376541537243
3026034,2.6002722072909576
3026035,0.3142034113523062
3026036,1.1606822825925815
3026037,1620.2003492492063
3026038,0.10756453445124999
3026039,157.39208947320458
3026040,4.30437124264852
3026041,744.1944303583714
3026042,407.559053091853
3026043,233.8339700457479
3026044,72.74095950443301
3026045,49.981976102953936
3026046,2902.4255604511736
3026047,5.461583582668693
3026048,0.7660717465678624
3026049,15.370051198924333
3026050,15.925428552164849
3026051,0.21325081586246672
3026052,192.4214974728685
3026053,5.053015934763926
3026054,0.6698193649414297
3026055,3.0228968794968156
3026056,23.29646220222896
3026057,1.4768066569521032
3026058,120.7586024306285
3026059,168.57604304358267
3026060,1.1728311771976112
3026061,3.875495571387665
3026062,120.67562202061215
3026063,37.10401304480549
3026064,476.1274279012401
3026065,6.67347582023603
3026066,3.94484944456854
3026067,6.029049735176014
3026068,0.0
3026069,0.34029718180940605
3026070,1718.577625832103
3026071,0.0
3026072,185.1854759319872
3026073,5.047571820306587
3026074,848.4688345150956
3026075,258.2715575766028
3026076,181.6274257302828
3026077,123.41121559631043
3026078,36.39198770125279
3026079,2533.4682441215423
3026080,5.900216029928647
3026081,0.26133688187035453
3026082,17.082310777354948
3026083,15.668281799895704
3026084,0.0
3026085,199.48459779655923
3026086,0.03189357692487609
3026087,0.19600661319687812
3026088,1.5660400813706683
3026089,36.81787760530074
3026090,1.730840936507497
3026091,98.81001789742882
3026092,190.41999597789078
3026093,0.5807704233608777
3026094,4.679014494037988
3026095,81.48932134805318
3026096,35.444203787119875
3026097,670.6454302963639
3026098,0.08457376786714553
3026099,2.126148038789607
3026100,5.0837388999275115
3026101,0.16782780307796238
3026102,1.1508018119357355
3026103,2728.985189348159
3026104,0.06680001722035907
3026105,305.06849715086446
3026106,7.321363404967889
3026107,997.6803033345061
3026108,681.3055010332146
3026109,312.6638157419818
3026110,133.1498569746958
3026111,68.54035426839171
3026112,4233.7542434557645
3026113,6.678902416473396
3026114,0.5556725881088495
3026115,18.48072419048694
3026116,21.891421892819505
3026117,0.17401779800150582
3026118,243.21851935614458
3026119,1.5437035119735576
3026120,0.5175788479763734
3026121,6.281984690235588
3026122,24.297423240524928
3026123,1.3928354229208537
3026124,229.512645327936
3026125,244.76430656017524
3026126,1.5525938257980911
3026127,5.714608462776555
3026128,251.96502524405818
3026129,64.74715597325664
3026130,936.0216632200376
3026131,12.865467576758837
3026132,9.065507010009046
3026133,1.0277515283428509
3026134,0.0
3026135,3.653146149604675
3026136,1954.970318863973
3026137,0.0
3026138,228.8483212534863
3026139,1.8203296160099822
3026140,637.8639932810969
3026141,632.3576309055751
3026142,159.8488620382636
3026143,116.5243107443177
3026144,7.88256863412862
3026145,2634.2878487307416
3026146,3.6470259540691474
3026147,0.0
3026148,16.079960912541726
3026149,16.829856687202568
3026150,0.0
3026151,123.52084816143636
3026152,2.5098540198674186
3026153,1.0744223368603827
3026154,5.2806227831668116
3026155,8.226807629093582
3026156,0.5864933191041032
3026157,22.60195914437919
3026158,144.54475049728774
3026159,1.135173125315673
3026160,2.35814340280758
3026161,121.26501195529639
3026162,9.217479744056128
3026163,348.0257155643206
3026164,14.79211286405319
3026165,1.8307008934315951
3026166,4.374469785648499
3026167,0.0631122656445556
3026168,2.3414529537011246
3026169,2000.1863055364927
3026170,0.0
3026171,150.87436336473638
3026172,5.016618756909805
3026173,717.6277525094451
3026174,353.18498810797297
3026175,202.0931918643586
3026176,50.6785561819501
3026177,37.369680772306126
3026178,3177.052895881764
3026179,5.5502590156197105
3026180,0.5815290454832446
3026181,12.015108319491006
3026182,10.005133555659507
3026183,0.09875194155676562
3026184,159.0644928808503
3026185,4.259387783890553
3026186,0.4505406066664105
3026187,2.7810372058795862
3026188,15.76373114152346
3026189,1.2812379813035903
3026190,114.75250034611847
3026191,161.97128614776796
3026192,1.0530152193893336
3026193,4.0387265895338835
3026194,95.61590363466698
3026195,29.696995346602606
3026196,316.63763844127357
3026197,10.60312986209595
3026198,3.6178690546578776
3026199,4.2978446889534645
3026200,0.1086973853085518
3026201,3.805891978404877
3026202,2654.4304376376977
3026203,0.09611659217844146
3026204,558.6452296820613
3026205,11.21693509600535
3026206,779.7590264764233
3026207,831.2046208898197
3026208,230.6306422714064
3026209,162.0397095394254
3026210,86.81462314569757
3026211,3699.8504659114183
3026212,22.239489363118167
3026213,1.0020542617572668
3026214,17.702580299359788
3026215,26.57612756230564
3026216,0.3653149826581273
3026217,178.48839146225748
3026218,18.53125098383521
3026219,19.10566783685491
3026220,5.492065781118374
3026221,57.75731275072669
3026222,7.156629514857492
3026223,381.15025227839635
3026224,249.56182249480275
3026225,8.512411384345997
3026226,10.002168496590269
3026227,410.55837441832114
3026228,101.70524830188867
3026229,3468.761333568622
3026230,0.48302601983064314
3026231,28.027365847091836
3026232,6.08098245569335
3026233,0.1257320700495741
3026234,5.2408441363719565
3026235,2352.343120268476
3026236,0.079914367754612
3026237,322.5509967013706
3026238,8.187496165324816
3026239,877.140701338489
3026240,763.2773359031605
3026241,338.7712021129043
3026242,83.36279990523151
3026243,56.72447605446866
3026244,3851.375260049665
3026245,10.18779531811115
3026246,0.9095533012771244
3026247,18.64359633398935
3026248,17.968017147370034
3026249,0.36848361395486023
3026250,303.5388383721658
3026251,5.526030061087043
3026252,4.098155592820517
3026253,4.774550003765572
3026254,27.048619714095572
3026255,2.1982753162638797
3026256,240.99351914903454
3026257,296.5499896335514
3026258,4.621994005250434
3026259,8.365449557623483
3026260,257.0246776390186
3026261,52.208016750836016
3026262,1326.0839280099117
3026263,32.22900857121762
3026264,9.040260983546078
3026265,6.869671261911958
3026266,0.23506230714853293
3026267,2.6355707918699274
3026268,2203.557760050044
3026269,0.10834189649150362
3026270,325.500281869069
3026271,4.9862819732056884
3026272,879.0342613361836
3026273,636.4681476564215
3026274,235.1424363243954
3026275,127.37013868990171
3026276,56.83407869793359
3026277,3451.144979411938
3026278,12.02992629445031
3026279,0.9294586060065102
3026280,22.22023121982445
3026281,21.256488621011925
3026282,0.3749193317107957
3026283,262.25805765876345
3026284,1.8773293312543806
3026285,2.1500124551961766
3026286,5.7823288169649025
3026287,49.864561607137475
3026288,1.4091397743370437
3026289,142.3539642917772
3026290,237.6258114157203
3026291,2.4764728999750614
3026292,3.3392798208769947
3026293,152.80635050923286
3026294,62.760540837837866
3026295,972.7506055043347
3026296,0.819736010414904
3026297,6.372068671756705
3026298,3.688927279916559
3026299,0.053105026775018375
3026300,0.9702442705559945
3026301,1029.288897364314
3026302,0.047847336453002105
3026303,142.66101314028433
3026304,5.3852759255356615
3026305,531.675849095555
3026306,333.40552148228016
3026307,131.03389076190257
3026308,58.34142420278613
3026309,43.025823651702
3026310,1825.0178521987966
3026311,5.758683711484644
3026312,0.714454831378781
3026313,16.193105384363992
3026314,15.075443907471278
3026315,0.274240007794676
3026316,161.65464843383728
3026317,1.0868301315627626
3026318,0.9054062988036576
3026319,4.119139397215481
3026320,32.03290533633769
3026321,1.2608115069086807
3026322,85.63478866779715
3026323,130.66344473564652
3026324,1.368063519729926
3026325,2.780972420529108
3026326,100.91672587207572
3026327,32.24086194017331
3026328,285.3241219906507
3026329,18.309691714440152
3026330,3.4951841240962214
3026331,2.284068587349142
3026332,0.0
3026333,1.5395405765356518
3026334,1446.0945412903413
3026335,0.016826913622416097
3026336,276.00995427409833
3026337,7.511082401581327
3026338,460.9415048387491
3026339,428.43026413644117
3026340,119.55078978851368
3026341,63.421792114183845
3026342,50.52182448235121
3026343,2013.8810658063624
3026344,12.898779454867391
3026345,0.453238508916269
3026346,8.955326205250662
3026347,13.755310727902966
3026348,0.15065063392073674
3026349,95.00186400596662
3026350,6.8656760644728765
3026351,3.7619468549799198
3026352,4.973290392435304
3026353,34.17507692109711
3026354,3.065503377371517
3026355,353.64787270593183
3026356,127.30521422195926
3026357,2.9499003743424987
3026358,4.851326729999612
3026359,265.6427476397714
3026360,42.57122713511213
3026361,1360.3938611324584
3026362,0.2491325328982942
3026363,13.010920755011533
3026364,3.660622464519288
3026365,0.20706736935204975
3026366,4.145875050487134
3026367,3405.960941620813
3026368,0.25173735161894517
3026369,740.3759031037137
3026370,14.840296530059966
3026371,994.5995543130381
3026372,1216.412193413185
3026373,242.44757479516235
3026374,172.97062319634358
3026375,137.464783384285
3026376,4055.6130570931014
3026377,23.029496841741548
3026378,1.1810659737689824
3026379,23.555598745114505
3026380,40.164645940559126
3026381,0.47330255434831237
3026382,218.73209298525018
3026383,12.843837529097167
3026384,43.68788724444594
3026385,5.761562568185595
3026386,63.4293260128765
3026387,11.511431535630836
3026388,305.1197823079301
3026389,252.71347369137493
3026390,14.856456935584934
3026391,13.13340424203098
3026392,368.0510651062903
3026393,102.74500553112941
3026394,5499.531966616601
3026395,1.0361766157098709
3026396,25.170572490113017
3026397,0.9049762873847652
3026398,0.0
3026399,3.1134463130537244
3026400,1644.3419697978538
3026401,0.0
3026402,223.08090067434898
3026403,2.355686284391908
3026404,382.252658772675
3026405,367.1966861062284
3026406,98.23003942736801
3026407,31.890836266713396
3026408,19.82240753112097
3026409,1868.8240086933686
3026410,3.8712075670805492
3026411,0.0
3026412,5.996889634933358
3026413,17.07105001022609
3026414,0.0
3026415,59.277139214836346
3026416,0.0
3026417,22.933759725155845
3026418,1.2091487947704251
3026419,60.374696295933674
3026420,1.5928864088386234
3026421,45.96943643658439
3026422,102.33413386367478
3026423,2.1735171677092398
3026424,2.1213179286571724
3026425,36.860974501472526
3026426,16.806933278787312
3026427,1791.4545598652885
3026428,0.0
3026429,4.783028249762973
3026430,2.5424027079259073
3026431,0.0
3026432,0.5567388161369574
3026433,913.2611554280163
3026434,0.0
3026435,144.49864949341494
3026436,3.8884481781325797
3026437,292.36729700980754
3026438,195.06636306838226
3026439,78.6000322940084
3026440,38.69182430623503
3026441,31.535104182142106
3026442,1333.101806364573
3026443,2.823915625730819
3026444,0.36809505789393504
3026445,6.333217168528746
3026446,5.950016388046078
3026447,0.05167369695929383
3026448,64.62779499889609
3026449,0.4795333894516719
3026450,4.406695491611241
3026451,1.4663117785453343
3026452,19.4951194818381
3026453,0.8045979223417973
3026454,154.58254693754256
3026455,101.12868341998642
3026456,1.2998777378740094
3026457,2.4095925454056317
3026458,109.19982992533707
3026459,17.185149735032386
3026460,669.9975553373298
3026461,0.2217342024858215
3026462,1.743189436286042
3026463,4.941550071416077
3026464,0.12334387169226313
3026465,5.111476840870822
3026466,2578.3834965028977
3026467,0.14053669680736358
3026468,563.9557799492243
3026469,10.981143175909903
3026470,750.1368757259738
3026471,808.314201912537
3026472,227.54988937221214
3026473,184.72647063361683
3026474,94.83438716657835
3026475,3453.89688902098
3026476,17.4439175334604
3026477,1.04443334406767
3026478,17.639064162025864
3026479,24.213710876480448
3026480,0.35824368224645625
3026481,177.8601701927665
3026482,6.495376780491067
3026483,37.68887677083317
3026484,4.066662125301376
3026485,80.97522178751834
3026486,6.397615860562081
3026487,271.745405429062
3026488,226.74303353669416
3026489,10.451113001978026
3026490,9.369893167088751
3026491,327.00980981041516
3026492,84.3751601340634
3026493,3668.903970860246
3026494,0.7552736757849399
3026495,19.419264478301802
3026496,5.2960518262054155
3026497,0.07714150504712987
3026498,2.6834492280404443
3026499,2395.3322530638907
3026500,0.057406268360764276
3026501,407.6934371425913
3026502,7.267213179906541
3026503,902.173663093829
3026504,806.8863698616294
3026505,268.23830900710334
3026506,161.342972865322
3026507,58.39648682093221
3026508,3880.6541152186905
3026509,6.639363937827411
3026510,0.8558832314782399
3026511,17.98508513158118
3026512,15.39700930816874
3026513,0.27610059168528844
3026514,229.96011362401327
3026515,0.3126837391118545
3026516,3.421121032533883
3026517,3.870814135966355
3026518,43.756594953651245
3026519,1.5544748883782353
3026520,188.5332918742074
3026521,255.2104233867196
3026522,3.1731652899073812
3026523,4.874194073057186
3026524,188.76341205416657
3026525,56.2252193803365
3026526,1368.1291689595196
3026527,0.892991765744374
3026528,3.8505874248335843
3026529,5.41782445928839
3026530,0.11871779651227
3026531,1.7639196045992274
3026532,2413.003179324319
3026533,0.09691026772340852
3026534,381.2345538404411
3026535,9.191871097896504
3026536,799.4462345714865
3026537,764.1485705477877
3026538,217.5620109619981
3026539,130.0811934266542
3026540,60.89379695503287
3026541,3197.5361058791636
3026542,10.503561410140183
3026543,0.8556405490619368
3026544,19.52834693369116
3026545,21.51661489913107
3026546,0.33414784284173826
3026547,267.3306180569253
3026548,1.057645285990823
3026549,2.7130209511518766
3026550,3.442569686791577
3026551,53.49045159742971
3026552,1.4477224369443082
3026553,164.81075532536414
3026554,215.84562661970403
3026555,3.15941089450602
3026556,7.0290750678011795
3026557,177.1434167743223
3026558,55.89427912137078
3026559,1901.3629427297292
3026560,0.9519852831984708
3026561,5.1500865054788285
3026562,9.128013483043611
3026563,0.7475113611412358
3026564,11.124164094539191
3026565,6776.233758731804
3026566,0.7489462450843691
3026567,1179.5988767702866
3026568,30.00196353810955
3026569,1764.5485362125305
3026570,2108.854523632848
3026571,354.89352318353895
3026572,494.26990793050265
3026573,268.72543540845083
3026574,8600.749508128356
3026575,75.22111133304489
3026576,2.7239025081877655
3026577,62.548385219954106
3026578,58.9942382211571
3026579,1.2820189757801472
3026580,357.2595878050896
3026581,33.52339767627065
3026582,68.57806377030724
3026583,22.28779375854249
3026584,172.12218650775827
3026585,19.091133818924256
3026586,812.8534123231013
3026587,456.1475764094419
3026588,21.682268892536364
3026589,25.724952319946432
3026590,1034.96934795605
3026591,346.35159778894314
3026592,9896.067264934154
3026593,1.8969089123320215
3026594,78.1142565140847
3026595,2.243286638501856
3026596,0.0
3026597,0.46315468772773455
3026598,1229.139012161057
3026599,0.0
3026600,126.30515299888354
3026601,3.254011246221598
3026602,433.9864604383717
3026603,295.7598130923222
3026604,95.88644099732926
3026605,87.30570058352166
3026606,29.699224915660444
3026607,1708.6843018931277
3026608,2.176705707563465
3026609,0.40430128606542337
3026610,7.913637085769177
3026611,5.70383693125224
3026612,0.06639489526530237
3026613,98.12936385108554
3026614,0.4417682354514092
3026615,0.3657459749425343
3026616,1.9775679624468747
3026617,20.728694426774474
3026618,0.7652761521687224
3026619,57.15108178805169
3026620,97.54615686841751
3026621,0.8735265835583113
3026622,2.5005973680611584
3026623,68.21229874758187
3026624,21.823107020349653
3026625,387.1608723170851
3026626,0.20133632880325417
3026627,1.8067014142786717
3026628,7.093321266443999
3026629,0.2931803167366371
3026630,1.5868927921856677
3026631,2366.607032604712
3026632,0.1744390875696452
3026633,365.504720609759
3026634,8.130640098782349
3026635,930.8737750081259
3026636,760.5605981672302
3026637,235.79646081117832
3026638,170.12304317341668
3026639,51.575798762531576
3026640,3756.594859616692
3026641,6.7802496576145685
3026642,0.7656334134601404
3026643,15.701477236287056
3026644,19.896834553694987
3026645,0.3211682624157625
3026646,208.60344908554256
3026647,1.5640710834257636
3026648,1.3470499703741239
3026649,6.310391628808775
3026650,21.20492908702785
3026651,1.096866290567
3026652,235.6684394573754
3026653,218.28693816320583
3026654,1.6794694793923062
3026655,6.6248561699568755
3026656,158.0379266256511
3026657,58.580032039900516
3026658,988.6410816513701
3026659,0.5934950325674471
3026660,6.4007917984498395
3026661,1.3352085665008286
3026662,0.0
3026663,0.13241303871888127
3026664,726.2204858397639
3026665,0.0
3026666,81.25984872374627
3026667,2.148982002811521
3026668,371.20927754731474
3026669,202.0727859143232
3026670,77.68245562115385
3026671,90.78927444199428
3026672,22.634454819904132
3026673,1496.3160456665591
3026674,1.3943807024313473
3026675,0.21822294480502458
3026676,8.267567066938893
3026677,4.047194212653488
3026678,0.0
3026679,76.33296211918247
3026680,0.0
3026681,0.0919466149677553
3026682,1.0118194921667114
3026683,10.73111765019162
3026684,0.23565340782787
3026685,48.58839653183262
3026686,88.09461476255144
3026687,0.41910706895831884
3026688,1.5164826972971992
3026689,47.873629892122395
3026690,12.525960660241697
3026691,168.07719535837887
3026692,0.028715385286762925
3026693,0.6750345688936424
3026694,4.968485584198397
3026695,0.10062945559443251
3026696,0.756778596719836
3026697,1556.132277347225
3026698,0.027899753154720448
3026699,201.6321546240039
3026700,5.097156928334927
3026701,702.7466353157514
3026702,490.39559645549076
3026703,166.70529497925304
3026704,104.90886210522591
3026705,44.18174579968151
3026706,2655.476629366707
3026707,2.888638659915507
3026708,0.4728046175723077
3026709,18.882828531544376
3026710,10.819994046445434
3026711,0.11111569732070649
3026712,178.9119001815511
3026713,0.3499191354724616
3026714,0.36549733421277203
3026715,5.2640631491869305
3026716,29.132327142684986
3026717,0.9031786398200361
3026718,167.22100542626885
3026719,170.2517459828781
3026720,1.0641724098099588
3026721,3.8286450247719435
3026722,156.94596430592802
3026723,37.08591637622717
3026724,901.7160089818774
3026725,0.2953948423567615
3026726,1.55085759468824
3026727,3.3240789620784645
3026728,0.3297849250117303
3026729,2.2881920601220473
3026730,2372.957708036251
3026731,0.22547464761575575
3026732,394.260977692922
3026733,6.268270848667825
3026734,784.3799706848268
3026735,769.9924572366979
3026736,205.87988242691108
3026737,94.99652386796316
3026738,59.49436512487505
3026739,3630.7047991667478
3026740,4.843063645468042
3026741,1.1009162799135037
3026742,24.25384463286087
3026743,22.87774828904569
3026744,0.4479884112063391
3026745,197.94373414220703
3026746,3.3970773342595977
3026747,2.5481017559909227
3026748,4.9126959366560925
3026749,22.26055281693959
3026750,2.768530363511646
3026751,162.48402458863507
3026752,230.2895308626687
3026753,3.412048508283582
3026754,5.507459528871942
3026755,146.09546104207925
3026756,36.55127078745968
3026757,550.1303147576817
3026758,1.555572023422569
3026759,2.3391973993267783
3026760,2.475910298511036
3026761,0.0
3026762,0.21074230015974088
3026763,1138.453777941282
3026764,0.0
3026765,77.58941880044326
3026766,1.9595551535251108
3026767,400.8038112133621
3026768,227.83279370630163
3026769,73.01264721444144
3026770,111.54485462003218
3026771,24.39584095023218
3026772,1690.3207085921122
3026773,1.8471214131780687
3026774,0.21986961267129582
3026775,5.743883801986755
3026776,4.883736183690923
3026777,0.0
3026778,82.57398993736578
3026779,0.002987582851321262
3026780,0.143458294535558
3026781,0.7953805039671111
3026782,21.115606460113256
3026783,0.3427092753048345
3026784,81.75403586377975
3026785,87.62776238651165
3026786,0.506941418181956
3026787,1.7053093856444352
3026788,51.146231278048184
3026789,17.20812041994641
3026790,234.22538064496203
3026791,0.07480581207001448
3026792,0.3359737329428644
3026793,6.083656567157808
3026794,0.0
3026795,2.1990945608280796
3026796,3330.5821180610856
3026797,0.0
3026798,546.5924839189576
3026799,8.66582940250642
3026800,1122.59140494729
3026801,711.4165405165406
3026802,276.00611017746604
3026803,139.40863073791922
3026804,88.06674588953301
3026805,4097.741899912759
3026806,8.373703371765838
3026807,0.4377086034769857
3026808,30.76839528472735
3026809,22.9807831399649
3026810,0.1233075167325184
3026811,319.57757697209604
3026812,0.20894905466129682
3026813,15.377416527125126
3026814,4.671778156524928
3026815,78.65206741634984
3026816,3.1162586338088674
3026817,210.9968475840697
3026818,272.993431865259
3026819,4.418397772803502
3026820,7.864375099073365
3026821,158.01745508505286
3026822,65.33204357446807
3026823,2219.8603099414813
3026824,0.6584365548527034
3026825,1.045231744872432
3026826,3.3238863055041543
3026827,0.13191345141632366
3026828,5.0559992783725285
3026829,2576.673115413889
3026830,0.1422255973908288
3026831,519.2473182110955
3026832,10.223978173034252
3026833,804.5207560604567
3026834,858.6375391301056
3026835,167.2639433566348
3026836,151.4146000548216
3026837,100.54500652710593
3026838,3503.722284108061
3026839,31.563899755715926
3026840,1.1358203202606658
3026841,21.66123479732561
3026842,19.10307986719817
3026843,0.35996647706339746
3026844,241.90930524420168
3026845,16.26861322215575
3026846,36.89250633017981
3026847,4.023746062565158
3026848,93.33269234745177
3026849,9.76471171704562
3026850,246.1472657656943
3026851,215.56747108255558
3026852,12.168818549603044
3026853,11.100389397601091
3026854,268.28990547032834
3026855,109.04781012000663
3026856,4103.080626458368
3026857,0.6937617062978364
3026858,13.275331116535682
3026859,4.868871029517594
3026860,0.05863255330891878
3026861,5.221282842610691
3026862,2052.563936842936
3026863,0.05131634093873592
3026864,432.38014658238546
3026865,10.89262786031793
3026866,894.2080364564442
3026867,722.0167903002293
3026868,170.56073343096713
3026869,107.86933212767799
3026870,111.5659170697229
3026871,3108.406384373334
3026872,18.695122543632127
3026873,1.0258971274827222
3026874,18.703284572891686
3026875,24.731378726903124
3026876,0.26052525504276114
3026877,233.54482558136195
3026878,15.868130001190558
3026879,22.41942035250348
3026880,6.420328287654036
3026881,57.95040527436839
3026882,7.374466852911545
3026883,135.16965937134108
3026884,225.2194949143382
3026885,8.057276664214543
3026886,9.877388026678377
3026887,138.39126032480422
3026888,85.5606833430011
3026889,2514.016390948769
3026890,0.4998164273581249
3026891,15.596115960464129
3026892,6.342004657566255
3026893,0.21689588864893933
3026894,4.687006968603988
3026895,2712.2195885538426
3026896,0.13000039699148516
3026897,457.1971910679276
3026898,8.812040036036272
3026899,965.8142016386872
3026900,820.4752776393443
3026901,198.24046453825747
3026902,191.39063856771253
3026903,61.81820239821599
3026904,4111.527299789229
3026905,18.817294566175278
3026906,1.1344276773711848
3026907,21.180035905243123
3026908,18.01842415373798
3026909,0.35796112622704773
3026910,257.3815791847026
3026911,5.80670008172315
3026912,10.443557054862788
3026913,4.617556682273147
3026914,41.92166675898861
3026915,3.3107549853908322
3026916,158.74982191997657
3026917,234.12610147187726
3026918,5.374479150168405
3026919,8.605337790395868
3026920,169.49884797797753
3026921,72.7340289869464
3026922,1088.9485031063482
3026923,12.403920745657706
3026924,8.674281302457258
3026925,3.1185691809372336
3026926,0.03952915695036892
3026927,3.389765953836114
3026928,2314.599646532059
3026929,0.042152669929363916
3026930,403.17433510034414
3026931,8.069313327425768
3026932,701.6579602860932
3026933,717.0836651409968
3026934,200.03956874572788
3026935,146.90512068297303
3026936,89.54808462410278
3026937,3140.6236155787756
3026938,13.217262382924961
3026939,0.816749666358521
3026940,12.39203296738333
3026941,12.480149020016164
3026942,0.22752349531767962
3026943,178.65817318502343
3026944,14.793774442394357
3026945,18.416501658757717
3026946,2.49872877973553
3026947,51.38519440527994
3026948,6.12151720058244
3026949,232.9870592301902
3026950,214.49080477949246
3026951,8.101729714189204
3026952,8.586614245593568
3026953,345.2430507836517
3026954,77.87939703662481
3026955,2972.4660798061223
3026956,0.46517091365863084
3026957,19.007282911490634
3026958,3.8621668904775035
3026959,0.19136898622139772
3026960,2.02101383678636
3026961,3513.6406715220924
3026962,0.11226054952915035
3026963,321.84790316057655
3026964,8.775734459500686
3026965,1295.3077804094241
3026966,712.7230546776184
3026967,237.01385153314425
3026968,124.89161121936006
3026969,57.938055663208445
3026970,4911.317835891723
3026971,8.047236566090241
3026972,0.6188280851373612
3026973,21.34938563942944
3026974,21.97802289372977
3026975,0.19496404055942815
3026976,290.70236065776214
3026977,0.7338718221420443
3026978,0.6947833883524956
3026979,4.553491720313399
3026980,32.28842526739751
3026981,1.2373082178310812
3026982,124.39593938465252
3026983,250.19993922901622
3026984,1.5923468692734373
3026985,5.0943621637586896
3026986,158.74818639786403
3026987,55.26346773331128
3026988,918.1798207060112
3026989,0.3411184061179088
3026990,2.8226071961965142
3026991,3.9915459345198965
3026992,0.08943293760646556
3026993,3.471680901783313
3026994,2062.827564984687
3026995,0.09483876594575766
3026996,391.91374324021433
3026997,10.043919691772565
3026998,809.6151897714203
3026999,531.7581995187345
3027000,186.77098641380377
3027001,109.12809992219178
3027002,93.3317276295248
3027003,3045.374301368189
3027004,19.576533407353498
3027005,0.821545399141882
3027006,17.013254608349232
3027007,27.073566600987963
3027008,0.2523253608535968
3027009,185.97820562750164
3027010,9.27034298443337
3027011,26.406852722951736
3027012,4.843338763824637
3027013,44.67860215872087
3027014,8.054342519376041
3027015,159.96882570254536
3027016,206.46100599108053
3027017,9.287129459395201
3027018,8.506005581192934
3027019,159.8578908819236
3027020,61.83852541130519
3027021,2513.9822625247093
3027022,0.676038731858186
3027023,7.088931556727199
3027024,4.79288510569253
3027025,0.2676331296272051
3027026,4.904844055746164
3027027,2456.4549789529474
3027028,0.2607892030609409
3027029,433.8680515776983
3027030,6.8878240747027535
3027031,709.2360053115004
3027032,662.1097302783514
3027033,177.6088253579239
3027034,124.63320538079036
3027035,94.35660701162558
3027036,3100.5993300581254
3027037,25.882053715795166
3027038,1.17098106058006
3027039,19.13758540172244
3027040,17.28819332663951
3027041,0.5463554369481206
3027042,236.6914349917174
3027043,6.998405785402
3027044,39.29662839342138
3027045,8.074803392867997
3027046,83.29660078343468
3027047,5.040891034370529
3027048,194.22189314530914
3027049,217.80484693197698
3027050,7.497301056591501
3027051,5.1166895556508685
3027052,245.05446117078452
3027053,84.74297378952673
3027054,4107.390512619499
3027055,1.0826340413618196
3027056,17.842745691360882
3027057,4.294929765331221
3027058,0.10540003983786927
3027059,2.134045253636673
3027060,3054.6677860329946
3027061,0.08732538332985174
3027062,304.6463121703805
3027063,5.25958703938129
3027064,947.3926752437249
3027065,575.814525441035
3027066,233.05618026055615
3027067,127.97506190795761
3027068,47.731899334705524
3027069,4054.2152199020234
3027070,3.9330501458061535
3027071,0.6255059151660252
3027072,12.458780322888199
3027073,15.720370646405822
3027074,0.19201664178889333
3027075,208.28021305581518
3027076,0.20249834513686585
3027077,2.024865079338353
3027078,1.9811407586743028
3027079,36.8726100301459
3027080,1.5913062015858284
3027081,147.7129744077375
3027082,230.29112672021395
3027083,1.814469613074879
3027084,3.7817212191405245
3027085,144.62655271514174
3027086,48.592641297687265
3027087,601.0885184564438
3027088,0.7345060970321755
3027089,0.9770457833500114
3027090,13.371262120294821
3027091,0.6780895895665606
3027092,13.78743285871979
3027093,7803.076490085368
3027094,0.746698961626405
3027095,1504.8159736568232
3027096,30.685749562284627
3027097,2102.834740436199
3027098,2392.5589484162483
3027099,568.8376429569803
3027100,567.3366093006414
3027101,331.6525255774054
3027102,9720.684495906438
3027103,75.49780208036462
3027104,2.6061599377766465
3027105,72.27268060207588
3027106,88.88312199353817
3027107,1.2195804072547562
3027108,483.1097172075986
3027109,49.904765916604404
3027110,36.11905581460355
3027111,26.188967313408625
3027112,220.53196269832947
3027113,20.285411566301512
3027114,906.9637692385153
3027115,563.3638386295005
3027116,29.343331727580264
3027117,33.7932021316814
3027118,938.1278306067966
3027119,388.96729412330353
3027120,11027.499840396418
3027121,93.49294429796845
3027122,85.36120753106454
3027123,10.356571464849878
3027124,0.2766064201857804
3027125,10.533548337038527
3027126,7134.1044792025305
3027127,0.37642291460936367
3027128,1222.0590445461598
3027129,25.7813541908294
3027130,2073.5081085556935
3027131,2048.43235373719
3027132,596.3512378972316
3027133,353.9174284919636
3027134,261.66793234212736
3027135,9917.313410791172
3027136,63.35530374670989
3027137,1.2548532613868606
3027138,46.01050109850189
3027139,71.4940213747613
3027140,0.8059985939726957
3027141,521.6207783469736
3027142,35.19785751741998
3027143,47.58248708780563
3027144,11.550886880347562
3027145,158.92101999314372
3027146,14.381903886347468
3027147,908.1292361992861
3027148,590.1625152320607
3027149,24.380268946590377
3027150,28.433385443655872
3027151,971.4011886688272
3027152,294.29372938156644
3027153,8785.375876954202
3027154,78.14238854978234
3027155,65.86695669865463
3027156,9.932666152576498
3027157,0.2001313201002211
3027158,11.543238762795593
3027159,4742.889190852848
3027160,0.26076719358058986
3027161,844.4342686379523
3027162,17.291717086501674
3027163,1795.9387606466732
3027164,1303.6468532141434
3027165,550.919310080796
3027166,166.22656649956232
3027167,154.5666982357238
3027168,7722.961893489474
3027169,35.74731122259832
3027170,1.1181652353065954
3027171,28.564433987597877
3027172,37.27177553908322
3027173,0.6325826812906838
3027174,394.4695267653723
3027175,36.88060699571635
3027176,33.26324618709587
3027177,8.107366813949504
3027178,78.97867461075464
3027179,9.995984373138345
3027180,790.4968651094383
3027181,552.1190378255382
3027182,18.72262923184409
3027183,23.405228700641914
3027184,658.6458783549363
3027185,139.42498525572165
3027186,3842.520260801544
3027187,75.18116346658967
3027188,37.922384886859845
3027189,10.622365861209689
3027190,0.2824049360747157
3027191,12.850169776326279
3027192,6830.968589683788
3027193,0.37737226255195566
3027194,1194.9887693096875
3027195,23.125336672955058
3027196,2309.7235735716486
3027197,1961.0851206062885
3027198,580.4375750268935
3027199,309.9265378950363
3027200,224.64663069987932
3027201,9735.749485109982
3027202,55.884157549746426
3027203,1.4631031837944708
3027204,47.11954599353736
3027205,66.82090007349355
3027206,0.8114179712859882
3027207,463.188501908218
3027208,32.23180240878862
3027209,34.869755882021074
3027210,9.850699710995203
3027211,116.81447601493275
3027212,12.929765716441343
3027213,780.7779277884924
3027214,662.0316947885601
3027215,23.447040636100375
3027216,24.21677357023474
3027217,925.2009608251427
3027218,238.29220906913827
3027219,7126.457507670912
3027220,75.7304405624582
3027221,62.63157513201768
3027222,7.569281379073769
3027223,0.0
3027224,8.76091058593348
3027225,3876.834057936895
3027226,0.02552713230436313
3027227,733.0971728427273
3027228,15.36136367209425
3027229,1616.144470539419
3027230,983.1016997368306
3027231,471.9029843771575
3027232,117.70812185643987
3027233,104.56619726743962
3027234,6741.469965929804
3027235,28.80325947346777
3027236,0.7794636489613767
3027237,25.66016037741321
3027238,31.92992322285644
3027239,0.30264882917540525
3027240,349.2841082248583
3027241,28.367868260068576
3027242,15.78054339713627
3027243,7.160034547141982
3027244,81.32070758679328
3027245,5.959938593614434
3027246,633.578283941837
3027247,482.305181542406
3027248,13.218047018857424
3027249,15.321752621208883
3027250,573.6167655182979
3027251,99.25680239812074
3027252,3221.2818551904465
3027253,71.88524339593026
3027254,22.86368410906492
3027255,9.446906126855604
3027256,0.24033917611145225
3027257,9.51044533873858
3027258,6620.5474861484645
3027259,0.32830252958022105
3027260,1172.9846435335533
3027261,26.28811821636817
3027262,1649.9503289773959
3027263,2010.4584120831908
3027264,412.3889488370378
3027265,387.04415401935375
3027266,280.2984595409556
3027267,8081.895728936338
3027268,56.991417701108794
3027269,1.3950424762573683
3027270,46.184504042335796
3027271,56.19564800402592
3027272,0.7195935234923054
3027273,375.0124405511325
3027274,31.971065085607894
3027275,54.89490979269612
3027276,11.007653273311565
3027277,162.11363144542807
3027278,15.351412384385638
3027279,659.3821713484313
3027280,442.98536873896586
3027281,23.27833836633074
3027282,26.120421853831836
3027283,800.9329702988576
3027284,270.84409859669086
3027285,9768.736613503392
3027286,65.59510177162957
3027287,70.76405201649384
3027288,4.613655463331536
3027289,0.1970221861079457
3027290,5.311405263226812
3027291,1748.574965206706
3027292,0.16829713772262286
3027293,295.76222146726076
3027294,13.495577203072257
3027295,704.4111710990094
3027296,492.319304953303
3027297,185.62053858198738
3027298,111.67308295079954
3027299,93.59994406747148
3027300,2690.3306591845435
3027301,16.27421896331653
3027302,0.9563804470693489
3027303,20.671372488889034
3027304,24.447561347096602
3027305,0.3880137067502007
3027306,178.684152456138
3027307,10.041702392470636
3027308,8.88991422382176
3027309,8.467363805102767
3027310,46.153991830615205
3027311,5.630067209397645
3027312,239.4294864710246
3027313,227.5220139311781
3027314,4.685949053028457
3027315,9.479834135495459
3027316,221.0153609443532
3027317,70.9558592064537
3027318,2046.1092156061873
3027319,0.5715156246721833
3027320,12.506838225352052
3027321,7.591523956389929
3027322,0.11609565748682259
3027323,8.164766137633814
3027324,3683.5700446855117
3027325,0.11621434861535207
3027326,602.4625917874662
3027327,18.57296111738403
3027328,1277.903447059114
3027329,913.913983444817
3027330,379.9861689346408
3027331,104.40321216754728
3027332,108.88282118819839
3027333,5450.683102150257
3027334,32.81781314326088
3027335,0.9592240149780622
3027336,34.93526425608315
3027337,44.217190621658915
3027338,0.34282178475403746
3027339,303.73854373576165
3027340,18.334568476451814
3027341,14.572612824364878
3027342,3.8651255781378437
3027343,66.86832079646643
3027344,7.71203262179577
3027345,452.67830964251334
3027346,419.7139153180164
3027347,11.785981304282455
3027348,16.27354273854275
3027349,381.7838966142176
3027350,104.517076179275
3027351,3423.8047323377928
3027352,68.3091879409488
3027353,22.242093412802568
3027354,6.604740008244661
3027355,0.15806052183023475
3027356,6.093634272899622
3027357,4470.84449864952
3027358,0.24749649021663542
3027359,820.5169157497353
3027360,13.848060797628916
3027361,1097.2258483834103
3027362,1342.3980436040258
3027363,246.9485537164673
3027364,265.6135451295647
3027365,177.61831076309156
3027366,5113.66184730302
3027367,20.940217672734796
3027368,1.2032034158150209
3027369,22.998496071738046
3027370,36.50014262838871
3027371,0.615126964123918
3027372,251.397417161818
3027373,4.0980674401678225
3027374,43.859529731217336
3027375,4.224389888096018
3027376,110.05241291458957
3027377,10.547146189532675
3027378,583.4454525984685
3027379,269.650366604681
3027380,15.158415941692136
3027381,11.451172423157868
3027382,652.0203201802001
3027383,148.68239264466197
3027384,6649.116841361134
3027385,1.7587604168014335
3027386,32.44601152013129
3027387,6.997391684942833
3027388,0.7991118538313017
3027389,3.4129856204782265
3027390,3342.364029582512
3027391,0.8285311939204296
3027392,760.4708385537307
3027393,13.711674869638562
3027394,1039.6968227092595
3027395,923.1341313278132
3027396,370.19521200388664
3027397,190.06302024069402
3027398,219.80384206199346
3027399,5745.760335466877
3027400,10.869526468120092
3027401,1.9744006044393514
3027402,13.78295407286439
3027403,35.35446137490089
3027404,1.2364851833026638
3027405,159.2116398038366
3027406,4.843738467348564
3027407,19.327301257272737
3027408,5.77764715454631
3027409,175.87031308478714
3027410,4.529642916352958
3027411,322.83176528731474
3027412,405.7283261627389
3027413,5.594675166666185
3027414,8.043718170933193
3027415,300.61492843867927
3027416,134.3882806280277
3027417,4311.263585048888
3027418,1.8930810813607777
3027419,13.096303771994672
3027420,5.678423897218233
3027421,0.10135545662306306
3027422,4.817646740724065
3027423,1928.8254209180914
3027424,0.07579973159784686
3027425,377.75352827316146
3027426,8.867649934166899
3027427,831.1948968683979
3027428,538.8607811289481
3027429,196.8698186359953
3027430,108.07196222019053
3027431,96.47880480940822
3027432,2879.417845719126
3027433,15.88372811499451
3027434,0.9411105713151201
3027435,19.22569755208393
3027436,26.755885452369697
3027437,0.2694226364580129
3027438,232.93826848373988
3027439,3.7738750107087125
3027440,10.021536218429837
3027441,3.9373083235412203
3027442,72.29718855236969
3027443,4.476217865106362
3027444,191.4732691505856
3027445,216.47351249970853
3027446,5.763561375283518
3027447,7.506723330186858
3027448,198.53244517798635
3027449,75.35920790011886
3027450,3615.516731755801
3027451,0.8190246252054311
3027452,7.818622260007039
3027453,3.7158331864793492
3027454,0.03176579889433936
3027455,0.4882914065458983
3027456,1609.7989618503532
3027457,0.0
3027458,168.20551108718553
3027459,3.2999328645561574
3027460,729.840529339677
3027461,285.21845811850795
3027462,159.68876673192847
3027463,63.28188700990036
3027464,25.176874713075563
3027465,2707.346834712952
3027466,4.598886812809977
3027467,0.4096785116527576
3027468,11.264509214413746
3027469,8.975460782261102
3027470,0.06831410001240497
3027471,167.5975119147704
3027472,0.2599018962519968
3027473,0.25888243372093556
3027474,1.9109903779051465
3027475,20.521754152601105
3027476,0.6060717693028055
3027477,58.19805427244711
3027478,146.58289010020607
3027479,0.5388767053702056
3027480,2.6202370857856296
3027481,50.39781004224474
3027482,32.80936080022316
3027483,381.0694470809435
3027484,0.2366344322216059
3027485,0.9341149457408484
3027486,4.650287211328914
3027487,0.03998173846488371
3027488,3.8141906627671127
3027489,3299.9712025311874
3027490,0.06330508602265
3027491,532.7079355971155
3027492,13.05146385099414
3027493,966.5152283033771
3027494,906.2406720038139
3027495,268.8888601935277
3027496,174.77987458781084
3027497,113.61934022841173
3027498,4268.640908933779
3027499,27.8483131930077
3027500,0.8121212200426444
3027501,24.61630476738223
3027502,40.53679482969482
3027503,0.2749658678532376
3027504,213.4389545820906
3027505,18.44428082215317
3027506,16.686755905737066
3027507,7.913594893167559
3027508,69.4003851870829
3027509,6.237179917490199
3027510,359.5948396600677
3027511,274.4267492675929
3027512,8.304322002882817
3027513,11.375145123706124
3027514,494.4047088220701
3027515,108.03075356335125
3027516,3552.280752509039
3027517,0.37569710593537575
3027518,33.415383979156665
3027519,4.003150149578409
3027520,0.15841286395677825
3027521,3.910881893928593
3027522,4048.0319858735193
3027523,0.22569388098728757
3027524,708.0348429612023
3027525,14.311113978263297
3027526,988.2099165726163
3027527,1275.042744755663
3027528,208.0123502420842
3027529,268.5562700129523
3027530,178.4877973770885
3027531,5016.937747245607
3027532,30.083989230468646
3027533,1.3180199134380235
3027534,24.77007982523401
3027535,26.48033059715921
3027536,0.49059277697586207
3027537,229.53008833432207
3027538,11.23293545528625
3027539,47.72324085706801
3027540,9.580749092111526
3027541,130.9104420660513
3027542,10.548713890210642
3027543,494.3279963227816
3027544,248.34249504347204
3027545,11.743105436279862
3027546,11.626781011272941
3027547,558.9333660335218
3027548,168.42608829782398
3027549,7218.836578207584
3027550,0.6963750834753615
3027551,45.95550480004327
3027552,5.484198736429411
3027553,0.33757838735073925
3027554,8.543739543397777
3027555,4175.4581189833925
3027556,0.36439202292460715
3027557,737.4081067994571
3027558,18.913200995897547
3027559,1144.533390187836
3027560,1255.7432099867226
3027561,276.53172612115435
3027562,278.0032072005065
3027563,178.6958430286445
3027564,5191.273350599922
3027565,37.23765759435622
3027566,1.7065358100892376
3027567,32.72297636084262
3027568,33.920546264037654
3027569,0.6970215624334308
3027570,300.35733610727664
3027571,26.95505343865829
3027572,44.33149608439861
3027573,15.473688875556075
3027574,127.4428593941486
3027575,13.61658625081791
3027576,447.4675345728241
3027577,297.3624695349001
3027578,15.7792182879539
3027579,18.26825216944098
3027580,538.4329595004402
3027581,174.1587246206161
3027582,6632.251586113759
3027583,0.9814095670860113
3027584,48.36591041296291
3027585,8.133156248177995
3027586,0.24711716140220436
3027587,5.865914106576836
3027588,3433.623735035736
3027589,0.12574184020084053
3027590,468.02996094885407
3027591,11.173049892740577
3027592,1355.3017433522045
3027593,1044.5984821455029
3027594,401.4264873348924
3027595,133.24780909772713
3027596,71.97686582106913
3027597,5393.797154156702
3027598,10.193530110662401
3027599,1.1058724268733937
3027600,23.32421117724421
3027601,30.64022574463855
3027602,0.3631892953696792
3027603,351.1648383092378
3027604,10.688451348499779
3027605,3.962382366986234
3027606,8.37905676238624
3027607,38.76989181117082
3027608,3.3958479993636876
3027609,359.37413104545976
3027610,353.654636816261
3027611,5.1798441213104525
3027612,11.095662927660605
3027613,357.03605829695954
3027614,73.67925112955655
3027615,995.7663641144195
3027616,37.81339238230947
3027617,11.966060127055496
3027618,3.286644081104794
3027619,0.12809175783583338
3027620,4.273654548518964
3027621,2149.894988344202
3027622,0.15892512427056857
3027623,339.1617755690718
3027624,11.265116354757769
3027625,646.110807421381
3027626,589.1692331440132
3027627,124.03981554415512
3027628,133.20214695458827
3027629,89.54795807298332
3027630,2882.5011005837414
3027631,20.3945066851227
3027632,1.0608656704136794
3027633,18.66183725951335
3027634,28.22811475484069
3027635,0.32864111828992787
3027636,161.21378861833105
3027637,11.745732259446005
3027638,11.128941371330896
3027639,4.869036887029219
3027640,83.34024475820712
3027641,6.8518419472173235
3027642,247.3186791144064
3027643,147.69261899689724
3027644,6.961042167838314
3027645,8.644990995688131
3027646,259.57509130728886
3027647,89.10414001490035
3027648,1762.598214318626
3027649,0.45122275579493587
3027650,18.583808403057834
3027651,2.177674020725539
3027652,0.0
3027653,0.5623433004341312
3027654,1127.5993252767719
3027655,0.0
3027656,106.1463221535011
3027657,2.6942092678814307
3027658,637.5519628194145
3027659,221.1165516346958
3027660,189.60298362569424
3027661,39.55470111052482
3027662,28.023060744741283
3027663,2333.2403666068576
3027664,2.1196885614485717
3027665,0.2795674567299956
3027666,8.519837435369002
3027667,8.091511683690387
3027668,0.0
3027669,134.34838655990288
3027670,1.344708328334351
3027671,0.24652114162456265
3027672,1.3327904255256835
3027673,8.810548677876547
3027674,0.5709163780235467
3027675,192.38594574870373
3027676,146.988086434073
3027677,0.6637589328657068
3027678,2.454858845426179
3027679,102.72705690234204
3027680,17.780235859132603
3027681,208.31715824684983
3027682,4.465209682310075
3027683,1.7451354155004961
3027684,6.221618865343952
3027685,0.2076397427375195
3027686,4.559971439331673
3027687,3789.920540186154
3027688,0.13238684916411175
3027689,458.84215073945506
3027690,11.473299498653846
3027691,1524.5223329649575
3027692,700.7859169945032
3027693,416.79857819394647
3027694,106.16321790018245
3027695,66.14058626843486
3027696,6235.071598433886
3027697,14.327914585177291
3027698,0.8448140376941192
3027699,21.385843482386925
3027700,18.761498266332314
3027701,0.3945239547916058
3027702,343.00969543684516
3027703,7.7299690376991945
3027704,2.3779004171150655
3027705,6.203312544915767
3027706,28.342482203449734
3027707,2.3156659470668957
3027708,620.5754287099362
3027709,378.0910810607082
3027710,2.460615758207181
3027711,10.29379474860624
3027712,337.3379952329552
3027713,56.07380732936951
3027714,995.3414287668858
3027715,46.28613506556303
3027716,7.483694986835249
3027717,3.9340410243561985
3027718,0.10371529845888632
3027719,0.7302366507038195
3027720,1593.6957673232755
3027721,0.06787192944115727
3027722,166.5306781057047
3027723,5.9630417243453495
3027724,676.7745575747693
3027725,314.4476494478081
3027726,185.73836914276808
3027727,61.51101866276743
3027728,29.410574362679924
3027729,2673.375327175017
3027730,4.460343445237805
3027731,0.5317880116504111
3027732,9.38511314494491
3027733,9.761926490856792
3027734,0.15585242746515626
3027735,160.97175294760584
3027736,1.1192871628848153
3027737,0.5531308804021565
3027738,5.033970634434056
3027739,18.376576135707474
3027740,1.157099789968759
3027741,208.47095135018236
3027742,184.7438803101291
3027743,1.1536427567844358
3027744,4.12240914014675
3027745,120.41312420658986
3027746,26.747097389786465
3027747,325.70122528707674
3027748,0.3028634525912151
3027749,2.2533195999127176
3027750,3.4400354968557196
3027751,0.0
3027752,0.619943469343766
3027753,1341.7387649195007
3027754,0.0
3027755,117.04942377033981
3027756,3.7217708061818593
3027757,630.6444250067354
3027758,230.9946942861567
3027759,136.841798097432
3027760,44.17752284655008
3027761,27.435858394181132
3027762,2546.463667140691
3027763,4.065272442207351
3027764,0.2629228007260349
3027765,8.00757482843497
3027766,7.916270357645076
3027767,0.0056615380362501746
3027768,126.65415173089615
3027769,1.887273060763126
3027770,0.22951545870115023
3027771,1.8194613954456935
3027772,14.943955933455797
3027773,0.6642676312867737
3027774,169.58518271479034
3027775,144.73028590251036
3027776,0.6122790587598678
3027777,2.8230580605074196
3027778,88.32345532539699
3027779,23.322656138323097
3027780,187.7600410388685
3027781,9.559693410393558
3027782,1.5280113889294558
3027783,2.947383174141276
3027784,0.0
3027785,1.586344529756248
3027786,1329.012584616393
3027787,0.0
3027788,176.23506529244355
3027789,4.677317398320195
3027790,812.8099185082112
3027791,333.76547229212423
3027792,209.29853343348128
3027793,47.44456355831002
3027794,33.55909824364274
3027795,2966.124228831202
3027796,4.146282201693676
3027797,0.2737736087203981
3027798,15.859372508649251
3027799,15.970751294679399
3027800,0.03534655613510884
3027801,206.36531805845843
3027802,0.660016859255081
3027803,0.347395500270253
3027804,2.139927083028279
3027805,15.08437219763216
3027806,0.992950976379618
3027807,221.17150960888137
3027808,201.87703462514486
3027809,0.8469335975852513
3027810,3.4496422303581724
3027811,74.68857581906252
3027812,40.77548242931895
3027813,347.571531649131
3027814,9.797413872781153
3027815,2.689426762482834
3027816,2.625582115368895
3027817,0.3009284812759023
3027818,2.370260506926586
3027819,1639.6992068251577
3027820,0.10496678942526347
3027821,162.6148721184226
3027822,4.4444574221517055
3027823,748.5146360017679
3027824,285.93065333984845
3027825,232.44323238361528
3027826,79.64948250439718
3027827,50.62151918644837
3027828,2981.895573705559
3027829,5.612469892119766
3027830,0.7619295011704383
3027831,17.99486133214566
3027832,16.137160084941968
3027833,0.20292952278106038
3027834,193.8746145401509
3027835,5.04933437824158
3027836,0.708588000861234
3027837,4.74557677569912
3027838,24.943302107041436
3027839,1.4797505795894415
3027840,175.80319256064388
3027841,180.9258403982411
3027842,1.1903443336425878
3027843,3.8914010940469805
3027844,120.51484355150612
3027845,38.50127847115877
3027846,494.1491262172683
3027847,12.779535781150038
3027848,3.867707111715375
3027849,2.992337643264114
3027850,0.0
3027851,1.322130293527387
3027852,1106.0103943337033
3027853,0.0
3027854,120.739385605942
3027855,3.2347789432801872
3027856,606.195738711787
3027857,190.89537821021926
3027858,139.88391763187352
3027859,90.07826423324393
3027860,28.178678786868957
3027861,2252.106484990956
3027862,2.982071463496184
3027863,0.25684799738676295
3027864,9.02572381776287
3027865,10.213109175649441
3027866,0.0
3027867,136.7663012354398
3027868,0.030988382012622356
3027869,0.22825014519889375
3027870,1.5287754595506486
3027871,16.17457504929332
3027872,0.6261526799632108
3027873,106.55822175911501
3027874,130.97356976515013
3027875,0.5785433338128247
3027876,2.3145188073974086
3027877,66.3279380928164
3027878,28.80464892112124
3027879,273.1764732703857
3027880,0.08307278809089597
3027881,1.0221751050242494
3027882,5.190323376322475
3027883,0.16239818218582347
3027884,2.5972598667279643
3027885,2787.173523256838
3027886,0.07015941958616784
3027887,326.38310290483537
3027888,7.614037489542703
3027889,991.8875483340358
3027890,554.6893028754507
3027891,321.2212554840457
3027892,132.6255971429032
3027893,77.83214542133828
3027894,4617.9102687271115
3027895,6.925295511473033
3027896,0.5605714727062959
3027897,15.238974839862186
3027898,22.388278115109106
3027899,0.17396688724619416
3027900,249.18775914752038
3027901,1.5638572341995123
3027902,0.5660682990690544
3027903,9.680089598791527
3027904,25.698018959596286
3027905,1.4161300033924398
3027906,359.87027997458597
3027907,261.36729519604785
3027908,1.5999708912724664
3027909,5.806683631419831
3027910,263.8983994960565
3027911,65.82023716170167
3027912,975.4116151562043
3027913,13.46264536665411
3027914,8.900643744545938
3027915,1.0926274092542358
3027916,0.0
3027917,3.8408182764203236
3027918,1915.4389688434749
3027919,0.0
3027920,236.3522558189121
3027921,1.9539064560614872
3027922,674.3202169482748
3027923,427.6118987835504
3027924,166.27517260527358
3027925,118.3531293674254
3027926,44.179782809461784
3027927,2894.5387843444
3027928,3.80987793090623
3027929,0.0
3027930,5.289668873357173
3027931,15.748381181843442
3027932,0.0
3027933,133.71376881964952
3027934,2.658889629515791
3027935,1.1468379033002774
3027936,5.622729317192478
3027937,37.99533776065731
3027938,0.6413140802636521
3027939,196.4867526139105
3027940,152.92162686861843
3027941,1.1963915010797619
3027942,2.4336072736270404
3027943,125.62074790167581
3027944,9.645950201717847
3027945,365.11329537790994
3027946,27.710429057545092
3027947,1.8820941360097383
3027948,4.478915702470738
3027949,0.062053171937883615
3027950,1.1996413611907755
3027951,2032.3746775754207
3027952,0.0
3027953,160.06310221787902
3027954,5.1496369662398145
3027955,715.6173730540742
3027956,274.87018379551046
3027957,206.44876322752975
3027958,52.806642852766274
3027959,34.5359998349314
3027960,3433.1512599033185
3027961,5.68841963529464
3027962,0.5847790328083509
3027963,14.484705093551797
3027964,9.856201339431419
3027965,0.09765734289197563
3027966,168.52767957225376
3027967,4.261073530476994
3027968,0.4809419938865137
3027969,2.801658652434629
3027970,21.360788734463526
3027971,1.2991615389858913
3027972,158.90110201501946
3027973,168.24496179065193
3027974,1.0623043380563537
3027975,4.048270525232016
3027976,100.59327636821698
3027977,30.134715372456323
3027978,331.79787890712055
3027979,6.047342443835046
3027980,3.788026601522274
3027981,4.315690281993679
3027982,0.07393564834895114
3027983,5.63630500672061
3027984,2634.4816044226995
3027985,0.06637452169342117
3027986,556.4564073328296
3027987,11.646833312018561
3027988,783.7185188709188
3027989,852.4887860704023
3027990,234.36533699814876
3027991,154.7311038705529
3027992,116.18506354643281
3027993,3900.79700231273
3027994,22.579624339285147
3027995,0.9536792559635529
3027996,16.61833846451276
3027997,23.390320630980774
3027998,0.32842448898968896
3027999,175.9694574547889
3028000,18.301691195395744
3028001,9.885471177330437
3028002,9.751942282234403
3028003,51.8394551874735
3028004,7.188159063777896
3028005,372.9959099013135
3028006,252.96300795610276
3028007,8.42468275898757
3028008,9.958996102161192
3028009,401.232200458321
3028010,101.08952361205556
3028011,1842.7097346282671
3028012,0.4477716243578638
3028013,22.42891798936592
3028014,6.2522919160916235
3028015,0.12845792197111666
3028016,5.450293964644446
3028017,2430.1196513933032
3028018,0.08252927651732998
3028019,340.3221037569208
3028020,8.565379574153125
3028021,936.8273224023118
3028022,571.0830069097643
3028023,365.9754396834643
3028024,84.55095401728178
3028025,58.40451513712769
3028026,4254.076173693583
3028027,10.599348062921955
3028028,0.9200234342077797
3028029,20.021076814648513
3028030,16.121729148913737
3028031,0.3674316727270821
3028032,304.04093691554965
3028033,5.623721717033191
3028034,4.308827894631966
3028035,4.994160655228198
3028036,28.82897989392695
3028037,2.2489492186823736
3028038,481.13766839202583
3028039,324.9070409600703
3028040,4.676058969707032
3028041,8.531013543806816
3028042,260.3938741772305
3028043,53.90123292266968
3028044,1495.105814445018
3028045,33.67917243264506
3028046,8.92825029018236
3028047,7.095941896369484
3028048,0.24224007711443202
3028049,4.027105121031633
3028050,2028.5976625045175
3028051,0.11963944937916533
3028052,346.5693706239326
3028053,5.155288399392484
3028054,868.956008296961
3028055,435.5904198186937
3028056,250.21165957026497
3028057,131.78650992672908
3028058,58.43039936795369
3028059,3809.3789017174763
3028060,12.372224021954677
3028061,0.9491259674181073
3028062,22.56910533596035
3028063,21.64696776212067
3028064,0.3818053734917513
3028065,281.6108285090642
3028066,1.9179017864618952
3028067,2.232340271898389
3028068,5.938521177556419
3028069,47.19390726780099
3028070,1.4448823159515425
3028071,221.8212105961701
3028072,254.314087984364
3028073,2.5351411570170703
3028074,3.427757724692561
3028075,155.1939960185497
3028076,64.06371043527886
3028077,1030.7064210430142
3028078,0.8469963902874342
3028079,6.399903525276375
3028080,3.7803032815070887
3028081,0.05335087028796383
3028082,1.0113511636549137
3028083,1084.8457991319292
3028084,0.048091952577390976
3028085,147.6163579255131
3028086,5.597185494388153
3028087,550.2874876711516
3028088,240.49763957157307
3028089,131.10962797735203
3028090,58.25235656879303
3028091,44.83201978017393
3028092,1951.8414667030615
3028093,5.9429710406093905
3028094,0.7148550645823235
3028095,16.368960728947176
3028096,17.31166401994343
3028097,0.2679958336275723
3028098,162.94730943927058
3028099,1.0965921889116785
3028100,0.9685803185396319
3028101,4.212194288030836
3028102,34.47393284445296
3028103,1.2911744389118418
3028104,147.3823568914338
3028105,134.77486612590332
3028106,1.3740279494918346
3028107,2.7924243283534085
3028108,100.12317857126078
3028109,32.51242592890429
3028110,302.49893707590724
3028111,18.566635416097288
3028112,3.3818737993197603
3028113,2.296316929674079
3028114,0.0
3028115,1.5289266167127022
3028116,1612.0167450202166
3028117,0.0
3028118,255.4153589391545
3028119,7.830618218573637
3028120,453.90026355417257
3028121,439.1146731577017
3028122,121.32853949572889
3028123,60.67392055103321
3028124,51.66357297759582
3028125,2107.4986819037413
3028126,13.031025083826957
3028127,0.42135023175180386
3028128,8.994826162850982
3028129,13.940399934693724
3028130,0.12553420237266977
3028131,95.25488539792357
3028132,6.814704448165376
3028133,1.9795266038639874
3028134,5.887442950599039
3028135,41.86886558923899
3028136,3.0905023475761357
3028137,347.9323697553051
3028138,130.57142050939393
3028139,2.9343542115877215
3028140,4.841624212664081
3028141,260.19325247790965
3028142,42.54111343195428
3028143,878.2931744330506
3028144,0.2259450593595153
3028145,9.471384153577159
3028146,3.7677594967842136
3028147,0.2020232275288673
3028148,6.751922089427344
3028149,3575.8228867048374
3028150,0.25193659639345667
3028151,767.1947568426648
3028152,15.225730061480434
3028153,1115.6451256725334
3028154,1261.4250228255041
3028155,267.52193527830804
3028156,168.84285770404176
3028157,141.065851110641
3028158,4314.331536577772
3028159,23.52649708331893
3028160,1.1814131440420252
3028161,24.651713016057464
3028162,41.001076638222756
3028163,0.4659740483729169
3028164,221.01237269314902
3028165,12.97005699391501
3028166,22.561517785936893
3028167,5.813909081789931
3028168,82.52525170235154
3028169,11.663308325657017
3028170,308.07073620510414
3028171,250.79201221500222
3028172,14.995072031789244
3028173,13.444888538961582
3028174,365.5296654100749
3028175,103.22915962809591
3028176,2904.5072467179534
3028177,1.043555272888846
3028178,28.91119840315033
3028179,1.0127033224482942
3028180,0.0
3028181,0.5083767059689939
3028182,1535.096998899155
3028183,0.0
3028184,247.56774010662744
3028185,2.489042911957542
3028186,436.940955601993
3028187,361.75584690307153
3028188,98.45277041620048
3028189,88.35609125119481
3028190,20.588225299206083
3028191,1926.1030445097354
3028192,3.978506600891347
3028193,0.0
3028194,16.408802702705287
3028195,17.77870327816248
3028196,0.0
3028197,12.574551237818788
3028198,0.0
3028199,5.513668002455097
3028200,1.24906236185823
3028201,63.38484262083881
3028202,1.6779343451069266
3028203,105.88886430444062
3028204,107.58595079669794
3028205,2.257434085440382
3028206,2.184228417511067
3028207,111.1368053752845
3028208,17.602252031776217
3028209,126.52900840537384
3028210,0.0
3028211,1.0441033636481725
3028212,2.699368484304406
3028213,0.0
3028214,1.8151755404067744
3028215,1047.104257356504
3028216,0.0
3028217,153.07077543154108
3028218,4.081122183108465
3028219,284.38595995642953
3028220,207.62751627783592
3028221,79.93049305346807
3028222,37.63510571073725
3028223,32.66201178319765
3028224,1554.652004195747
3028225,2.920734937516854
3028226,0.3609985304397427
3028227,9.667736161047504
3028228,8.696094630687313
3028229,0.04303283751936994
3028230,66.94784103415574
3028231,0.49566437579706885
3028232,1.9274622246976794
3028233,1.527535965151671
3028234,20.589211248684503
3028235,0.8576152398708444
3028236,156.83419378842783
3028237,98.09583542046136
3028238,1.3517462447394033
3028239,2.4848139820736277
3028240,108.762875100866
3028241,17.944919916541313
3028242,322.31563746332137
3028243,0.22535586705639668
3028244,1.7365286379855924
3028245,5.020030841666591
3028246,0.09256401479352831
3028247,3.419111345115061
3028248,2541.2145628878375
3028249,0.11411804444104356
3028250,559.446279350589
3028251,11.22159066067356
3028252,744.7321854142826
3028253,789.1810016083117
3028254,202.8022567485078
3028255,172.99953928424856
3028256,96.65015924280746
3028257,3456.6634908517317
3028258,17.497458259268676
3028259,1.0031769457313637
3028260,14.77199062052934
3028261,24.054279955010127
3028262,0.32678220646013156
3028263,174.91930386121328
3028264,6.310556113628816
3028265,17.419710654312205
3028266,3.961292327196814
3028267,82.76695305754656
3028268,6.4154464605941826
3028269,262.7277111942615
3028270,230.4831503503051
3028271,10.450581341561731
3028272,9.274989131666961
3028273,314.02319347834543
3028274,82.99134368857463
3028275,2030.510204392372
3028276,0.7205551768874472
3028277,18.323569413904096
3028278,5.552824075961584
3028279,0.09308520420940071
3028280,1.296015542121026
3028281,2467.599078742463
3028282,0.07355803981786271
3028283,434.65223210224985
3028284,9.204850983855334
3028285,941.8716131191686
3028286,682.5581965447168
3028287,291.82476411760723
3028288,168.12657102104285
3028289,63.984882699070084
3028290,4393.511379435942
3028291,7.045496912838462
3028292,0.8671520236133471
3028293,18.93602322457995
3028294,16.17393361074364
3028295,0.2889431872666359
3028296,239.0411029448079
3028297,0.35532162506138404
3028298,3.3478411568946314
3028299,4.14774008028833
3028300,47.9551189682253
3028301,1.6346967080817887
3028302,360.11056091019907
3028303,292.16525324667913
3028304,3.266781081918104
3028305,5.053268474531762
3028306,193.98958158534492
3028307,59.801753441784015
3028308,1438.532498874689
3028309,0.9259556837440972
3028310,3.9302354440952225
3028311,5.6328371673531485
3028312,0.13281803960972768
3028313,1.8709374596420396
3028314,2286.02219345515
3028315,0.11125340370743154
3028316,398.3442048570962
3028317,9.610239998145365
3028318,829.7521922339106
3028319,508.4525507156428
3028320,231.95853814081352
3028321,132.7528714160352
3028322,63.04444013358759
3028323,3564.5230820749994
3028324,10.960833920021386
3028325,0.8628643872775185
3028326,20.006122726033716
3028327,22.302346339094623
3028328,0.34465595038569136
3028329,288.404827800343
3028330,1.1117110679086828
3028331,2.8827448843901538
3028332,3.613368083373037
3028333,51.4763323195803
3028334,1.5188619966262837
3028335,286.5184661328656
3028336,224.7452229797475
3028337,3.241674098437917
3028338,7.1919687812395034
3028339,181.9300243546752
3028340,58.15995626627132
3028341,1999.469742309187
3028342,0.97228890453412
3028343,5.271500115162122
3028344,8.974984476041154
3028345,0.6444176704045745
3028346,11.222946112252817
3028347,7058.37188823272
3028348,0.6457679039787512
3028349,1169.0138842477509
3028350,29.90886111432125
3028351,1791.336082417049
3028352,2174.25295385776
3028353,402.7493061034938
3028354,457.6739783179079
3028355,271.3348014337211
3028356,9056.345622912884
3028357,73.98521800931404
3028358,2.5149151247392165
3028359,61.55492668578669
3028360,59.27785234624266
3028361,1.1587242478619018
3028362,341.00293029972136
3028363,31.90308461939464
3028364,36.82769295217219
3028365,20.9693627495779
3028366,177.54354552615266
3028367,18.548768935257712
3028368,775.5310286458415
3028369,467.1675355333648
3028370,21.052216530605826
3028371,24.825947960172847
3028372,975.476703441262
3028373,340.97928875595653
3028374,5218.577007282353
3028375,1.7401771388529061
3028376,76.0231680602404
3028377,2.3309196926777167
3028378,0.0
3028379,0.502498767837413
3028380,1292.2636706861902
3028381,0.0
3028382,135.5122522359941
3028383,3.412971648201435
3028384,460.04117765289254
3028385,222.83821878915748
3028386,101.02855214567093
3028387,87.77052352603334
3028388,43.244291223938575
3028389,1844.8989419558707
3028390,2.258910507990894
3028391,0.4056310752738174
3028392,12.318941144409624
3028393,9.651418283791715
3028394,0.07051593686805
3028395,106.53673539517979
3028396,0.49746770967283344
3028397,0.3947824515762623
3028398,2.105878706831963
3028399,22.45374497713088
3028400,0.8140516116851064
3028401,145.54977127721673
3028402,110.28890321648461
3028403,0.9155693031886988
3028404,2.556581517609421
3028405,70.37812781688315
3028406,22.45049282531692
3028407,405.9707345755319
3028408,0.20509851807263552
3028409,1.8258009800103547
3028410,7.384626017617791
3028411,0.3064154478226564
3028412,1.6936244592714227
3028413,2269.119887886229
3028414,0.19575463035595522
3028415,395.59310324179245
3028416,8.561503276316394
3028417,1003.488615475514
3028418,530.5913627147278
3028419,242.944236988757
3028420,180.63201815955847
3028421,54.183046271639576
3028422,4256.655117234424
3028423,7.147934243235852
3028424,0.7976788681524146
3028425,16.319365397203214
3028426,17.641789764917913
3028427,0.33824282607398437
3028428,222.34210151826989
3028429,1.6035495181220034
3028430,1.4687255440424114
3028431,6.620095768174311
3028432,23.953194042324974
3028433,1.1427566700316774
3028434,391.4829473473394
3028435,239.89628129022523
3028436,1.7737075611017494
3028437,6.840072553162737
3028438,164.07954609722165
3028439,60.49933453827968
3028440,991.0155700878846
3028441,0.6334115311368891
3028442,4.5917499812535905
3028443,1.4131483521095445
3028444,0.0
3028445,0.17956793198565346
3028446,837.245526364037
3028447,0.0
3028448,87.19757549925501
3028449,2.281048791274662
3028450,410.60847386440037
3028451,115.49330906087309
3028452,84.67882138429712
3028453,90.31711867052726
3028454,17.843929637083935
3028455,1663.5791953047756
3028456,1.5443460051590643
3028457,0.22160061983802992
3028458,5.331062724575153
3028459,4.252368705356181
3028460,0.0
3028461,84.55147715540315
3028462,0.0
3028463,0.14200911269613936
3028464,1.1604652650020875
3028465,12.472486473922718
3028466,0.2715659108247967
3028467,107.16139317770569
3028468,93.65750921928921
3028469,0.4514516813920906
3028470,1.572136128739701
3028471,49.74845288039302
3028472,13.376375334428282
3028473,159.5963927195159
3028474,0.04319677924651654
3028475,0.7152696470628455
3028476,12.349662049704364
3028477,0.09654412706576868
3028478,2.141522585899207
3028479,2492.2381680773806
3028480,0.03210788614480887
3028481,296.1815028225884
3028482,10.766487139151643
3028483,1156.0567871939597
3028484,541.5465961172104
3028485,257.9128817828133
3028486,178.9381312857338
3028487,65.13350962818694
3028488,3523.446828958123
3028489,5.76229388716463
3028490,0.49514585415911594
3028491,37.42933673282
3028492,23.944132368939123
3028493,0.10993829350440291
3028494,294.9516325954678
3028495,0.3748255401509325
3028496,0.42410049544410994
3028497,15.981750395869883
3028498,63.23308028215247
3028499,2.9054584148674882
3028500,293.9205344926849
3028501,302.7452573728706
3028502,3.068376566537167
3028503,6.306492614867887
3028504,233.46257167376788
3028505,48.91367725501479
3028506,1855.8575551433491
3028507,0.31536121278485596
3028508,3.631831825362368
3028509,3.4880324943661725
3028510,0.35071473268787445
3028511,2.409055768549238
3028512,2260.839836859043
3028513,0.24534291880056974
3028514,413.6078288749476
3028515,6.527546928743056
3028516,845.0492645039961
3028517,528.0595421267656
3028518,204.7141079737649
3028519,100.40458160952491
3028520,64.6333490884958
3028521,4094.4250680461905
3028522,5.097993764753048
3028523,1.115625313673105
3028524,17.459754788767903
3028525,27.26517044184154
3028526,0.4639118552576347
3028527,215.03944569916743
3028528,3.5537017965325752
3028529,2.7029037671912737
3028530,5.291672222401408
3028531,30.50678538325959
3028532,2.8868788995432255
3028533,256.4530333341748
3028534,229.6030865974109
3028535,3.4992478960525473
3028536,5.646369537238225
3028537,153.9475890481965
3028538,37.94177804806003
3028539,569.1977765539493
3028540,1.5979648804672393
3028541,2.470624519871582
3028542,2.600596908461399
3028543,0.0
3028544,1.1919622658913032
3028545,1242.5041554378802
3028546,0.0
3028547,81.0200106098762
3028548,2.0819951685294074
3028549,430.3072623055268
3028550,149.491704862471
3028551,84.40006588436212
3028552,107.64125747737899
3028553,25.135735336812793
3028554,1854.5054239387766
3028555,2.0017022531188475
3028556,0.22271158834311572
3028557,10.045693163362454
3028558,5.096630800491275
3028559,0.0
3028560,105.22601897374128
3028561,0.03336238433384833
3028562,0.18649837781334022
3028563,0.896532295968951
3028564,23.337981282594875
3028565,0.3809793986966277
3028566,185.29820560544997
3028567,95.71218695212643
3028568,0.5434145992435383
3028569,1.7667093504699318
3028570,53.886523592606984
3028571,18.379618105933364
3028572,219.39703361024968
3028573,0.08613733311865049
3028574,0.3825368678299681
3028575,3.509020411343727
3028576,0.0
3028577,1.0477920089883188
3028578,2427.365757929355
3028579,0.009746208436510627
3028580,293.004074855438
3028581,5.215991609795031
3028582,779.4980316419084
3028583,543.4491844757861
3028584,196.57192490180984
3028585,108.25545161298183
3028586,65.77649512291643
3028587,3919.521433128468
3028588,5.820521009786713
3028589,0.485865346062461
3028590,16.779870731786517
3028591,14.263149551869668
3028592,0.13889572467651645
3028593,209.5368645781191
3028594,0.26135830964383344
3028595,6.5385085254202195
3028596,2.004630266514138
3028597,43.82778517032594
3028598,1.3142267573443933
3028599,258.8397043192958
3028600,198.30223593013372
3028601,2.641886820725495
3028602,3.9358121336297236
3028603,145.81509949274547
3028604,57.787124884999656
3028605,964.5054312632096
3028606,0.6964750812733453
3028607,1.1956854916735298
3028608,3.3064453699811325
3028609,0.08787047426152438
3028610,5.0268719128563815
3028611,2514.2661237884718
3028612,0.0977813725885138
3028613,507.92925597650526
3028614,10.3917023218796
3028615,820.9461321859283
3028616,869.973262059318
3028617,167.91384319809228
3028618,141.1636739341207
3028619,138.5544082895816
3028620,3613.1517208285745
3028621,31.480252003501075
3028622,1.0589845875111503
3028623,21.54653765047442
3028624,18.500844507348752
3028625,0.31000112409279323
3028626,207.96035264218023
3028627,15.747308174780667
3028628,17.845303066334328
3028629,3.9290004890753565
3028630,88.20101301657724
3028631,9.694738484514469
3028632,238.78250934542064
3028633,213.03798768395683
3028634,11.967482347880225
3028635,10.778946692461545
3028636,257.27817734185567
3028637,107.30826762936202
3028638,2235.619149972573
3028639,0.6314101659619282
3028640,12.848137055045735
3028641,4.915380116672118
3028642,0.04198844303276928
3028643,5.188563551996204
3028644,2034.5490041246785
3028645,0.03478725815263707
3028646,429.9905767299272
3028647,11.181062804998119
3028648,853.121155580742
3028649,717.4526113964369
3028650,173.01927986281032
3028651,102.82293153542224
3028652,86.54890470301206
3028653,3243.351674297163
3028654,18.808403013541085
3028655,1.00013568861369
3028656,18.963800358713648
3028657,27.360184188670488
3028658,0.23940544201046288
3028659,208.7782956460283
3028660,15.515950554015973
3028661,9.060937584812756
3028662,6.271376486202648
3028663,59.22109336576783
3028664,7.408545725928195
3028665,152.66237922428482
3028666,224.58396650088187
3028667,8.051878697151487
3028668,9.757319992384126
3028669,141.58878805753142
3028670,85.24353620698238
3028671,1271.6173694328163
3028672,0.47731201950611707
3028673,13.84509721478005
3028674,6.424710764063043
3028675,0.21540034030403646
3028676,4.856616436559189
3028677,2752.15842052491
3028678,0.12861164201316364
3028679,467.10118084904923
3028680,9.28248375330426
3028681,1020.9167508311687
3028682,647.582545826695
3028683,211.77579538661578
3028684,184.94242181646794
3028685,63.27933011438323
3028686,4482.789853757129
3028687,19.383345519727534
3028688,1.1189327345464304
3028689,21.468795955628508
3028690,23.312795494389583
3028691,0.3519759610963147
3028692,256.314438744049
3028693,5.953019435153744
3028694,10.837894147358227
3028695,7.515142726142647
3028696,43.47794341008666
3028697,3.403876410655591
3028698,257.99471905971257
3028699,243.9162836285214
3028700,5.496659777211349
3028701,8.600087280104194
3028702,174.5161408563825
3028703,75.12047375317492
3028704,1137.064715000067
3028705,8.055221514529672
3028706,8.812604529707858
3028707,3.152225714125219
3028708,0.002522997918582168
3028709,4.577186961888042
3028710,2278.7468576217498
3028711,0.009431347915118168
3028712,391.2998777552139
3028713,8.381956979728425
3028714,703.2798415399054
3028715,700.5400185254758
3028716,198.20534265899664
3028717,137.47548919443892
3028718,70.7291983885616
3028719,3295.993863864817
3028720,13.541441956292923
3028721,0.765082235711537
3028722,12.468513013471542
3028723,12.36456634023552
3028724,0.1952563150379694
3028725,169.46695365077937
3028726,14.45354391593658
3028727,9.760694444257524
3028728,2.416354136220875
3028729,60.49238843964407
3028730,6.15123696054679
3028731,295.47161341195203
3028732,204.42197143023597
3028733,8.024585576401389
3028734,8.472308278297469
3028735,331.8306788670178
3028736,77.91757798827255
3028737,1568.6544045377173
3028738,0.4265447588149435
3028739,17.323437639675983
3028740,4.077954196491408
3028741,0.19074530250902585
3028742,2.1076810147040033
3028743,3583.817085337214
3028744,0.12038806301912917
3028745,338.907873093843
3028746,7.028755569072148
3028747,1431.0332687123062
3028748,502.5317935492461
3028749,247.73616217796172
3028750,127.32925998735085
3028751,65.01512416270523
3028752,5340.268765353192
3028753,8.388542130958843
3028754,0.6486435164182623
3028755,22.046072653844696
3028756,22.101379170068554
3028757,0.2036958852371862
3028758,301.22092495960976
3028759,0.7613249902866797
3028760,0.7505746027535455
3028761,4.610044921050861
3028762,43.21537399669947
3028763,1.285654222368821
3028764,195.97370729164044
3028765,266.1356792379657
3028766,1.6445325287657615
3028767,5.159082022456621
3028768,140.62393203372503
3028769,56.586965484428966
3028770,954.3588155987336
3028771,0.34957081645377247
3028772,2.8392657675230604
3028773,4.072622149206054
3028774,0.06166682424548434
3028775,3.4304217545895304
3028776,2039.1025700063683
3028777,0.06693487554747793
3028778,400.01342040320617
3028779,10.280694919386226
3028780,802.7469155629873
3028781,567.8730081813732
3028782,184.36341701776897
3028783,102.98147228556002
3028784,94.18914280214405
3028785,3009.955944707407
3028786,19.647914816352326
3028787,0.800181303226137
3028788,17.10516701427396
3028789,21.668662021052626
3028790,0.21912745099981903
3028791,169.0635376322778
3028792,9.138902161595182
3028793,12.093390725868879
3028794,4.713046921724682
3028795,46.38687041491481
3028796,8.066212683977966
3028797,154.00119180686818
3028798,209.1825190691726
3028799,9.257664984629445
3028800,8.37973881496466
3028801,156.44324420519115
3028802,62.12497434260145
3028803,1403.286838512929
3028804,0.6345125638944069
3028805,7.041027500255402
3028806,4.847347726195711
3028807,0.2524173146184274
3028808,3.4692270006539156
3028809,2463.542671134242
3028810,0.24565553794090636
3028811,437.03093828390035
3028812,7.141839927150651
3028813,694.4020180298165
3028814,656.0242184457893
3028815,180.38055953173577
3028816,121.28035505836024
3028817,96.61057270123736
3028818,3296.5525804358685
3028819,26.106007559227173
3028820,1.1514731459586356
3028821,19.36000016796404
3028822,16.10547874005749
3028823,0.523384461043189
3028824,210.7748924446843
3028825,7.024152128350796
3028826,16.20170530226054
3028827,9.79236750603076
3028828,92.07065283566332
3028829,5.094551846467802
3028830,196.1504650173485
3028831,213.0265551761106
3028832,7.452635636961631
3028833,5.106226775051097
3028834,243.09757269760223
3028835,85.74094413596347
3028836,2029.8480669159558
3028837,1.0647464408224678
3028838,17.181320628759504
3028839,4.449703914371735
3028840,0.11919185289087147
3028841,0.8209997006547582
3028842,3145.575994973985
3028843,0.10089168319796897
3028844,308.4299080425901
3028845,5.529176919227602
3028846,979.1442426198025
3028847,467.95059805997647
3028848,251.36277871180047
3028849,128.69973765600938
3028850,43.89179180104881
3028851,4396.734773993912
3028852,4.070724426627079
3028853,0.6308687167021765
3028854,17.607715469071394
3028855,11.364958734884754
3028856,0.1994351997780818
3028857,233.062835315557
3028858,0.23531399845970583
3028859,2.0527461466090404
3028860,2.0813308205706704
3028861,39.082009267456044
3028862,1.662861765065068
3028863,256.43054376189883
3028864,239.38748021213846
3028865,1.8836248489145093
3028866,3.8394669424684174
3028867,156.2752757833152
3028868,50.19624791436969
3028869,621.7993500821341
3028870,0.7440268403618466
3028871,1.0941350812026522
3028872,13.207710712425072
3028873,0.583573367610228
3028874,13.94753352391645
3028875,8034.688893281526
3028876,0.6483184056808673
3028877,1473.4252645895308
3028878,30.529545054810395
3028879,2118.0222848223866
3028880,2353.2350272262292
3028881,566.577177519806
3028882,512.0360077468305
3028883,337.91092062908456
3028884,10141.63423521628
3028885,74.2203953781916
3028886,2.413441334930759
3028887,74.4840223447183
3028888,88.42977054808432
3028889,1.0923682360777682
3028890,479.07120745405723
3028891,43.85800092989119
3028892,24.73527491810894
3028893,27.131591497875945
3028894,246.82758482143637
3028895,19.706877524955978
3028896,858.919155480001
3028897,568.6090029763513
3028898,28.64211864497596
3028899,30.16321567451297
3028900,1079.7665649782741
3028901,376.75652549407766
3028902,5519.541367534279
3028903,94.65543973061162
3028904,82.03090687946354
3028905,10.169061552334101
3028906,0.20878353734713356
3028907,10.66956034042485
3028908,7345.890875211
3028909,0.3032970328983863
3028910,1213.50753188287
3028911,25.70159016631315
3028912,2101.05486810224
3028913,1982.5612045584073
3028914,598.3216439264024
3028915,327.7004340833777
3028916,313.40930995798544
3028917,10352.996515958666
3028918,63.080713847893485
3028919,1.1415795441760292
3028920,47.311666659080146
3028921,71.33529905814059
3028922,0.7190745530383822
3028923,463.4667723282717
3028924,35.47343151942303
3028925,24.816400835712326
3028926,12.236449826148668
3028927,183.73487475783742
3028928,14.059981755882175
3028929,876.4058185265969
3028930,601.2236991924874
3028931,23.66507538402943
3028932,23.41404508483192
3028933,918.6459362984849
3028934,288.4365186376396
3028935,4548.278290895503
3028936,79.48951424302442
3028937,64.10119715908684
3028938,9.83377635831295
3028939,0.1374023055694696
3028940,11.700838277657292
3028941,4925.972150588345
3028942,0.19542580636713153
3028943,859.1212507717813
3028944,17.231531082993484
3028945,1808.1128021000561
3028946,1358.1213500939812
3028947,550.9066739292557
3028948,154.48081972952568
3028949,157.26349076070395
3028950,8082.547253386805
3028951,35.74192434470145
3028952,1.0145218219059524
3028953,29.95083940375603
3028954,40.683345711345346
3028955,0.547971329028859
3028956,370.25658900831604
3028957,33.97638976644324
3028958,13.522642061041982
3028959,9.281733362044761
3028960,97.78261792211734
3028961,9.748488391037842
3028962,756.2065294544958
3028963,559.3960228645002
3028964,18.21084800876144
3028965,17.76898572776571
3028966,709.2684373616692
3028967,137.02177366027783
3028968,1837.0488346441346
3028969,77.1191682118074
3028970,37.1160196694981
3028971,10.433080374946863
3028972,0.2180294128249292
3028973,12.895188987151226
3028974,7084.149413728368
3028975,0.30822946871420753
3028976,1187.240915314
3028977,22.953980824354943
3028978,2046.4789954100568
3028979,1927.6584208679092
3028980,585.1037776643582
3028981,283.6470225567424
3028982,228.25813489514962
3028983,10272.756941400614
3028984,55.96770663549914
3028985,1.3466029547800025
3028986,48.24245717598782
3028987,67.13891858640399
3028988,0.7295656770485377
3028989,433.43168516190076
3028990,37.955151941374204
3028991,22.78671697314584
3028992,8.873190082096139
3028993,132.97859561299268
3028994,12.670193964316214
3028995,754.9514330890225
3028996,658.8277468011623
3028997,22.714376014185845
3028998,23.145025323599512
3028999,808.2036510402685
3029000,234.67911174595685
3029001,3666.720212461665
3029002,77.33346388178487
3029003,60.98331117282048
3029004,7.789888422459658
3029005,0.0
3029006,8.874344852468491
3029007,4064.538640741645
3029008,0.011672627842814974
3029009,736.2108547414628
3029010,15.833166108325555
3029011,1711.668471386574
3029012,1026.852244374139
3029013,478.6263416846608
3029014,113.43618726903475
3029015,107.83967634910277
3029016,7125.449153637261
3029017,29.977417090844586
3029018,0.7607851963483708
3029019,26.733726789025166
3029020,32.24342313210411
3029021,0.2850505097871233
3029022,290.49584010613444
3029023,28.930713462404768
3029024,7.784684198089696
3029025,5.885296068478626
3029026,69.39036970839454
3029027,6.1261768445933935
3029028,627.055450312278
3029029,489.7979272084294
3029030,13.27766951640251
3029031,15.231744117754886
3029032,564.2914309975735
3029033,101.75153965920015
3029034,1413.1797008525293
3029035,73.86330806286817
3029036,21.814641157709517
3029037,9.282385336264598
3029038,0.17721425922738698
3029039,9.5659789101548
3029040,6799.024544109088
3029041,0.2607008699765009
3029042,1156.832478307537
3029043,26.047336992184484
3029044,1644.6709506595653
3029045,2057.6637275547987
3029046,414.28926425603214
3029047,353.5809926844504
3029048,285.58971934800815
3029049,8355.520098615822
3029050,56.462374162815934
3029051,1.2800936534884082
3029052,45.870841299715316
3029053,51.07904306326142
3029054,0.6352770375413443
3029055,337.7933097857052
3029056,30.276238822431925
3029057,27.63319319282493
3029058,10.771099546430829
3029059,166.32008847570233
3029060,15.046714886327514
3029061,630.1491286228232
3029062,446.9270313618109
3029063,22.41918316896991
3029064,24.7094847774962
3029065,753.7273483933423
3029066,262.8643827368742
3029067,5768.576622738005
3029068,66.43949414148435
3029069,68.52823626520154
3029070,4.69420854835935
3029071,0.15986255783658906
3029072,3.595262402967889
3029073,1750.0614226918747
3029074,0.14089846194439642
3029075,303.4161822992789
3029076,13.793623248423518
3029077,705.9922762054306
3029078,485.0332398606645
3029079,198.60034682325468
3029080,106.56639769023423
3029081,95.12701565922846
3029082,2831.182792449538
3029083,16.54584852734402
3029084,0.91049979578863
3029085,18.28839535015085
3029086,23.948548668505413
3029087,0.35546228100493604
3029088,126.68967351472342
3029089,9.803800160120751
3029090,4.928395513216243
3029091,8.229884360262501
3029092,48.021270110482696
3029093,5.640818771499762
3029094,230.28237770720284
3029095,201.09681778052928
3029096,4.675609852945635
3029097,9.34708972141991
3029098,213.3624720413526
3029099,70.88332897602186
3029100,983.1936200347212
3029101,0.5419333471037199
3029102,11.76201084369449
3029103,7.687457853924971
3029104,0.09156748363273842
3029105,5.102013959171748
3029106,3668.8327582273373
3029107,0.0916835663140293
3029108,598.0769859833711
3029109,19.09613271914786
3029110,1276.555780164085
3029111,907.9911976718092
3029112,380.7664319682632
3029113,99.03569759406199
3029114,119.5600316608751
3029115,5474.262127110078
3029116,33.507756449519135
3029117,0.9220190156291425
3029118,37.896518739043465
3029119,43.972432785536284
3029120,0.3162762532100436
3029121,259.1276654726084
3029122,24.76172821897842
3029123,9.733732773335353
3029124,3.8833006151047886
3029125,80.65403649462544
3029126,7.7838560441763525
3029127,445.6285788500532
3029128,413.3286654420372
3029129,11.834470369438328
3029130,15.956161816160225
3029131,374.9373816761256
3029132,104.98637956248864
3029133,1630.2023281991355
3029134,69.3668674516872
3029135,21.259135947095864
3029136,6.44230162464314
3029137,0.0932098896756405
3029138,4.1919240232439785
3029139,4433.916812967243
3029140,0.18276754901532197
3029141,813.5598446511641
3029142,13.844513357569761
3029143,1032.6644074644805
3029144,1318.4608591528831
3029145,241.6528797872956
3029146,244.5026548282155
3029147,180.83257649233383
3029148,5425.548822325305
3029149,20.77327463145975
3029150,1.0952655727987508
3029151,23.5987315275925
3029152,32.393833935883954
3029153,0.5297164098183031
3029154,142.741467595757
3029155,3.820864581049955
3029156,20.188245663872415
3029157,4.024481811558225
3029158,129.37022096444036
3029159,10.206255037168692
3029160,549.6998289132707
3029161,278.09857810907357
3029162,14.638524134347753
3029163,10.836983534562554
3029164,608.721123831464
3029165,143.95208844653803
3029166,4223.525148584607
3029167,1.629212727389275
3029168,30.094145106123143
3029169,7.138139803848537
3029170,0.8030940608988762
3029171,3.4532831791428196
3029172,3549.8125282274477
3029173,0.8325785186202275
3029174,784.9847075965343
3029175,14.258257126437186
3029176,1065.65538086233
3029177,1084.963885972722
3029178,379.69057190856154
3029179,186.6181286545381
3029180,226.14681480850686
3029181,6099.888847610462
3029182,11.210099871479486
3029183,1.9809842301786695
3029184,13.995219241805081
3029185,31.1010715051116
3029186,1.2275920039163983
3029187,179.2066180493818
3029188,4.908651441944908
3029189,7.035930819862188
3029190,5.893897138909104
3029191,161.12107597847572
3029192,4.605512534217297
3029193,326.49575008340065
3029194,418.5686858401465
3029195,5.670016600709056
3029196,8.12164534029553
3029197,300.19401837195085
3029198,137.2453583795671
3029199,1849.3421074899945
3029200,1.9095049770437016
3029201,13.113684440794172
3029202,5.787670844908683
3029203,0.07855737658780151
3029204,3.1926897722886447
3029205,2154.318069289617
3029206,0.053530655583022446
3029207,368.6668984543012
3029208,9.073019741349993
3029209,841.2406011591065
3029210,525.2909745180791
3029211,212.63576129940574
3029212,104.40357581539871
3029213,97.86196907269148
3029214,2929.0507999831552
3029215,16.05636393874226
3029216,0.9067354158021345
3029217,19.41197613745205
3029218,26.46103772099559
3029219,0.23676504248952085
3029220,213.40214361894897
3029221,3.7196325469715013
3029222,4.712489195212329
3029223,3.9924233927787474
3029224,70.0513576575422
3029225,4.490259077066302
3029226,190.96089454906019
3029227,221.82989676101886
3029228,5.7167611854345655
3029229,7.560146797625601
3029230,197.31102875850422
3029231,75.05595451645947
3029232,1852.9889668531237
3029233,0.7960485448001148
3029234,5.758835213114047
3029235,3.8480982242730493
3029236,0.01843872371254992
3029237,0.5121216443179862
3029238,1713.861281027996
3029239,0.0
3029240,177.87835083025396
3029241,3.393911129733675
3029242,758.3878654910711
3029243,222.48637954676607
3029244,166.00223481408744
3029245,63.11123186429289
3029246,33.25678496459476
3029247,2855.1376812833996
3029248,4.748310732297777
3029249,0.38306838015442257
3029250,11.53313972015119
3029251,12.414928731137824
3029252,0.05451493905563718
3029253,181.10980212556328
3029254,0.26156497020083513
3029255,0.28649449983171504
3029256,2.0054455122522725
3029257,20.7960665445464
3029258,0.6404696306145474
3029259,90.56549332721151
3029260,153.26899568638137
3029261,0.5412479285345938
3029262,2.574651032438969
3029263,51.17881216705979
3029264,33.45241209832063
3029265,396.783243686083
3029266,0.21378653316019777
3029267,0.9513660402456869
3029268,4.754666119459392
3029269,0.002959468000926893
3029270,5.916712290884462
3029271,3306.1310666671334
3029272,0.029919624253895313
3029273,526.2159839161908
3029274,13.453009558843545
3029275,986.6727973488645
3029276,896.9796215852948
3029277,272.088781918087
3029278,164.37962586021945
3029279,114.95268632779413
3029280,4510.61420711045
3029281,28.507764907178654
3029282,0.7605854200399131
3029283,20.80802450274016
3029284,40.16723098716342
3029285,0.2414515981342284
3029286,210.16311257045538
3029287,18.02541084747781
3029288,9.21564502420694
3029289,7.161400317389509
3029290,74.44420398998723
3029291,6.267382365073838
3029292,415.8949559335188
3029293,277.43589862199786
3029294,8.31972470495658
3029295,11.309571868359402
3029296,475.8838657385627
3029297,109.20431345624112
3029298,1891.5217699414557
3029299,0.3394297401717572
3029300,31.20050776112687
3029301,4.033592956931983
3029302,0.12469787560162558
3029303,5.963985720491877
3029304,3993.5932613727045
3029305,0.19520470522612388
3029306,697.006180110275
3029307,14.665776882259925
3029308,984.1054445263652
3029309,1255.1853940042433
3029310,208.20871054236144
3029311,250.83655225172413
3029312,180.3491608566417
3029313,4289.379001268368
3029314,30.268806560183343
3029315,1.2603590915517626
3029316,22.723245209362588
3029317,30.13145493292685
3029318,0.46118457849226596
3029319,149.99178092927784
3029320,11.004047764252434
3029321,26.25506695578423
3029322,5.837622929844308
3029323,133.1732349741774
3029324,10.622262544013285
3029325,478.58382358084305
3029326,252.7276959053338
3029327,11.701395535874846
3029328,11.377600144349671
3029329,535.7275547016075
3029330,166.9443389724411
3029331,3736.975712553962
3029332,0.6504175857806993
3029333,42.95784620410981
3029334,5.332718807571723
3029335,0.2544057458952558
3029336,8.435742395235112
3029337,4150.589089167912
3029338,0.2851260780439946
3029339,732.5577434305512
3029340,18.765438827632803
3029341,1023.2040141602439
3029342,1296.142066886559
3029343,277.817072400722
3029344,255.59903692597632
3029345,144.92251552228535
3029346,5450.544238503419
3029347,36.58983514931748
3029348,1.5492964575166006
3029349,33.343410816187124
3029350,42.09712606595682
3029351,0.6068662043096231
3029352,243.54838463014005
3029353,25.818767438651363
3029354,23.829101941419133
3029355,15.136471902785447
3029356,116.90992395937315
3029357,13.21642271330923
3029358,422.8792074841066
3029359,297.436916448886
3029360,15.178422758085045
3029361,17.48923635574266
3029362,507.1805477901707
3029363,168.43715629276323
3029364,3678.1043324365555
3029365,0.8727469641695291
3029366,45.5272014621637
3029367,8.485388806975658
3029368,0.26184448551266415
3029369,6.191180745804908
3029370,3211.312551961454
3029371,0.1479599566222919
3029372,496.165816856608
3029373,11.602282104068788
3029374,1372.7437249078453
3029375,751.9335185712366
3029376,447.22546202952543
3029377,137.4000467916558
3029378,74.39883111506988
3029379,6011.472311148549
3029380,10.724163749662438
3029381,1.1474348145169506
3029382,24.248794597789036
3029383,31.525837094167223
3029384,0.3829590345056566
3029385,339.54099120183577
3029386,10.886913759213016
3029387,4.190619684785598
3029388,8.900888019435177
3029389,32.19002695984851
3029390,3.5032091506633725
3029391,532.5677365533273
3029392,383.5889171132759
3029393,5.354707322406464
3029394,11.456454865874926
3029395,309.7755601289439
3029396,76.02460560094332
3029397,1042.3061107241235
3029398,48.04355455116422
3029399,11.89119797697964
